-	-
--	--
-15	-15
-57	-57
-95	-95
-aihe	-aiheeseen
-akseli	-akselia
-alus	-aluksessa
-asetelma	-asetelma
-asetus	-asetusta
-auto	-autoa
-auto	-autossa
-elokuva	-elokuvan
-elokuva	-elokuvat
-elämä	-elämää
-hanke	-hankkeeseen
-hattu	-hattua
-henkilöauto	-henkilöautoon
-henkinen	-henkinen
-isä	-isät
-ketju	-ketjusta
-kisa	-kisaamme
-kortteli	-korttelilla
-kulttuurinen	-kulttuurinen
-lehti	-lehden
-levy	-levylle
-lippu	-lippu
-maailma	-maailma
-majatalo	-majataloja
-malli	-mallin
-mallisarja	-mallisarjan
-meklari	-meklarista
-merkkinen	-merkkisellä
-mitali	-mitali
-myymälä	-myymälöissä
-näyttely	-näyttelyssä
-ohjelma	-ohjelman
-projekti	-projektin
-ralli	-rallin
-rengas	-renkaat
-riippumaton	-riippumattomien
-ryhmä	-ryhmän
-rätti	-rätti
-salkku	-salkkujen
-sarja	-sarjassa
-sopimus	-sopimus
-taito	-taidot
-taitoisuus	-taitoisuuden
-tapahtuma	-tapahtuman
-toistolaite	-toistolaitteet
-tulos	-tulokset
-tutkielma	-tutkielmalle
-vainaja	-vainajaa
-valmentaja	-valmentajat
-vauhti	-vauhtia
-voimala	-voimaloidenkaan
,	,
;	;
:	:
!	!
!!	!!
!!!	!!!
!?	!?
!?!??	!?!??
?	?
.	.
...	...
"	"
(	(
)	)
§	§:ssä
@	@
*	*
/	/
&	&
%	%
´	´
+	+
0-1	0-1
0,21	0,21
01.11.1996	01.11.1996
05.50	05.50
08-alue	08-alueelta
1	1
1	1:n
1_200	1_200
1_540	1_540
1_600	1_600
1-1	1-1
1-2	1-2
1-5	1-5
1,1	1,1
1,5	1,5
1,58	1,58:n
1,8	1,8
1,9	1,9
1.	1.
1.15	1.15
1.2.	1.2.
1.30	1.30
1.4.1996	1.4.1996
1.5.	1.5.
1.7.-31.12.1995	1.7.-31.12.1995
1/8	1/8
1/96	1/96
10	10
10_000	10_000
10-	10-
10-20	10-20
10-vuotias	10-vuotias
10,13	10,13
10,20	10,20
10.	10.
10.01.1997	10.01.1997
10.10	10.10
10.4.	10.4.
100	100
100_000	100_000
100-	100-
100-äänikertainen	100-äänikertaiset
1000	1000
11	11
11	11:nteen
11-12	11-12
11.30	11.30
110	110
12	12
12	12:een
12	12:lla
12_000	12_000
12-13	12-13
12-kerroksinen	12-kerroksiset
12-vuotias	12-vuotiaat
12-vuotias	12-vuotias
12.	12.
12.3.	12.3.
120	120
1200	1200
122	122
124	124:n
125	125
125000	125000
127	127
13	13
13	13:n
13	13:ssa
13.	13.
13.3	13.3
130	130
130_000	130_000
130-vuotisjuhla	130-vuotisjuhla
1330	1330:een
135	135
14	14
14-vuotias	14-vuotiailta
14-vuotias	14-vuotias
14,4	14,4
14,8	14,8
14.2.1994	14.2.1994
14.22	14.22
145	145
1468	1468
1480	1480
15	15
15_000	15_000
15-12	15-12
15-16	15-16
15-prosenttinen	15-prosenttiseksi
15-vuotias	15-vuotiaaksi
15-vuotias	15-vuotias
15.01	15.01
150	150
150-	150-
1500	1500
1500-luku	1500-luvulla
15000	15000
1550	1550
1573	1573
16	16
16_000	16_000
16-vuotias	16-vuotiaita
16-vuotias	16-vuotias
16.08	16.08
16.17	16.17
160	160
16206	16206
1627	1627
1655	1655
1679	1679
17	17
17-vuotias	17-vuotiaana
17-vuotias	17-vuotias
17,6	17,6
17.	17.
170_837	170_837
170-180	170-180
1700	1700
1700-luku	1700-luvulla
1700-luku	1700-luvun
1739	1739
175-senttinen	175-senttinen
176	176
1775-83	1775-83
18	18
18_000	18_000
18-28	18-28
18-vuotias	18-vuotiaana
18-vuotias	18-vuotiailta
18-vuotias	18-vuotias
18.8.	18.8.
180	180
1800-luku	1800-luvulta
1800-luku	1800-luvun
1819	1819
1847	1847
186	186
1869	1869
1870	1870
1870-luku	1870-luvulla
1890	1890
19	19
19,9	19,9
19.	19.
19.7.	19.7.
19.9.1944	19.9.1944
1900-	1900-
1900-luku	1900-luvulta
1900-luku	1900-luvun
1907	1907
1909	1909
191	191
1914	1914
1917	1917
1920	1920
1920-luku	1920-luvulla
1925	1925
1926	1926
1928	1928
1929	1929
1930	1930
1930-	1930-
1930-luku	1930-lukua
1930-luku	1930-luvulla
1930-luku	1930-luvulta
1932	1932
1934	1934
1936	1936
1937	1937
1940-luku	1940-luvun
1942	1942
1943	1943
1944	1944
1945	1945
1946	1946
1947	1947
1947-56	1947-56
1948	1948
1949	1949
1950-luku	1950-luvulla
1953	1953
1953-71	1953-71
1956	1956
1958	1958
1960-luku	1960-luvulla
1960-luku	1960-luvulta
1960-luku	1960-luvun
1962	1962
1963	1963
1964	1964
1965	1965
1966	1966
1967	1967
1970	1970
1970-luku	1970-luvulla
1970-luku	1970-luvulta
1970-luku	1970-luvun
1971	1971
1972	1972
1974	1974
1975	1975
1976	1976
1977	1977
1977-1991	1977-1991
1978	1978
1979	1979
1980	1980
1980-luku	1980-luvulla
1980-luku	1980-luvulta
1980-luku	1980-luvun
1981	1981
1983	1983
1984	1984
1985	1985
1985-1995	1985-1995
1986	1986
1987	1987
1988	1988
1989	1989
1990	1990
1990-luku	1990-luvulla
1990-luku	1990-luvulle
1990-luku	1990-luvun
1991	1991
1991-93	1991-93
1992	1992
1993	1993
1993-1994	1993-1994
1994	1994
1995	1995
1996	1996
1997	1997
1998	1998
2	2
2	2:aan
2	2:lla
2	2:n
2	2:ssa
2_000	2_000
2_400	2_400
2_500	2_500
2_800	2_800
2-1	2-1
2,4	2,4
2,5	2,5
2,6	2,6
2.	2.
20	20
20	20:n
20_000	20_000
20-	20-
20-25	20-25
20-26	20-26
20-luku	20-luvun
20-vuotias	20-vuotiaat
20-vuotias	20-vuotias
20,30	20,30
20.8.1997	20.8.1997
200	200
200	200:aa
200_000	200_000
2000	2000
2000-luku	2000-luvulle
2000-luku	2000-luvun
20000	20000
2002	2002
2003	2003
2005	2005
2008	2008
2025	2025
2030	2030
2030-luku	2030-luvulle
205	205:tä
207-senttinen	207-senttinen
21	21
21.	21.
21.14	21.14
215	215
22	22
22	22:n
22-vuotias	22-vuotias
22.-23.	22.-23.
22.10.	22.10.
220	220
224	224
23	23
23-12	23-12
23.4.	23.4.
24	24
24-vuotissyntymäpäivä	24-vuotissyntymäpäiväänsä
24.8.1997	24.8.1997
25	25
25-30_000	25-30_000
25-vuotias	25-vuotias
25.	25.
250	250
250_000	250_000
2500	2500
25000	25000
26	26
26-	26-
26.	26.
26.7.	26.7.
2600	2600:aan
261	261
27	27
27	27:ssä
27-vuotias	27-vuotias
270	270
270-280	270-280
2700	2700
273_000	273_000
28	28
28-vuotias	28-vuotias
28.	28.
28.5.1975	28.5.1975
280	280
28300	28300
28v	28v
29	29
29	29:ssä
29.	29.
29.03,81	29.03,81
2b	2b:ssä
2h	2h
3	3
3	3:n
3_000	3_000
3-0	3-0
3-1	3-1
3-4	3-4
3-5	3-5
3-vuotias	3-vuotiaiden
3,5	3,5
3,50-3,65	3,50-3,65
3,6	3,6
3,75	3,75
3,9	3,9
3,95	3,95
3.	3.
3.x	3.x:lle
30	30
30_000	30_000
30-35v	30-35v
30-65-vuotias	30-65-vuotiaita
30-henkinen	30-henkisen
30-luku	30-luvulla
30-vuotias	30-vuotiaaksi
30-vuotias	30-vuotias
30.	30.
30.9.-2.10	30.9.-2.10.
300	300
300_000	300_000
300-400	300-400
300-400	300-400:sta
3000	3000
30000	30000
300000	300000
304	304
31	31
31	31:stä
31.8.	31.8.
315	315
32	32
32	32:sta
32-36	32-36
32-senttinen	32-senttiset
33	33
33_000	33_000
33-vuotias	33-vuotiaana
35	35
35-95	35-95
350	350
350-vuotisjuhla	350-vuotisjuhlien
36	36
36,5	36,5
360	360
37	37
37-vuotias	37-vuotias
37,5	37,5:een
37.	37.
370	370
3700	3700
37455	37455
38	38
39	39
39,22	39,22
4	4
4_000	4_000
4_600	4_600
4-1	4-1
4-16-vuotias	4-16-vuotiaat
4-5	4-5
4-5-kiloinen	4-5-kiloiset
4-vuotias	4-vuotiaille
4,5	4,5
4,6	4,6
4,9	4,9
4.	4.
4.17	4.17
4×200	4×200
40	40
40	40:lle
40-50-vuotias	40-50-vuotiaat
40-60-vuotias	40-60-vuotiaita
40-sivuinen	40-sivuinen
40-vuotias	40-vuotiaat
400	400
400-paikkainen	400-paikkainen
40000	40000
405	405:n
41_302	41_302
42	42
42	42:een
44	44
44	44:ään
45	45
450	450
46	46
47	47
480	480
49	49
49-5	49-5
5	5
5	5:llä
5_000	5_000
5,11	5,11
5,18	5,18:een
5,33	5,33:ssa
5,5	5,5
5.	5.
5.9.1950	5.9.1950
5/2002	5/2002
50	50
50_000	50_000
50-	50-
50-luku	50-luvulla
50-vuotias	50-vuotiaiden
50-vuotisjuhla	50-vuotisjuhliaan
50-vuotispäivä	50-vuotispäiviään
500	500
500	500:n
500_000	500_000
5000	5000
5000	5000:n
52	52
53.	53.
54	54
54-vuotias	54-vuotias
544	544
550	550
56	56
56000	56000
57	57
57-vuotias	57-vuotias
58	58
58-vuotias	58-vuotiaina
59	59
590_000	590_000
6	6
6	6:een
6_000	6_000
6_000	6_000:n
6-	6-
6-3	6-3
6-vuotias	6-vuotiaana
6-vuotias	6-vuotiaat
6.28	6.28
6.30	6.30
6.48	6.48
60	60
60-80	60-80
60-luku	60-luvuilla
60-luku	60-luvulla
60-luku	60-luvun
60-vuotias	60-vuotias
600	600
600-vuotinen	600-vuotinen
6000	6000
60000	60000
608	608
62	62
62-63	62-63
64	64
65	65
65_000	65_000
65-vuotias	65-vuotiaat
650	650
67000	67000
680	680
690c	690c
7	7
7,5	7,5:n
7.	7.
7.-8.7.1989	7.-8.7.1989
7.15	7.15
7.7.1994	7.7.1994
70	70
70-	70-
70-80	70-80
70-90	70-90
70-luku	70-luvulla
70-luku	70-luvulta
70-luku	70-luvun
70,00%	70,00%
700	700
7000	7000
70000	70000
703	703
71-vuotias	71-vuotias
72,5	72,5
73	73
748	748
75	75:llä
75-prosenttinen	75-prosenttinen
75-prosenttisesti	75-prosenttisesti
750	750
76	76
761	761:stä
78	78
78,64	78,64
8	8
8-	8-
8-10	8-10
8-16	8-16
8,5	8,5
8,8	8,8
8.30	8.30
80	80
80_000	80_000
80-100	80-100
80-90	80-90
80-kiloinen	80-kiloinen
80-luku	80-luku
80-luku	80-luvuilla
80-luku	80-luvulla
80-luku	80-luvun
80-metri	80-metrin
800	800
8000	8000
81	81
83_339	83_339
85	85
85,54	85,54
86	86
86-vuotias	86-vuotiaana
86,5	86,5
88-vuotias	88-vuotias
890_000	890_000
9	9
9_000	9_000
9-10	9-10
9-17	9-17
9-vuotias	9-vuotiasta
9,5	9,5
9,96	9,96
9.	9.
9.10.	9.10.
9.15	9.15
9.50	9.50
9/1993	9/1993
9/40	9/40
90	90
90-luku	90-luvun
900	900
900-1000-luku	900-1000-luvuilla
900-sarja	900-sarjansa
9000	9000
905	905
91	91
92	92
93	93
94_227	94_227
942-7171_200	942-7171_200
95	95
95	95:lle
95	95:n
95-vuotias	95-vuotiaaksi
950	950
95000	95000
96	96
960	960:n
98,5-prosenttisesti	98,5-prosenttisesti
99	99
996	996
a	a
a	a:n
a-	a-
a-ha-yhtye	a-ha-yhtyeellä
a-nelonen	a-nelosen
a-poika	a-poikien
a-rappu	a-rapun
a-tyyppi	a-tyyppi
a.	a.
a.kriger	a.krigerille
a4-kokoinen	a4-kokoista
aa	aa
aa-tulevaisuus	aa-tulevaisuutta
aaihjaihjaijjaijjaiai	aaihjaihjaijjaijjaiai
aalto	aallon
aalto	aallot
aalto	aalto
aaltonen	aaltonen
aaltonen	aaltosen
aamiainen	aamiainen
aamiainen	aamiaisella
aamiainen	aamiaisen
aamiainen	aamiaiset
aamiainen	aamiaista
aamiaispaikka	aamiaispaikka
aamu	aamu
aamu	aamua
aamu	aamuin
aamu	aamuja
aamu	aamulla
aamu	aamun
aamu	aamuna
aamu	aamusta
aamu	aamut
aamu	aamuun
aamu-	aamu-
aamuhartaus	aamuhartauksen
aamuisin	aamuisin
aamujuna	aamujunassa
aamukahvi	aamukahvia
aamukaksi	aamukahteen
aamukala	aamukalasta
aamukuusi	aamukuudeksi
aamulehti	aamulehden
aamulehti	aamulehdessä
aamulääke	aamulääkkeiden
aamupala	aamupalalla
aamupesu	aamupesulle
aamupuoli	aamupualen
aamupäivä	aamupäivällä
aamupäivä	aamupäivää
aamutakki	aamutakin
aamutohveli	aamutohvelit
aamutuimaan	aamutuimaan
aamutunnelma	aamutunnelmissa
aamuviisi	aamuviideltä
aamuyö	aamuyöllä
aamuyö	aamuyön
aamuärtymys	aamuärtymystä
aapo	aapo
aarne	aarne
aaro	aaro
aaro	aaron
aarre	aarre
aarre	aarteen
aarre	aarteitani
aarreaitta	aarreaitta
aasi	aaseja
aasi	aasin
aasia	aasia
aasia	aasiassa
aasialainen	aasialaisia
aatami	aatami
aate	aatteet
aateli	aatelia
aatesuunta	aatesuuntaa
aatonaatto	aatonaatto
aatonaatto	aatonaattona
aatteellinen	aatteellisilla
aatteellisesti	aatteellisesti
aatteellisuus	aatteellisuus
aatto	aattona
aatto	aattoon
aattoateria	aattoateria
aatu	aatuna
aave	aave
aave	aaveen
aavikko	aavikoiden
aavikkogolf	aavikkogolfiin
ab	ab
ab	ab:n
abba	abbaa
abba	abban
abba-kuume	abba-kuumeen
abc	abc
abc-lehti	abc-lehti
abdi	abdi
abdullahi	abdullahi
abortti	aborttiin
absoluuttinen	absoluuttista
ace	ace
acerb	acerbin
adagio	adagion
adek	adek
aden	adenissa
adjani	adjani
adjutantti	adjutanteista
admira	admira
adolf	adolf
adoptiovanhempi	adoptiovanhemmiksi
adoptiovanhempi	adoptiovanhemmista
adoptoida	adoptoimalla
adtranz	adtranzin
adverbiaali	adverbiaalit
aebersold	aebersoldin
aerobic	aerobiceillä
aerodynaaminen	aerodynaaminen
aerodynaaminen	aerodynaamisella
afganistan	afganistaniin
afganistan	afganistanin
afrikan-matka	afrikan-matka
afrikka	afrikan
afrikka	afrikasta
afrikka	afrikka
afrikkalaisnainen	afrikkalaisnaiset
afrodite	afrodite
agadir	agadirissa
agents-yhteistyö	agents-yhteistyön
agentti	agenttia
aggressiivinen	aggressiivinen
aggressiivinen	aggressiiviseksikin
aggressiivinen	aggressiivisetkin
aggressiivisuus	aggressiivisuutta
agnes-täti	agnes-täti
agronomi	agronomi
ah	ah
aha	aha
ahaa	ahaa
ahah	ahah
ahdas	ahtaalle
ahdas	ahtaammalle
ahdas	ahtaan
ahdas	ahtaastakin
ahdas	ahtaat
ahdas	ahtain
ahdas	ahtaissa
ahdinko	ahdingosta
ahdistaa	ahdistavan
ahdistaa	ahdisti
ahdistava	ahdistava
ahdistella	ahdistelluksi
ahdistua	ahdistunut
ahdistus	ahdistuksesta
ahdistus	ahdistus
ahkera	ahkera
ahkera	ahkerampia
ahkera	ahkerana
ahkerammin	ahkerammin
ahkerasti	ahkerasti
ahlmannintielle	ahlmannintielle
ahlström	ahlström
ahma	ahma
ahmia	ahmii
ahmia	ahmivat
ahne	ahne
ahne	ahneella
ahneesti	ahneesti
ahneus	ahneuksissaan
ahneus	ahneus
ahneus	ahneuteen
ahneus	ahneutta
aho	aho
aho	ahon
ahola	ahola
ahonen	ahonen
ahonen	ahosen
ahonen	ahosta
ahtaa	ahdettu
ahtaalla	ahtaalla
ahtaasti	ahtaasti
ahtaus	ahtaudenkin
ahtisaari	ahtisaarella
ahtisaari	ahtisaarelle
ahtisaari	ahtisaarelta
ahtisaari	ahtisaaren
ahtisaari	ahtisaari
ahtisaari	ahtisaarta
ahtisaari	ahtisaarten
ahven	ahventa
ahvenanmaa	ahvenanmaalla
ahvenanmaa	ahvenanmaalta
ahvenanmaa	ahvenanmaan
ahvenanmaa	ahvenanmaasta
ahvenanmaalainen	ahvenanmaalainen
ahvenlahti	ahvenlahti
ahvo	ahvon
ai	ai
aidosti	aidosti
aids	aidsin
aids-virus	aids-virus
aie	aikeista
aie	aikeistani
aiemmin	aiemmin
aiempi	aiemmasta
aiempi	aiempia
aiempi	aiempien
aiempi	aiempina
aihe	aihe
aihe	aiheen
aihe	aiheena
aihe	aiheesta
aihe	aiheet
aihe	aiheetta
aihe	aiheita
aihe	aihetta
aihealue	aihealue
aiheellinen	aiheellinen
aiheeton	aiheettomia
aiheeton	aiheettomiksi
aiheuttaa	aiheuta
aiheuttaa	aiheuttaa
aiheuttaa	aiheuttama
aiheuttaa	aiheuttamaa
aiheuttaa	aiheuttaman
aiheuttaa	aiheuttamasta
aiheuttaa	aiheuttamat
aiheuttaa	aiheuttamattomat
aiheuttaa	aiheuttamia
aiheuttaa	aiheuttaneet
aiheuttaa	aiheuttanu
aiheuttaa	aiheuttanut
aiheuttaa	aiheuttavat
aiheuttaa	aiheuttavia
aiheuttaa	aiheutti
aiheuttaja	aiheuttajaksi
aiheutua	aiheutuivat
aiheutua	aiheutunut
aiheutua	aiheutuu
aiheutua	aiheutuva
aiheutua	aiheutuvat
aiheutua	aiheutuvien
aijai	aijai
aik-	aik-
aika	aekaan
aika	aika
aika	aikaa
aika	aikaakaan
aika	aikaan
aika	aikaani
aika	aikaansa
aika	aikakin
aika	aikamme
aika	aikana
aika	aikanaan
aika	aikani
aika	aikansa
aika	aikka
aika	aikkaav
aika	aikoihin
aika	aikoina
aika	aikoja
aika	aikojaan
aika	aikojen
aika	ajaksi
aika	ajalla
aika	ajalta
aika	ajan
aika	ajassa
aika	ajasta
aika	ajastaan
aika	ajat
aika	ajoin
aika	ajoista
aikaan	aikaa
aikaan	aikaan
aikaansaada	aikaansaa
aikaansaada	aikaansaada
aikaansaada	aikaansaamaa
aikaansaaminen	aikaansaamiseksi
aikaihminen	aikaihminen
aikailla	aikaillut
aikainen	aikainen
aikainen	aikaisemmat
aikainen	aikaisemmista
aikainen	aikaisempaa
aikainen	aikaisempaakin
aikainen	aikaisempia
aikainen	aikaisempiin
aikainen	aikaista
aikaiseksi	aikaiseksi
aikaisemmin	aikaisemmin
aikaisemmin	aikasemmin
aikaisin	aikaisin
aikaisin	aikaseen
aikakausi	aikakaudesta
aikakausi	aikakausien
aikakausi	aikakauteen
aikakausi	aikakautta
aikakauslehti	aikakauslehti
aikakauslehti	aikakauslehtiin
aikamies	aikamies
aikamoinen	aikamoinen
aikamoinen	aikamoiset
aikamoinen	aikamoisia
aikana	aikana
aikana	aikanamme
aikanaan	aikanaan
aikansa	aikansa
aikataulu	aikataulu
aikataulu	aikatauluissa
aikataulu	aikatauluista
aikataulu	aikataulun
aikataulu	aikataulussa
aikataulu	aikataulut
aikataulu	aikatauluun
aikavyöhyke	aikavyöhykkeiden
aikaväli	aikavälin
aikayksikkö	aikayksikön
aikido	aikidoo
aikoa	aikoi
aikoa	aikoipa
aikoa	aikoisi
aikoa	aikonut
aikoa	aikoo
aikoa	aikooko
aikoa	aikovansa
aikoa	aikovat
aikoa	aio
aikoa	aioin
aikoa	aioinko
aikoa	aiomme
aikoa	aion
aikoa	aiot
aikoa	aiotaan
aikoa	aiotaanko
aikoa	aiottu
aikoa	aiotussa
aikoa	aiotut
aikoihin	aikoihin
aikoinaan	aikoinaan
aikomus	aikomuksena
aikomus	aikomuksenaan
aikomus	aikomus
aikuinen	aikuinen
aikuinen	aikuisena
aikuinen	aikuiset
aikuinen	aikuisia
aikuinen	aikuisiin
aikuinen	aikuisilla
aikuinen	aikuisillakin
aikuinen	aikuisina
aikuinen	aikuisten
aikuisikä	aikuisikään
aikuismainen	aikuismainen
aikuismainen	aikuismaisessa
aikuisopintoraha	aikuisopintoraha
aila	aila
aili	ailii
aina	aena
aina	aina
aina	ainahan
ainakaan	ainakaan
ainakin	ainaki
ainakin	ainakin
aine	aine
aine	aineen
aine	aineet
aine	aineiksi
aine	aineista
aine	aineita
aine	ainetta
aineellinen	aineelliset
aineellinen	aineellisia
aineisto	aineisto
aineisto	aineistoa
aineisto	aineistona
aineisto	aineistosta
aineopinto	aineopintoja
aines	ainekset
aines	aineksista
aini	aini
aino	aino
ainoa	ainoa
ainoa	ainoaksi
ainoa	ainoalla
ainoa	ainoalle
ainoa	ainoan
ainoa	ainoani
ainoa	ainoat
ainoa	ainoatakaan
ainoa	ainoina
ainoa	ainoita
ainoastaan	ainoastaan
ainut	ainut
ainut	ainuttakaan
ainutkertainen	ainutkertaiseksi
ainutkertainen	ainutkertaisia
ainutlaatuinen	ainutlaatuinen
ainutlaatuinen	ainutlaatuisessa
ainutlaatuinen	ainutlaatuisesta
airi	airi
aisa	aisaa
aisaremmi	aisaremmi
aisti	aisteihin
aisti	aistillako
aistia	aistii
aistia	aistittavissa
aistia	aistivinani
aistikas	aistikkaan
aistillisuus	aistillisuutta
aistinvarainen	aistinvaraisin
aita	aeraj
aita	aidan
aita	aidasta
aita	aidat
aita	aitaa
aita	aitoineen
aita-pahanen	aita-pahanen
aitaus	aitauksesta
aitio	aitioita
aito	aidon
aito	aidosta
aito	aito
aito	aitoa
aitolahti	aitolahdesta
aitomaa	aitomaa
aitoo	aitoota
aivan	aivan
aivastaa	aivasti
aivazovsk	aivazovskin
aivo	aivomme
aivo	aivoon
aivo	aivot
aivopestä	aivopesisi
aivot	aivojen
aivot	aivot
aivotyö	aivotyötä
aivotärähdys	aivotärähdykseksi
ajaa	aja
ajaa	ajaa
ajaa	ajaessaan
ajaa	ajaessani
ajaa	ajaessasi
ajaa	ajaisivat
ajaa	ajakaa
ajaa	ajamaa
ajaa	ajamaan
ajaa	ajamalla
ajaa	ajamatta
ajaa	ajamme
ajaa	ajan
ajaa	ajanut
ajaa	ajatte
ajaa	ajava
ajaa	ajavaan
ajaa	ajavan
ajaa	ajavat
ajaa	ajetaan
ajaa	ajetaanko
ajaa	ajettaisiin
ajaa	ajettava
ajaa	ajettavan
ajaa	ajettavilla
ajaa	ajettavissa
ajaa	ajettiin
ajaa	ajettu
ajaa	ajettuina
ajaa	ajettuun
ajaa	ajoi
ajaa	ajoimme
ajaa	ajoin
ajaa	ajoivat
ajaja	ajajan
ajaja	ajajia
ajaksi	ajaksi
ajallaan	ajallaan
ajallinen	ajallinen
ajalta	ajalta
ajaminen	ajaminen
ajaminen	ajamiseen
ajaminen	ajamista
ajan	ajan
ajankohta	ajankohdan
ajankohta	ajankohdasta
ajankohta	ajankohta
ajankohta	ajankohtaa
ajankohta	ajankohtia
ajankohtainen	ajankohtainen
ajankohtainen	ajankohtaiseksi
ajankohtainen	ajankohtaisena
ajankohtainen	ajankohtaista
ajankohtaistoimitus	ajankohtaistoimituksen
ajankohtaisuus	ajankohtaisuuttaan
ajanpeluu	ajanpeluun
ajatella	aateltii
ajatella	aatteli
ajatella	aattelin
ajatella	ajatelkaapa
ajatella	ajatelko
ajatella	ajatella
ajatella	ajatellaan
ajatella	ajatellaanpa
ajatella	ajatellakhaa
ajatella	ajatellen
ajatella	ajatellessaan
ajatella	ajatellu
ajatella	ajatelluki
ajatella	ajatellut
ajatella	ajatellutkin
ajatella	ajateltavaa
ajatella	ajateltti
ajatella	ajateltu
ajatella	ajattele
ajatella	ajattelee
ajatella	ajattelemaan
ajatella	ajattelemalla
ajatella	ajattelematon
ajatella	ajattelematta
ajatella	ajattelen
ajatella	ajattelenki
ajatella	ajattelette
ajatella	ajattelevat
ajatella	ajatteli
ajatella	ajattelimme
ajatella	ajattelin
ajatella	ajattelisikaan
ajatella	ajattelit
ajatella	ajattelivat
ajatelma	ajatelmansa
ajattaa	ajattaisi
ajatteleminen	ajatteleminen
ajatteleminen	ajattelemisen
ajattelu	ajattelu
ajattelu	ajattelua
ajattelu	ajattelulle
ajattelu	ajattelun
ajattelu	ajattelussa
ajatteluttaa	ajattelutti
ajatus	ajatukseen
ajatus	ajatuksen
ajatus	ajatuksena
ajatus	ajatukseni
ajatus	ajatuksensa
ajatus	ajatukset
ajatus	ajatuksia
ajatus	ajatuksiani
ajatus	ajatuksiin
ajatus	ajatuksin
ajatus	ajatuksis
ajatus	ajatuksissaan
ajatus	ajatuksista
ajatus	ajatuksistani
ajatus	ajatus
ajatus	ajatuskin
ajatus	ajatusta
ajatuskulku	ajatuskulkuja
ajatusleikki	ajatusleikki
ajatusleikki	ajatusleikkiä
ajatusmaailma	ajatusmaailmaan
ajautua	ajautui
ajautua	ajautuminen
ajautua	ajautunut
ajax	ajax
ajax	ajaxin
ajelehtia	ajeleksimmaan
ajella	ajeleehan
ajella	ajelen
ajella	ajelevat
ajella	ajella
ajelu	ajeluun
ajo	ajo
ajo	ajoa
ajo	ajon
ajo-ominaisuus	ajo-ominaisuuksiltaan
ajoeläin	ajoeläiminä
ajoeste	ajoesteet
ajoetäisyys	ajoetäisyyksiä
ajoharjoittelurata	ajoharjoittelurata
ajoilta	ajoilta
ajoissa	ajoissa
ajoittain	ajoittain
ajoitus	ajoitukseen
ajoitus	ajoitukseltaan
ajokaista	ajokaista
ajokki	ajokki
ajokki	ajokkinsa
ajokortti	ajokortin
ajokortti	ajokortit
ajokortti	ajokortti
ajolinja	ajolinjansa
ajomatka	ajomatkan
ajoneuvo	ajoneuvoa
ajoneuvo	ajoneuvoilla
ajoneuvo	ajoneuvoja
ajoneuvo	ajoneuvolla
ajoneuvo	ajoneuvot
ajoneuvoryhmä	ajoneuvoryhmiä
ajoneuvovero	ajoneuvovero
ajonopeus	ajonopeuksien
ajopeli	ajopelien
ajoporo	ajoporoa
ajotamineet	ajotamineet
ajotapa	ajotapoihin
ajoviima	ajoviima
ajovirhe	ajovirheen
ajovirhe	ajovirheitä
ajuri	ajurit
akaalainen	akaalaisia
akateemikko	akateemikko
akateeminen	akateemisen
akateeminen	akateemista
akatemia	akatemia
akatemia	akatemialle
akava	akavan
akavalainen	akavalaisten
aki	aki
akillesjänne	akillesjänteestä
akiro	akiro
akka	akan
akka	akasta
akka	akka
akkakaveri	akkakaveri
akkamainen	akkamaiseksi
akku	akkujen
akkuna	akkunasta
akkuna	aknast
akkupyörösaha	akkupyörösaha
akkutyökalu	akkutyökalua
akne	aknesta
akordi	akordeja
akrylaattimaali	akrylaattimaali
akseli	akseli
akseli	akselia
akseli	akselilla
akselinen	akseliset
aksu	aksulle
akt	akt:n
aktia	aktia
aktiivinen	aktiivinen
aktiivinen	aktiivisena
aktiivinen	aktiivisessa
aktiivinen	aktiivisia
aktiivinen	aktiivissi
aktiivinen	aktiivista
aktiivipoliitikko	aktiivipoliitikkoa
aktiivisemmin	aktiivisemmin
aktiivisesti	aktiivisesti
aktiivisuus	aktiivisuutta
aktivoida	aktivoida
aku	aku
aku	akusta
akuankkaministeriö	akuankkaministeriötä
akuutti	akuutilta
al-saloum	al-saloumin
ala	ala
ala	alaa
ala	alalla
ala	alalle
ala	alan
ala	alasta
ala	alastaan
ala	aloilla
ala	aloja
ala	alojen
ala-	ala-
ala-aste	ala-asteen
ala-harja	ala-harja
aladdin-tavara	aladdin-tavaraa
alaikäinen	alaikäiset
alaikäinen	alaikäisten
alainen	alainen
alainen	alaisen
alainen	alaisiin
alainen	alaisten
alainen	alaistensa
alaisuus	alaisuudessa
alakerta	alakertaan
alakoski	alakoski
alakuloinen	alakuloiselta
alakuloinen	alakuloisena
alakynteen	alakynteen
alalaji	alalajia
alaluokka	alaluokilla
alaluokka	alaluokka
alamaailma	alamaailman
alamäki	alamäes
alamäkipyöräilykisa	alamäkipyöräilykisat
alan	alan
alanen	alasen
alanko	alanko
alaparsi	alaparsila
alapiha	alapihan
alapuolella	alapuolella
alapuolelle	alapuolel
alapuolelle	alapuolelle
alapuolinen	alapuolisella
alapuolinen	alapuolisista
alas	alas
alasammuttu	alasammuttujen
alasjärvi	alasjärvi
alaska	alaskan
alaspäin	alaspäi
alaspäin	alaspäin
alasti	alasti
alastomimmillaan	alastomimmillaan
alaston	alastomampaa
alaston	alastomia
alaston	alastonta
alatalo	alatalo
alati	alati
alavartalo	alavartaloni
albaani	albaanit
albania	albania
albert	albert
albumi	albumeista
aleksander	aleksanderin
aleksandr	aleksandr
aleksanterin-	aleksanterin-
aleksei	aleksei
aleksis	aleksis
alemmas	alemmas
alemmuudentuntoinen	alemmuudentuntoinen
alempana	alempana
alempi	alemmalla
alempi	alempi
alempiarvoinen	alempiarvoiseen
alen	alen
alén	alén
alennusmyynti	alennusmyynneistä
alennustila	alennustila
alentaa	alennetaanko
alentaa	alentamaan
alentaa	alentamalla
alentaminen	alentamiseenkaan
alentua	alentuu
aletavara	aletavaroiden
alexander	alexander
alf-serkku	alf-serkku
alfa	alfaa
alfa	alfas
alfons	alfons
algeria	algerian
algot	algot
alhaalla	alhaal
alhaalla	alhaalla
alhaalle	alhaalle
alhaalta	alhaalk
alhaalta	alhaalta
alhainen	alhainen
alhainen	alhaisena
alhainen	alhaiset
alhainen	alhaisin
alhainen	alhaisina
alhaisimmillaan	alhaisimmillaan
ali	ali
ali	aliin
aliarvioida	aliarvioida
aliarvioiminen	aliarvioimista
aliisa	aliisa
alijäämä	alijäämästämme
alijäämäinen	alijäämäinen
alimmainen	alimmainen
alimmainen	alimmaisena
alin	alimman
alin	alimmas
alin	alin
aliravitsemus	aliravitsemuksen
aliravittu	aliravittu
alistus	alistus
alitse	alitse
aliurakointi	aliurakointi
alivaltiosihteeri	alivaltiosihteerin
alkaa	ala
alkaa	alako
alkaa	alas
alkaa	aletaan
alkaa	alettava
alkaa	alettiin
alkaa	alettu
alkaa	alkaa
alkaa	alkaakin
alkaa	alkaen
alkaa	alkaessa
alkaa	alkaisi
alkaa	alkaisin
alkaa	alkaisivat
alkaa	alkamassa
alkaa	alkaneet
alkaa	alkanut
alkaa	alkas
alkaa	alkasit
alkaa	alkavaksi
alkaa	alkavan
alkaa	alkavat
alkaa	alkaviin
alkaa	alko
alkaa	alkoi
alkaa	alkoivat
alkaa	aloin
alkajaisiksi	alkajaisiksi
alkaminen	alkaminen
alkamispäivä	alkamispäivän
alkeiskurssi	alkeiskurssi
alkeiskurssi	alkeiskurssista
alko	alko
alko	alkoa
alko	alkon
alko	alkoon
alko	alkossa
alkoholi	alkoholeja
alkoholi	alkoholi
alkoholi	alkoholia
alkoholi	alkoholiin
alkoholi	alkoholilla
alkoholi	alkoholin
alkoholi	alkoholit
alkoholijuoma	alkoholijuomien
alkoholilainsäädäntö	alkoholilainsäädäntöään
alkoholimäärä	alkoholimäärästä
alkoholinkäyttö	alkoholinkäyttöä
alkoholinkäyttö	alkoholinkäyttöään
alkoholinmyynti	alkoholinmyyntiä
alkoholiongelma	alkoholiongelmia
alkoholiongelmainen	alkoholiongelmaisia
alkoholiperhe	alkoholiperheen
alkoholipitoinen	alkoholipitoisen
alkoholipitoisuus	alkoholipitoisuus
alkoholipolttoaine	alkoholipolttoaineeseen
alkoholismi	alkoholismin
alkoholisti	alkoholistien
alkoholistinkohtalo	alkoholistinkohtaloon
alku	alku
alku	alkua
alku	alkuaan
alku	alkuja
alku	alkunsa
alku	alkuun
alku	alulla
alku	alulle
alku	alum
alku	alun
alku	alussa
alku	alusta
alkuaan	alkuaan
alkuaika	alkuaikoina
alkuaika	alkuajan
alkuerä	alkuerien
alkuilta	alkuillan
alkujaan	alkujaan
alkukesä	alkukesä
alkukesä	alkukesän
alkukesä	alkukesästä
alkukieli	alkukieliin
alkukierros	alkukierroksilla
alkulämmittely	alkulämmittelyssä
alkumaku	alkumaku
alkumatka	alkumatkalla
alkuperä	alkuperästä
alkuperä	alkuperää
alkuperäinen	alkuperäinen
alkuperäinen	alkuperäisen
alkuperäinen	alkuperäisiksi
alkuperäinen	alkuperäisiä
alkuperäinen	alkuperäistä
alkuperäisyys	alkuperäisyys
alkupuolella	alkupuolella
alkupäivä	alkupäivinä
alkupäivä	alkupäivät
alkuruoka	alkuruokaa
alkusarja	alkusarjassa
alkusoitto	alkusoiton
alkusyksy	alkusyksystä
alkusysäys	alkusysäyksen
alkutalvi	alkutalvesta
alkutekijä	alkutekijöihinsä
alkuteksti	alkuteksteistä
alkutuotanto	alkutuotantonsa
alkuunkaan	alkuunkaan
alkuvaihe	alkuvaiheessa
alkuvaiheessa	alkuvaiheessa
alkuvuosi	alkuvuodesta
alkuvuosi	alkuvuosi
alkuvuosi	alkuvuosil
alkuvuosi	alkuvuosina
alkuvuosi	alkuvuoteen
alla	alla
allaoleva	allaoleva
allapäin	allapäin
allas	altaan
allas	altaiden
allas-	allas-
alle	alle
alle	alleen
allekirjoittaa	allekirjoitatte
allekirjoittaa	allekirjoitetaan
allekirjoittaa	allekirjoitettavaksi
allekirjoittaa	allekirjoitettu
allekirjoittaa	allekirjoitin
allekirjoittaa	allekirjoittaa
allekirjoittaa	allekirjoittanut
allekirjoitus	allekirjoitus
allergia	allergiaa
allergia	allergian
allergia	allergioille
allerginen	allerginen
allerginen	allergisia
allerginen	allergisille
allu	allun
alma	alma
almanakka	almanakkoja
almi	almi
almsick	almsickille
aloite	aloite
aloitella	aloitteleva
aloitella	aloittelin
aloittaa	aloita
aloittaa	aloitat
aloittaa	aloitetaan
aloittaa	aloitettiin
aloittaa	aloitettu
aloittaa	aloitetuksi
aloittaa	aloitetun
aloittaa	aloitin
aloittaa	aloittaa
aloittaa	aloittaisi
aloittaa	aloittaisimme
aloittaa	aloittakaa
aloittaa	aloittamani
aloittaa	aloittamasta
aloittaa	aloittaneen
aloittaa	aloittanut
aloittaa	aloittavansa
aloittaa	aloittavat
aloittaa	aloitti
aloittaa	aloittivat
aloittaa	alotettua
aloittaa	alotin
aloittaa	alotit
aloittaa	alottaisimme
aloittaa	alottanut
aloittaja	aloittaja
aloittaminen	aloittaminen
aloittaminen	aloittamista
aloitteeton	aloitteeton
aloittelija	aloittelijan
aloittelija	aloittelijat
alokas	alokas
alokas	alokasta
alokas	alokkaista
alokas	alokkaita
alony	alony
alpo	alpo
alppi	alpeilta
alppimaja	alppimajan
alppimaja	alppimajassa
alppimaja	alppimajoja
alprint	alprint
alsilainen	alsilaisen
alta	alta
altaanmitta	altaanmittaa
altis	altis
altis	alttiiksi
altis	alttiimpi
altis	alttiimpia
altis	alttiina
altistus	altistus
alttari	alttari
alttius	alttius
alue	alue
alue	alueella
alue	alueelle
alue	alueelta
alue	alueen
alue	alueensa
alue	alueiden
alue	alueilla
alue	alueille
alue	alueilleen
alue	alueilta
alue	alueita
alue	aluetta
alueellinen	alueellinen
alueellinen	alueellisen
alueittain	alueittain
aluekehitysvastuu	aluekehitysvastuu
aluesairaala	aluesairaalaan
aluesihteeri	aluesihteeriksi
aluevaltaus	aluevaltaus
aluksi	aluksi
alumiininen	alumiininen
alunperin	alunperin
alus	alukseen
alus	aluksen
alus	alusta
alus	alusten
alushousut	alushousut
alussa	alussa
alussa	alussakin
alusta	alusta
alustaa	alustavaa
alustava	alustavan
alustus	alustuksessa
alv	alv:n
alvar	alvar
am	am
amatööri	amatöörit
amatööriperustainen	amatööriperustainen
ambulanssi	ambulanssi
ambulanssi	ambulanssien
ambulanssi	ambulanssiin
ambulanssi	ambulanssilla
amerikan-valloitus	amerikan-valloituksen
amerikka	amerikan
amerikka	amerikassa
amerikka	amerikasta
amerikka	amerikka
amerikkalainen	amerikkalainen
amerikkalainen	amerikkalaiseen
amerikkalainen	amerikkalaisen
amerikkalainen	amerikkalaisesta
amerikkalainen	amerikkalaiset
amerikkalainen	amerikkalaisia
amerikkalainen	amerikkalaisille
amerikkalainen	amerikkalaisista
amerikkalainen	amerikkalaisten
amerikkalaisnainen	amerikkalaisnaisen
amerikkalaistyylinen	amerikkalaistyyliseltä
amerikkalaisyleisö	amerikkalaisyleisön
amfetamiini	amfetamiinia
amica	amicaa
ammatillinen	ammatillisen
ammatillinen	ammatillista
ammatti	ammateissa
ammatti	ammatikseen
ammatti	ammatiksi
ammatti	ammatiltaan
ammatti	ammatissani
ammatti	ammatti
ammatti	ammattia
ammatti	ammattiaan
ammatti	ammattiin
ammatti	ammattinsa
ammatti-ihminen	ammatti-ihmiset
ammattiala	ammattialojen
ammattietiikka	ammattietiikan
ammattijakauma	ammattijakaumaa
ammattikirvesmies	ammattikirvesmiehen
ammattikokemus	ammattikokemukseni
ammattikorkeakoulu	ammattikorkeakoulu
ammattikorkeakoulu	ammattikorkeakouluista
ammattikoulu	ammattikoulujen
ammattikoulu	ammattikoulun
ammattikoulu	ammattikouluun
ammattikunta	ammattikunnan
ammattikunta	ammattikuntansa
ammattikuva	ammattikuva
ammattilainen	ammattilainen
ammattilainen	ammattilaiseksi
ammattilainen	ammattilaisena
ammattilainen	ammattilaiset
ammattilainen	ammattilaisia
ammattilainen	ammattilaisilta
ammattilainen	ammattilaista
ammattilaistapahtuma	ammattilaistapahtuman
ammattilehti	ammattilehti
ammattiliitto	ammattiliittojen
ammattimainen	ammattimaisesta
ammattimainen	ammattimaiset
ammattimies/nainen	ammattimiehiä/naisia
ammattioppilaitos	ammattioppilaitokselle
ammattioppilaitos	ammattioppilaitoksen
ammattirikollinen	ammattirikollisetkaan
ammattitaito	ammattitaidolla
ammattitaito	ammattitaitoa
ammattitaito	ammattitaitonne
ammattitaitoinen	ammattitaitoinen
ammattitaitoinen	ammattitaitoisinta
ammattitaitoisesti	ammattitaitoisesti
ammattitappaja	ammattitappajana
ammattitoimittaja	ammattitoimittajia
ammattiyhdistysjohtaja	ammattiyhdistysjohtajalle
ammattiyhdistysjohtaja	ammattiyhdistysjohtajat
ammattiyhdistysliike	ammattiyhdistysliike
ammattiyhdistysliike	ammattiyhdistysliikkeen
amme	ammeen
amme	ammeessa
amme	ammeesta
ammentaa	ammentaa
ammoin	ammoin
ammollaan	ammollaan
ammuskella	ammuskelivat
ammusvarasto	ammusvarastoa
ammusvarikko	ammusvarikon
amorph	amorphissa
ampiainen	ampiainen
ampua	ammuttaisiin
ampua	ammuttaviksi
ampua	ammuttiin
ampua	ammuttu
ampua	ammutuksi
ampua	ampua
ampua	ampui
ampua	ampumatta
ampua	ampunut
ampua	ampuu
ampua	ampuvat
ampuja	ampuja
ampumahaava	ampumahaavoja
ampumahiihto	ampumahiihdolle
amsterdam	amsterdamin
amuri	amurin
amuri	amurissa
ana	ana
anaheim	anaheimiin
analogioitse	analogioitse
analysoida	analysoi
analysoida	analysoidaan
analysoida	analysoivat
analyysi	analyysi
analyytikko	analyytikkojen
ananas	ananasta
anarkia	anarkia
anarkia	anarkiaa
anarkistinen	anarkistinen
anastaa	anastettiinko
anastasia	anastasia
anastettu	anastettua
anatoli	anatoli
and	and
anders	anders
anderson	anderson
andersson	andersson
andre	andre
andy	andy
andy	andylla
andy	andylle
anetshka	anetshka
anette	anette
angeles	angelesin
angeles	angelesissa
angervuori	angervuori
anglikaaninen	anglikaanisen
animaatioala	animaatioalalla
anisjuoma	anisjuomaa
anita	anitan
anja	anja
ankara	ankara
ankara	ankaran
ankara	ankaria
ankara	ankarimpien
ankara	ankarina
ankara	ankaroeta
ankea	ankeita
ankka	ankka
ankka	ankkaa
ankkuroida	ankkuroida
anna	anna
anna	annalle
anna	annan
anna-lehti	anna-lehden
anna-liisa	anna-liisa
anne	anne
anne-marie	anne-marien
anneli	anneli
anneli	anneliin
anni	annillakkii
anni-frid	anni-frid
annikinkatu	annikinkadun
annikki	annikki
annikki	annikkiin
annos	annokset
annos	annoksia
annostella	annostellaan
annostus	annostusta
anoa	anoa
anoa	anoi
anoa	anomaan
anoa	anonut
anoa	anoo
anomus	anomuksen
anomus	anomusta
anonyymi	anonyymi
anoppi	anoppi
ansa	ansaan
ansa	ansallako
ansaita	ansainnut
ansaita	ansaitakseen
ansaita	ansaitse
ansaita	ansaitsee
ansaita	ansaitseekin
ansaita	ansaitsemia
ansaita	ansaitsemme
ansaita	ansaitsevat
ansaita	ansaitsisivat
ansaita	ansaitsivat
ansas	ansaksen
ansio	ansioissa
ansio	ansioistaan
ansio	ansioksi
ansio	ansion
ansio	ansionaan
ansioitunut	ansioituneinta
ansiokas	ansiokkaampiakin
ansiolentotoimilupa	ansiolentotoimilupaa
ansiosidonnainen	ansiosidonnaiseen
ansiosta	ansiosta
ansiosta	ansiostani
ansiotarkoitus	ansiotarkoituksessa
ansiotulo	ansiotulojen
antaa	ann
antaa	anna
antaa	annamme
antaa	annan
antaa	annas
antaa	annat
antaa	annatko
antaa	annatte
antaa	anneta
antaa	annetaa
antaa	annetaan
antaa	annetaanko
antaa	annetaanpa
antaa	annettaisiin
antaa	annettakoon
antaa	annettava
antaa	annettavaa
antaa	annettavana
antaa	annettiin
antaa	annettu
antaa	annettuja
antaa	annetuilla
antaa	annetusta
antaa	annoimme
antaa	annoin
antaa	antaa
antaa	antaako
antaa	antaapa
antaa	antaen
antaa	antaisi
antaa	antaisiks
antaa	antaisit
antaa	antaisitko
antaa	antakaa
antaa	antakaahan
antaa	antako
antaa	antama
antaa	antamaan
antaa	antamalla
antaa	antamassaan
antaa	antamat
antaa	antamien
antaa	antamistaan
antaa	antaneensa
antaa	antaneet
antaa	antanut
antaa	antasit
antaa	antava
antaa	antavan
antaa	antavansa
antaa	antavat
antaa	anto
antaa	antoi
antaa	antoikos
antaa	antoivat
antaminen	antaminen
antaminen	antamista
antananarivo	antananarivoa
antautua	antaudu
antautua	antaudutteko
antautua	antautua
antautumismieliala	antautumismielialassa
antava	antavimmassa
antavasti	antavasti
anteeksi	anteeks
anteeksi	anteeksi
anteeksipyyntö	anteeksipyyntöjä
antelias	anteliaan
antenni	antenni
antenni	antennin
antero	antero
anti	annista
anti	annit
anti	anti
anti	antia
antiballistinen	antiballistisia
antibioottikuuri	antibioottikuuri
antidopingtoimikunta	antidopingtoimikunnan
antiikki	antiikin
antiikki	antiikkia
antiikkinen	antiikkisia
antikvariaatti	antikvariaattiin
antillit	antilleilla
antillit	antilleilta
antioksidantti	antioksidanttien
antman	antman
antoisa	antoisiksi
anton	anton
antonio	antonio
antonis	antoniksen
antropologia	antropologia
antti	antin
antti	antti
antti-jussi	antti-jussi
antti-poika	antti-poika
anttila	anttilalla
anttonen	anttoselle
antwerpen	antwerpenin
apaja	apajilla
aparaatti	aparaattia
apartheid	apartheidin
apartheid	apartheidista
apea	apean
aperitiivi	aperitiiveilla
apollo	apollo
apollo	apollon
apostoli	apostoleista
apostoli	apostolien
apostoli	apostolista
apoteoosi	apoteoosiin
appelsiinimehu	appelsiinimehua
appiukko	appiukko
aprikoida	aprikoi
aprillipäivä	aprillipäivän
apteekkari	apteekkari
apteekki	apteekissa
apteekkikortti	apteekkikorttini
apteekkimainen	apteekkimaisia
apu	apu
apu	apua
apu	apuna
apu	apuun
apu	avuks
apu	avukseen
apu	avuksi
apu	avun
apu	avusta
apukamreeri	apukamreeriksi
apulaiskaupunginjohtaja	apulaiskaupunginjohtaja
apulaisopettaja	apulaisopettajana
apumies	apumiestä
apupukki	apupukkeja
apuraha	apurahan
apuraha	apurahoja
apuraha	apurahojen
apurahamahdollisuus	apurahamahdollisuutta
apuväline	apuvälineet
apuväline	apuvälinettä
aquis	aquis
ara	ara
arabi	arabien
arabia	arabiaa
arabiankielinen	arabiankielisen
arabianranta	arabianrannan
arabiemiirikunnat	arabiemiirikunnat
arabimaa	arabimaiden
arafat	arafat
arafat	arafatia
arafat	arafatin
arala	aralan
aranoloinen	arankinoloinen
arap	arap
aravirta	aravirta
areena	areenalle
argentiina	argentiina
argentiina	argentiinan
ari	ari
ari-pekka	ari-pekka
arimo	arimo
arimo	arimolla
arimo	arimosta
aristokraattinen	aristokraattinen
arja	arja
arka	aran
arka	arka
arka	arkoja
arkeologinen	arkeologisten
arki	arjen
arki	arjesta
arki	arkeen
arki	arki
arki-ilta	arki-iltana
arkiauto	arkiautojen
arkin	arkin
arkinen	arkinen
arkipuhe	arkipuheessa
arkipäivä	arkipäivä
arkipäivä	arkipäivän
arkipäivä	arkipäivää
arkipäiväinen	arkipäiväinen
arkipäiväinen	arkipäiväistä
arkisto	arkistoihin
arkisto	arkistoon
arkisuus	arkisuudellekaan
arkiviikko	arkiviikot
arkkipiispa	arkkipiispa
arkkipiispa	arkkipiispan
arkkitehti	arkkitehdin
arkkitehti	arkkitehdit
arkkitehti	arkkitehtien
arkkitehtituttava	arkkitehtituttavan
arkkitehtuuri	arkkitehtuuri
arkkitehtuuri	arkkitehtuurii
arkkitehtuuri	arkkitehtuurin
arktisuus	arktisuudelle
armas	armahin
armas	armas
armeija	armeija
armeija	armeijaa
armeija	armeijaan
armeija	armeijalle
armeija	armeijan
armeija	armeijassa
armi	armi
armi	armin
armo	armoa
armoilla	armoilla
armoille	armoille
armoittaa	armoitetun
armollinen	armollista
armoton	armoton
armoton	armottomat
arno	arno
aro	aro
arokotka	arokotka
arola	arola
aromi	aromeja
aromiaine	aromiaineella
arpa	arpoo
arpa	arvan
arpela	arpelaa
arpi	arpia
arpoa	arvotaan
arsenaali	arsenaali
arsenal	arsenalille
arsi	arsi
artikkeli	artikkeli
artikkeli	artikkelia
artikkeli	artikkelien
artikkeli	artikkelin
artikkeli	artikkelissaan
artikkeli	artikkelista
artikkeli	artikkelit
artisti	artistiensa
artistisuus	artistisuutta
arto	arto
arto	arton
artto	artto
arvailla	arvailemaan
arvailu	arvailuja
arvata	arvaa
arvata	arvaamatonta
arvata	arvaamattomalle
arvata	arvaammekaan
arvata	arvaan
arvata	arvaappas
arvata	arvaisi
arvata	arvannut
arvata	arvasi
arvata	arvasin
arvata	arvata
arvata	arvatenkin
arvata	arvatkaapa
arvaus	arvausta
arvausleikki	arvausleikkiä
arvella	arvele
arvella	arvelee
arvella	arvelet
arvella	arveletko
arvella	arvelette
arvella	arvelevat
arvella	arveli
arvella	arvelin
arvella	arvelisi
arvella	arvella
arvella	arvellaan
arvella	arvellen
arvelu	arvelun
arveluttaa	arveluttaa
arvi	arvi
arvid	arvid
arvio	arvio
arvio	arvioita
arvio	arvion
arvio	arvionsa
arvio	arvioon
arvio	arviot
arvioida	arvioi
arvioida	arvioida
arvioida	arvioidaan
arvioida	arvioidessaan
arvioida	arvioin
arvioida	arvioinut
arvioida	arvioisit
arvioida	arvioitu
arviointi	arviointi
arviolta	arviolta
arvo	arvo
arvo	arvoja
arvo	arvojen
arvo	arvon
arvo	arvoon
arvo	arvot
arvohenkilö	arvohenkilöille
arvoinen	arvoinen
arvoinen	arvoiseensa
arvoinen	arvoisen
arvoinen	arvoisensa
arvoinen	arvoisia
arvoinen	arvoisiksi
arvoinen	arvoista
arvoisa	arvoisa
arvoisa	arvoisat
arvoituksellinen	arvoituksellisia
arvojärjestys	arvojärjestyksen
arvokas	arvokas
arvokas	arvokasta
arvokas	arvokkaampia
arvokas	arvokkainta
arvokas	arvokkaita
arvokisa	arvokisoissa
arvokisa	arvokisojen
arvokkaasti	arvokkaasti
arvokkuus	arvokkuus
arvonimi	arvonimi
arvonimihuutokauppa	arvonimihuutokauppaa
arvonlisävero	arvonlisäverosta
arvonnousu	arvonnousuilla
arvonnousu	arvonnousun
arvonta	arvonnassa
arvonta	arvontaan
arvopaperivälittäjä	arvopaperivälittäjien
arvopäämäärä	arvopäämäärät
arvosana	arvosanoin
arvosta	arvosta
arvostaa	arvosta
arvostaa	arvostaa
arvostaa	arvostamansa
arvostaa	arvostat
arvostaa	arvostavan
arvostaa	arvostavat
arvostaa	arvostetaan
arvostella	arvostelen
arvostella	arvostella
arvostella	arvostellut
arvostella	arvosteltaviksi
arvostella	arvosteltiinkin
arvostella	arvosteltu
arvosteltava	arvosteltavaa
arvostelu	arvostelu
arvostelu	arvostelun
arvostelu	arvostelusta
arvostelukohde	arvostelukohteista
arvostelukyky	arvostelukykynsä
arvostelutuomari	arvostelutuomareina
arvostettu	arvostettu
arvostettu	arvostettujen
arvostus	arvostus
arvoton	arvottomaksi
arvovalta	arvovalta
arvovaltainen	arvovaltainen
arvovaltainen	arvovaltaisin
arvovapaa	arvovapaa
arvovieras	arvovieraista
arvuutella	arvuuttelevat
as	as.
ase	ase
ase	aseen
ase	aseet
ase	aseetta
ase	asein
ase	aseistaan
ase	aseita
ase	asetta
ase	asettaan
asean	aseanin
aseellinen	aseelliset
aseellinen	aseellisia
aseistautua	aseistautunutta
asekätkentä	asekätkentää
asekätkijä	asekätkijöitä
aselepo	aselepo
asema	asema
asema	asemaa
asema	asemaan
asema	asemaansa
asema	asemalle
asema	asemalta
asema	aseman
asema	asemansa
asema	asemassa
asema	asemasta
asema	asemat
asema	asemissa
asemahotelli	asemahotellille
asemakaava	asemakaavan
asemapaikka	asemapaikassaan
asematunneli	asematunneliin
asematunnus	asematunnukset
asemesta	asemesta
asemoida	asemoida
asenne	asenne
asenne	asennetta
asenne	asenteen
asennoitua	asennoituu
asennoitumistapa	asennoitumistavassa
asennoitumisvaikeus	asennoitumisvaikeuksia
asennus	asennuksen
asentaa	asennettu
asentaa	asennetut
asentaja	asentaja
asentaja	asentajalle
asenteellinen	asenteellisia
asento	asennossa
asento	asentoon
asepalvelu	asepalvelu
asepalvelus	asepalvelusta
asetekniikka	asetekniikoita
asetella	asetella
asetella	asetteli
asetella	asettelivat
asetelma	asetelmasta
asetelma	asetelmien
asetelmallisuus	asetelmallisuutta
asettaa	aseta
asettaa	aseteta
asettaa	asetetaan
asettaa	asetettava
asettaa	asetettu
asettaa	asetetut
asettaa	asettaa
asettaa	asettaisi
asettaa	asettamaan
asettaa	asettanut
asettaa	asettavat
asettaminen	asettaminen
asettua	asettua
asettua	asettui
asettua	asettumassa
asettua	asettuu
asettua	asettuvasta
asettua	asetuin
asettua	asetutaan
asetus	asetuksella
asetus	asetuksessa
asetus	asetuksia
asetus	asetus
asetyyppi	asetyyppejä
aseveliakseli	aseveliakselin
asevoima	asevoimat
asevoima	asevoimien
asfaltointi	asfaltointi
asfaltti	asfaltilla
ashley	ashley
asia	asia
asia	asiaa
asia	asiaan
asia	asiako
asia	asialla
asia	asialle
asia	asialleen
asia	asiamme
asia	asian
asia	asiana
asia	asiansa
asia	asiasi
asia	asiassa
asia	asiasta
asia	asiat
asia	asioiden
asia	asioihin
asia	asioille
asia	asioissa
asia	asioista
asia	asioistaan
asia	asioita
asia	asioitaan
asia-	asia-
asiaankuuluva	asiaankuuluvine
asiakas	asiakas
asiakas	asiakasta
asiakas	asiakkaaksi
asiakas	asiakkaalle
asiakas	asiakkaalta
asiakas	asiakkaamme
asiakas	asiakkaan
asiakas	asiakkaana
asiakas	asiakkaansa
asiakas	asiakkaat
asiakas	asiakkaiden
asiakas	asiakkaille
asiakas	asiakkailta
asiakas	asiakkaina
asiakas	asiakkaista
asiakas	asiakkaita
asiakas	asiakkaitaan
asiakas	asiakkaitten
asiakashuone	asiakashuonetta
asiakaskunta	asiakaskunta
asiakasläheisyys	asiakasläheisyydessä
asiakirja	asiakirjan
asiakirja	asiakirjat
asiakirja	asiakirjoihin
asiakirja	asiakirjoille
asiakirja	asiakirjoissa
asiakirja	asiakirjoista
asiakirja	asiakirjojen
asiallinen	asiallinen
asiallinen	asialliseen
asiallinen	asiallisempaa
asiallinen	asiallisempi
asiallinen	asialliset
asiallinen	asiallista
asiallinen	asiallisten
asiallisuus	asiallisuutta
asianajaa	asianajoi
asianajaja	asianajajansa
asianajaja	asianajajat
asianajaja	asianajajia
asianajaja-nimike	asianajaja-nimike
asianhaara	asianhaaroja
asianomainen	asianomaiset
asianosainen	asianosaisille
asiantuntemattomuus	asiantuntemattomuus
asiantuntemus	asiantuntemusta
asiantunteva	asiantuntevan
asiantuntija	asiantuntija
asiantuntija	asiantuntijaa
asiantuntija	asiantuntijalle
asiantuntija	asiantuntijamme
asiantuntija	asiantuntijankin
asiantuntija	asiantuntijat
asiantuntija	asiantuntijoiden
asiantuntija	asiantuntijoilla
asiantuntija	asiantuntijoita
asiantuntijanäkemys	asiantuntijanäkemyksinä
asiaohjelma	asiaohjelmat
asiaton	asiaton
asikainen	asikaisen
asioida	asioi
asioiminen	asioimisen
asiointi	asioinnin
ask	ask
askainen	askaisten
askare	askareihin
askarrella	askartelee
askarrella	askartelisivat
askartelu	askartelu
askartelu	askartelussa
askarteluhuone	askarteluhuone
askel	askel
askel	askeleella
askel	askeleen
askel	askeleenkaan
askel	askeleenkin
askel	askeleita
askel	askelen
askel	askelia
askel	askeltaan
askellaji	askellaji
askillinen	askillisen
aslak	aslak
aspiriini	aspiriinin
assa-abloy	assa-abloy
asser	asser
asser	asserin
assistentti	assistentin
aste	asteen
aste	asteeseen
aste	asteessa
aste	asteesta
aste	astetta
astella	astelee
astella	asteli
asterix	asterix
asteroidi	asteroidit
asti	asti
astia	astioiden
astia	astioita
astianpesukone	astianpesukone
astro-kangas	astro-kangasta
astua	astua
astua	astuessaan
astua	astui
astua	astuin
astua	astukaa
astua	astumaan
astua	astunu
astua	astunut
astua	astuttuaan
astua	astuu
astua	astuvat
astuminen	astuminen
astuvansalmi	astuvansalmen
asu	asu
asu	asua
asu	asuun
asua	asu
asua	asua
asua	asuakseen
asua	asuakseni
asua	asuessaan
asua	asui
asua	asuin
asua	asuisi
asua	asuisit
asua	asuisivat
asua	asuit
asua	asuivat
asua	asumaan
asua	asumattomia
asua	asummaa
asua	asumme
asua	asun
asua	asuneen
asua	asuneet
asua	asuneiden
asua	asuneilta
asua	asuneita
asua	asunut
asua	asut
asua	asutaa
asua	asutkin
asua	asuttiin
asua	asuttu
asua	asuttuaan
asua	asuu
asua	asuuko
asua	asuva
asua	asuvan
asua	asuvansa
asua	asuvat
asua	asuvia
asua	asuvien
asuinhuoneisto	asuinhuoneistoihin
asuinpaikka	asuinpaikoilleen
asuintalo	asuintalo
asuintalo	asuintalollasi
asukas	asukas
asukas	asukasta
asukas	asukkaalla
asukas	asukkaan
asukas	asukkaat
asukas	asukkailta
asukas	asukkaista
asukas	asukkaita
asukokonaisuus	asukokonaisuuttaan
asuminen	asuminen
asuminen	asumisessa
asuminen	asumisesta
asuminen	asumista
asumiskuri	asumiskurin
asumismuoto	asumismuoto
asumisoikeusasunto	asumisoikeusasunnosta
asumistuki	asumistuen
asumisviihtyvyys	asumisviihtyvyyttä
asumusero	asumuserokin
asunnonvaihto	asunnonvaihdosta
asunnonvaihto	asunnonvaihdostako
asunnonvalvoja	asunnonvalvoja
asunnonvälittäjä	asunnonvälittäjien
asunto	asunnoissa
asunto	asunnolla
asunto	asunnollakin
asunto	asunnon
asunto	asunnossa
asunto	asunnosta
asunto	asunnostaan
asunto	asunnot
asunto	asunto
asunto	asuntoa
asunto	asuntoihi
asunto	asuntoja
asunto	asuntojen
asunto	asuntonne
asunto	asuntonsa
asunto-	asunto-
asunto-osakeyhtiö	asunto-osakeyhtiö
asuntola	asuntolassa
asuntolaina	asuntolainaa
asuntolaina	asuntolainasi
asuntomarkkina	asuntomarkkinoitten
asuntosäätiö	asuntosäätiönsä
asuntotukihakemus	asuntotukihakemusta
asuntotuotanto	asuntotuotanto
asuntovaunu	asuntovaunussa
asuntovelallinen	asuntovelallisten
asuntovelka	asuntovelkaa
asustaa	asustavat
asuste	asusteet
asuttaa	asuttama
asuttaa	asuttanut
asutus	asutuksen
asutus	asutuksensa
asutus	asutus
asutusalue	asutusalueelle
asutustila	asutustilalle
asutustila	asutustilan
asvalttitie	asvalttiteillä
ateena	ateenassa
ateljee	ateljeensa
ateljeekuva	ateljeekuvia
ateneum	ateneumiin
ateria	ateria
atk-päivystäjä	atk-päivystäjä
atk-työasema	atk-työasema
atlanta	atlantan
atlanta	atlantassa
atlantti	atlantilla
atm-kortti	atm-kortteja
atomipommi	atomipommin
atsalea	atsalea
attentaatti	attentaatti
atwood	atwood
au	au
auckland	aucklandin
audi	audi
auer	auer
auervaara	auervaaralle
auervaara	auervaaroihin
aueta	aueta
aueta	aukeaa
aueta	aukeaisi
aueta	aukeavat
aueta	aukesi
august	august
augustus	augustuksen
aukaisin	aukaisin
aukaista	aukaasen
aukaista	aukaisi
aukaista	aukaista
aukaista	aukaisten
auki	auki
aukio	aukion
aukioloaika	aukioloajat
aukioloaika	aukioloajoista
aukiolosäädös	aukiolosäädökset
aukko	aukko
aukko	aukkoja
aukko	aukossa
aukoton	aukottomalta
aukottomasti	aukottomasti
aula	aula
aula	aulan
aula	aulassa
aulis	aulis
aura	auran
aura	auransa
auraton	auraton
aurikolasit	aurikolasit
auringonlasku	auringonlaskua
auringonlasku	auringonlaskuja
auringonpaiste	auringonpaiste
auringonpaiste	auringonpaisteessa
auringonvalo	auringonvalon
aurinko	auringolle
aurinko	auringon
aurinko	auringosta
aurinko	aurinko
aurinko	aurinkoa
aurinkoinen	aurinkoinen
aurinkoinen	aurinkoisella
aurinkoinen	aurinkoisena
aurinkoinen	aurinkoisilla
aurinkokeitin	aurinkokeittimestä
aurinkokeittiö	aurinkokeittiöstä
aurinkolasi	aurinkolaseista
aurinkolasi	aurinkolasien
aurinkolasi	aurinkolasit
aurinkomatkailu	aurinkomatkailua
aurinkosuoja	aurinkosuojaa
aurinkosähkö	aurinkosähköllä
auskultoida	auskultoi
australia	australiassa
australialainen	australialaisten
autella	auttelemaan
autettava	autettavat
autio	autiolle
autio	autioon
auto	auto
auto	autoa
auto	autoaan
auto	autoani
auto	autoilla
auto	autoista
auto	autoja
auto	autojaan
auto	autojen
auto	autoksi
auto	autolla
auto	autolle
auto	auton
auto	autoni
auto	autonne
auto	autonsa
auto	autoon
auto	autoonsa
auto	autosi
auto	autossa
auto	autosta
auto	autot
auto	autothan
auto	autotta
autoala	autoalalla
autoilija	autoilija
autoilija	autoilijaa
autoilija	autoilijan
autoilija	autoilijat
autoilija	autoilijoilta
autoilija	autoilijoista
autoilija	autoilijoita
autoilu	autoilu
autoilu	autoilua
autoistuminen	autoistuminen
autojono	autojono
autokanta	autokannan
autolautta	autolautta
autoliikenne	autoliikenne
automaatti	automaateista
automaatti	automaatilla
automaatti	automaatin
automaatti	automaatit
automaattihaku	automaattihaulla
automaattisesti	automaattisesti
automaattisulatteinen	automaattisulatteinen
automaattivaihteisto	automaattivaihteistoja
automaattivessa	automaattivessa
automalli	automallin
automatiikka	automatiikka
automerkki	automerkit
automerkki	automerkkiä
automies	automies
automyyjä	automyyjältä
autonkuljettaja	autonkuljettaja
autonlevyinen	autonlevyinen
autontorvi	autontorvien
autonvalmistaja	autonvalmistajat
autonvalmistusmaa	autonvalmistusmaa
autonäyttely	autonäyttelyssä
autopalo	autopalosta
autoradio	autoradiota
autosähköasentaja	autosähköasentajan
autotankkaamo	autotankkaamon
autotehdas	autotehdas
autotehdas	autotehtaan
autotie	autotien
autoton	autoton
autoton	autottoman
autovakuutus	autovakuutuksiin
autovarkaus	autovarkaudetkin
autovarkausjuttu	autovarkausjutussa
auttaa	auta
auttaa	autan
auttaa	autapas
auttaa	autetaan
auttaa	auttaa
auttaa	auttamaan
auttaa	auttaneet
auttaa	auttanut
auttaa	auttavat
auttaa	auttoi
auttaa	auttoivat
auttaja	auttaja
auttaja	auttajat
autuus	autuus
auvinen	auvinen
auvoisesti	auvoisesti
avaaminen	avaaminen
avaaminen	avaamista
availu	availussa
avaimenreikä	avaimenreiästä
avain	avaimella
avain	avaimen
avain	avaimensa
avain	avaimet
avain	avaimia
avain	avaimillaan
avain	avain
avain	avainta
avainkysymys	avainkysymyksenä
avainkysymys	avainkysymyksiä
avainnippu	avainnipun
avainpelaaja	avainpelaajat
avainsana	avainsanoja
avajaiset	avajaiset
avajaiset	avajaisiin
avajaiset	avajaisten
avanto	avannossa
avanto	avantoon
avantouinti	avantouinnista
avara	avara
avara	avarat
avara	avaria
avarasydäminen	avarasydäminen
avartua	avartuu
avaruus	avaruuden
avaruus	avaruudesta
avaruusalus	avaruusalus
avaruuslentäjä	avaruuslentäjän
avaruusraketti	avaruusrakettia
avata	avaa
avata	avaamaan
avata	avaamatta
avata	avaat
avata	avaisi
avata	avanneeseen
avata	avannut
avata	avasi
avata	avasimme
avata	avasin
avata	avata
avata	avataan
avata	avataanko
avata	avatkaamme
avata	avattava
avata	avattiin
avata	avattu
avata	avattua
avata	avatulla
avata	avatussa
avaus	avauksen
avaus	avaus
avauserä	avauserä
avauserä	avauserän
avausistunto	avausistunnon
avauskysymys	avauskysymykseen
avausmaali	avausmaalin
avausminuutti	avausminuutilla
avausosa	avausosan
avausottelu	avausottelunsa
avauspäivä	avauspäivän
avaustarjous	avaustarjoukset
avautua	avautuneet
avautua	avautunut
avautua	avautuu
avautua	avautuva
avautua	avautuvat
avautumishäiriö	avautumishäiriöistä
ave	ave
avio-oikeus	avio-oikeudesta
avioero	avioero
avioero	avioeroa
avioero	avioerojen
avioero	avioeron
avioero	avioeroon
avioero	avioerossa
avioitua	avioitua
avioitua	avioitui
avioliitto	avioliiton
avioliitto	avioliitosta
avioliitto	avioliitto
avioliitto	avioliittoja
aviollinen	aviollisia
aviomies	aviomiehen
aviomies	aviomieheni
aviomies	aviomiehensä
aviomies	aviomies
aviopari	aviopari
aviopari	avioparin
aviovaimo	aviovaimo
aviv	avivia
avo-oja	avo-ojat
avoimemmin	avoimemmin
avoimesti	avoimesti
avoimuus	avoimuudesta
avoimuus	avoimuus
avoin	avoimeen
avoin	avoimen
avoin	avoimia
avoin	avoimien
avoin	avoimilla
avoin	avoin
avoin	avointa
avoinna	avoinna
avokanala	avokanalan
avokaulainen	avokaulainen
avolava	avolavoilla
avolava-auto	avolava-auto
avomeri	avomerelle
avoponttooni	avoponttoonin
avosylin	avosylin
avot	avot
avovaimo	avovaimo
avovaimoveitikka	avovaimoveitikan
avulias	avuliaana
avulla	avulla
avulla	avullamme
avustaja	avustaja
avustaja	avustajaa
avustaja	avustajaltani
avustaja	avustajan
avustaja	avustajansa
avustus	avustuksesta
avustus	avustusta
avustuserä	avustuseristä
avustuskuljetus	avustuskuljetuksia
avustusoperaatio	avustusoperaation
avuton	avuton
ax	ax
axel	axel
axén	axén
ay-liike	ay-liikkeen
b	b
b	b:hen
b	b:n
b	b:stä
b-maajoukkue	b-maajoukkueesta
b-molli-skertso	b-molli
baari	baariin
baari	baarissa
baarituoli	baarituolilta
baby	baby
bach	bach
bach	bachin
bach-gounod	bach-gounod'n
back-gammon	back-gammonia
backley	backleyn
bacon	bacon
baden-württemberg	baden-württemberg
bagh	baghia
bagn	bagn
bahama	bahamalla
bahama	bahamassa
bahama-saari	bahama-saarille
baijeri	baijerissa
baikal	baikalilla
bajul	bajul
bakteeri	bakteerin
bakteeri	bakteerista
bakteeri	bakteerit
baleaarit	baleaarit
baletti	baletin
balettitanssija	balettitanssijan
balettitunti	balettitunnit
balettitunti	balettitunteja
bali	balilla
balkan	balkanin
baloo	baloon
balsamoida	balsamoida
baltia	baltiaan
baltia	baltian
baltia	baltiasta
bamako	bamako
bambu	bambua
bamse	bamsen
banaalisti	banaalisti
baptistikirkko	baptistikirkossa
barbara	barbara
barbara	barbarassa
barbie	barbie
barbie	barbien
barclay-pankki	barclay-pankista
baretta	barettaa
bari-kansa	bari-kansan
bari-lapsi	bari-lapsilla
barokkityylinen	barokkityylinen
barrichello	barrichello
barrikadi	barrikadin
basel	baseliin
basilikatee	basilikateen
baskimaa	baskimaassa
basso	bassosta
bassoisa	bassoisa
basti	basti
bastis	bastis
bataldenin	bataldenin
bathilde	bathilde
batman	batmanin
bbc	bbc:lle
be	be
beat	beat
becquerelli	becquerelliä
bed	bed
beethoven	beethoven
behn	behnin
beigle	beigleihin
beijing	beijingiin
beijing	beijingissä
béla	béla
belaja	belaja
belgia	belgiassa
belgia	belgiasta
belgialainen	belgialainen
belgialainen	belgialaiset
belgrad	belgrad
belgrad	belgradin
bellona	bellonan
belmondo	belmondoa
beloselski-belozerski	beloselski-belozerskin
benecol	benecolin
benetton	benettonin
bensa	bensa
bensa-asema	bensa-asemalle
bensalitra	bensalitran
bensiini	bensiini
bensiini	bensiiniä
bensiinikauppias	bensiinikauppias
benz	benz
bergen	bergenin
berglund	berglund
bergström	bergströmille
berliini	berliinin
berliini	berliinissä
berliini	berliiniä
berliiniläinen	berliiniläisestä
bermuda	bermudan
bernard	bernard
bernhard	bernhardin
bertta	bertan
best	best
betoni	betoni
betonikuilu	betonikuilussa
betoniraudoittaja	betoniraudoittajan
betoniseinä	betoniseinät
betonityö	betonityöt
betoniyhtiö	betoniyhtiön
bien	bien
biisi	biisi
biisi	biisin
biisi	biisinä
bike	bike
bikini	bikinit
bikinit	bikinissä
bikinit	bikinit
bildt	bildtin
bileet	bileet
bileet	bileitäs
bileet	pileitä
biletapahtuma	biletapahtumaan
bill	bill
billy-kraatteri	billy-kraatteriin
bimbohtava	bimbohtavaa
bioase	bioaseensa
biologinen	biologisen
biologinen	biologista
biotuote	biotuotteiden
birgitta	birgitta
bisset	bissetin
bix	bix
björk	björk
björn	björn
blaa	blaa
black	black
blade	blade
blair	blair
blair	blairin
blake	blake
blanc	blanc
blaster	blasterin
blazer	blazer
blonder	blonderin
blooper	blooper
blues	blues
blääblääblää	blääblääblää
bmw	bmw
bmw	bmw:n
boc	boc
boccaccio	boccaccio
bocuse	bocusen
bodhisattva	bodhisattvana
boer	boer
bogdanov	bogdanov
bogomoloff	bogomoloffin
bogota	bogotaan
bokassa	bokassaa
boke	boken
boken	boken
boksi	boksin
bolger	bolgerin
bolton	boltonin
bona-purkki	bona-purkit
bond	bondia
bondius	bondius
bongata	bongasi
bonus	bonukset
bonus	bonusta
booker-ehdokas	booker-ehdokkaina
bordelli	bordelliin
borg	borgin
boris	boris
borlänge	borlängessä
bosko	bosko
bosnia	bosnia
bosnia	bosniaan
bosnia	bosnian
bosnia-hertsegovina	bosnia-hertsegovinan
bosnialainen	bosnialaisten
bossa	bossa
boston	bostonin
boston	bostonissa
boston	bostonista
boudicca	boudiccasta
boxster	boxsteria
brahms	brahmsin
brando	brandoon
brasilia	brasilia
brasilia	brasiliaa
brasilia	brasiliaan
brasilia	brasilian
brasilialainen	brasilialaisesta
brasilialainen	brasilialaiset
brax	brax
brax	braxin
breakfast	breakfast
bremer	bremerin
brezhnev	brezhnevin
brian	brian
brigitte	brigitte
briljeeraus	briljeeraukseen
britannia	britannia
britannia	britanniaa
britannia	britannian
britti	britit
britti	brittein
britti	britti
britti	brittien
brittihuumori	brittihuumori
brittiläinen	brittiläistä
brittituote	brittituotteita
broadway	broadwayn
broileri	broileri
brosnan	brosnan
brown	brownilla
bruce	bruce
brunssi	brunsseilla
brunssi	brunssin
brutto	bruttona
bruttoansio	bruttoansioista
bruttokansantuote	bruttokansantuotteeseen
brychan	brychan
brychan	brychanin
bryggare	bryggare
bryssel	bryssel
bryssel	brysseliin
bryssel	brysselin
bryssel	brysselissä
bryssel	brysselissäkin
bryssel	brysselistä
bryssel	brysselit
bubka	bubka
buckler	buckler
budapest	budapestiin
budd	budd
buddha	buddhana
buddhalainen	buddhalaiset
buddhismi	buddhismista
budjetointi	budjetoinnin
budjetoitu	budjetoidun
budjetti	budjetin
budjetti	budjetissa
budjetti	budjetista
budjetti	budjettia
budjetti	budjettiin
budjettikirja	budjettikirja
budjettirahoitus	budjettirahoitus
budjettiriihi	budjettiriihen
budjettisäästö	budjettisäästöistä
budjettitavoite	budjettitavoitteitaan
bujval	bujval
bukowski-hörhammer	bukowski-hörhammerin
bulevardi	bulevardille
bulgakov	bulgakovin
bulgakov-	bulgakov-
bulgaria	bulgarian
bulgarialainen	bulgarialaisilta
bulletiini	bulletiinin
bullterrieri	bullterrieri
bultmann	bultmannia
bunkata	bunkkasi
burana	buranan
burana-c	burana-c
burn	burn
burnout	burnout
burrell	burrell
burundi	burundin
burundi	burundista
busapysäkki	busapysäkille
bush	bushin
bussi	busseja
bussi	bussi
bussi	bussia
bussi	bussiin
bussi	bussilla
bussi	bussillakaan
bussi	bussin
bussi	bussit
bussikaista	bussikaistalle
bussilastillinen	bussilastillinen
bussinkuljettaja	bussinkuljettajien
bussipysäkkikatos	bussipysäkkikatosten
bussivuoro	bussivuoroa
butley	butley
buttenhof	buttenhof
buttenhof	buttenhofille
buttenhof	buttenhofin
bv	bv
bwv	bwv
byrokraatti	byrokraateilta
bysantti	bysantin
bändi	bändi
bändi	bändin
bändi	bändissä
bändi	bändistä
bänät	bänät
bönde	bönde
bönde	böndestä
bööna	böönan
c	c.
c-tyttö	c-tytöissä
c-vitamiini	c-vitamiinia
ca	capa
calibra	calibroista
calibroi	calibroista
callas	callasta
calle	calle
camembert	camembert
campbell	campbell
candice	candice
cannes	cannesista
canossan-matka	canossan-matkalle
canterbury	canterburyn
cantona	cantona
captain	captain
caravelle	caravelle
card	card
cardus	cardus
carelia-lehti	carelia-lehden
carina	carina
carina	carinan
carl-erik	carl-erik
carl-gustav	carl-gustav
carlander	carlander
carlo	carlo
carlo	carlon
carreyn	carreyn
carteris	carterisia
caruso	carusoa
casablanca	casablanca
casanova	casanova
casey	casey
cash	cash
cashmere	cashmerelle
casimir	casimir
casse	casse
castrén	castrénin
cato	caton
cats	catsissa
cd	cd:n
cd-levy	cd-levy
cd-levy	cd-levyjä
cd-levy	cd-levylle
cd-rom	cd-rom
cd-rom	cd-romilla
cd-rom-levy	cd-rom-levyllä
cd-soitin	cd-soittimen
cennin	cenninin
cennino	cennino
centa	centa
center	center
central	central
certainement	certainement
challenge	challengeen
champagne	champagnen
chanel	chanel
channel	channel
chapman	chapman
chardonnayta	chardonnayta
charles	charles
charles	charlesia
charles	charlesin
charme	charme
charmikas	charmikas
chaucer	chaucer
cherie	cherie
chevrolet	chevroletilla
chidi	chidi
chirac	chirac
choi	choi
chopin	chopiniksi
chopin	chopinin
chris	chris
christa	christa
christensen	christensen
christian	christian
christie	christie
christina	christina
chrysler	chrysler
cia	cia:n
cider	cider
cinecitta	cinecittan
claude	claude
cliff	cliff
clint	clint
clinton	clinton
clinton	clintonille
clinton	clintonin
cm	cm
cocacola	cocacola
cocktail	cocktailin
coco	coco
cocton	cocton
coffeeshop	coffeeshop
cohen	cohenin
cola	cola
colette	colette
colin	colin
collymore	collymore
colorado	colorado
colorado	coloradon
communautaire	communautaire
concorde	concordella
congress	congress
connery	connerympään
connery	conneryn
conoco	conoco
contax	contax
contra	contrille
converta	convertassa
cook	cookin
coppola	coppolan
corbusier	corbusierilta
costiander	costiander
cosworth	cosworthia
coupé	coupé
cowan	cowanille
cowboy	cowboy
crawford	crawford
crista	cristan
croissant	croissantit
crook	crookin
cruisailu	cruisailuun
crystal	crystal
ctv	ctv
cuauhtémoc	cuauhtémoc
cultor	cultorin
cunningham	cunningham
cuong	cuong
cup	cupiin
cup-voittaja	cup-voittajien
cupvoitto	cupvoiton
curt	curt
custom-pyörä	custom-pyörä
cv-sivu	cv-sivua
cyclo	cyclon
d-markka	d-markkojen
d-vitamiini	d-vitamiinin
d.e.d	d.e.d
daami	daamit
dagbladet	dagbladet
dahlström	dahlström
daily	daily
dallas	dallas
dalmatia	dalmatian
daly	daly
damastinen	damastiset
daniel	daniel
daniel	danieliin
darling	darling
data	datan
datakypärä	datakypärä
david	david
davies	davies
davis	davis
dawson	dawsonin
ddr	ddr:n
decamerone	decameronensa
decker	decker
deep	deep
dekantoida	dekantoidessa
dekkari	dekkareita
dekkari	dekkareitasi
dekkari	dekkari
dekoltee-alue	dekoltee-alueen
delegoida	delegoida
demari	demareita
demari	demari
demari	demarien
demari	demariin
demari	demarimpaa
demari	demarissa
demari-lehti	demari-lehdessä
demariedustaja	demariedustaja
demarikeskustelu	demarikeskustelu
demarinuora	demarinuorista
demaritar	demaritar
demariväki	demariväen
dementia	dementia
dementia	dementian
dementti	dementti
demi	demi
demo	demon
demokraatti	demokraattien
demokraattinen	demokraattinen
demokraattinen	demokraattiseksi
demokraattinen	demokraattisen
demokraattinen	demokraattisille
demokratia	demokratia
demokratia	demokratiaa
demokratia	demokratian
demokratisointi	demokratisointia
demokratisoituminen	demokratisoitumisesta
demonstraatio	demonstraatiota
den	den
denard	denardin
denier	denierin
deodoranttipullo	deodoranttipullojen
depressio	depressio
descartes	descartes
desimaali	desimaalilla
desinfioida	desinfioida
deskjet	deskjet
dettmann	dettmann
devalainen	devalaiset
devalvoida	devalvoidessa
devils	devilsin
dfi	dfi
dfi-mallisarja	dfi-mallisarjasta
di	di
diabeettinen	diabeettinen
diabolique	diabolique
diagnostinen	diagnostisia
dialogi	dialogia
dialogi	dialogin
diamonds	diamonds
diana	diana
diana	dianaa
diana	dianan
diana	dianasta
dick	dickiltä
did	did
didi	didille
didrichsen	didrichsenin
dieettiruoka	dieettiruokiin
diesel	dieselin
diesel-bemari	diesel-bemarilla
dieselmoottorinen	dieselmoottorisille
differentiaalilaskento	differentiaalilaskennon
digitaalinen	digitaalisessa
digitaalinen	digitaalisten
digitaalinäyttö	digitaalinäytöille
digitaalipiano	digitaalipianojen
digitaalipiano	digitaalipianon
diiva	diiva
diivailla	diivailit
diktonius	diktonius
dinosaurus	dinosaurukset
dinosaurus	dinosauruksissa
dinosaurus	dinosaurus
diplomaattisesti	diplomaattisesti
dipoli	dipolin
direktiivi	direktiivin
disko	diskoihin
disko	diskoon
diskomusa	diskomusan
disney-piirretty	disney-piirretty
dna	dna:han
dna	dna:n
dna-näyte	dna-näytteiden
do	do
docker	dockeryn
dokumentoida	dokumentoitu
dokumentti	dokumentilla
dokumentti	dokumentissa
dokumentti	dokumentti
dollari	dollari
dollari	dollaria
dollari	dollarilla
dollari	dollarin
don	don
donike	donike
donna	donna
donner	donner
doping	dopingiin
dora	dora
dora	doraa
dora	doraan
dortmund	dortmundia
dosentti	dosentti
dostojevskiläisittäin	dostojevskiläisittäin
douglas	douglas
draama	draama
draama	draamansa
dramaattinen	dramaattisin
dramaattisesti	dramaattisesti
drinkki	drinkillä
drinkki	drinkin
dublin	dublinissa
ducati	ducatin
duff	duffin
dupont-konserni	dupont-konserniin
duuma	duuma
duuma	duuman
duunata	duunaak
duuni	duunia
duuni	duunii
duuni	duunis
duuni	duunissa
dvina-joki	dvina-joki
dvorák	dvorákin
dynaaminen	dynaamisimmat
dynamiittipanos	dynamiittipanokset
dynastia	dynastiassa
dysleksia	dysleksiaa
düsseldorf	düsseldorfiin
düsseldorf	düsseldorfissa
dyyni	dyyni
dzeni	dzeni
dödö	dödö
e-	e-
e-afrikka	e-afrikasta
e-duuri	e-duuri
e-duuri-preludi	e-duuri-preludi
e-katsomo	e-katsomoon
e-kauppa	e-kaupasta
e-molli-sonaatti	e-molli-sonaatin
eastwood	eastwoodia
easybob	easybob
eay	eay:n
ebeling	ebeling
ecer	ecer
ecer	ecerin
ecu	ecuja
edelfelt	edelfeltin
edelle	edelle
edelleen	edelleen
edelleen	edelleenkin
edellinen	edellinen
edellinen	edellisellä
edellinen	edellisen
edellinen	edellisenä
edellinen	edellisestä
edellinen	edellisestäkään
edellinen	edelliset
edellinen	edellisissä
edellinen	edellisistä
edellinen	edellistä
edellismessu	edellismessujen
edellisvuosi	edellisvuotta
edellyttää	edellyttäen
edellyttää	edellyttäisi
edellyttää	edellyttämä
edellyttää	edellyttämällä
edellyttää	edellyttänee
edellyttää	edellyttää
edellytys	edellytyksenä
edellytys	edellytykset
edellä	edellä
edellä	edellämme
edeltä	edeltä
edeltäjä	edeltäjä
edeltäjä	edeltäjäni
edeltäjä	edeltäjänsä
edeltäjä	edeltäjäänsä
edeltää	edeltävää
edes	edes
edes	ees
edes	eres
edesmennyt	edesmenneelle
edesmennyt	edesmenneen
edesmennyt	edesmenneitä
edesmennä	edesmenneen
edesmennä	edesmennyt
edessä	edessä
edessä	edessämme
edessä	edessäni
edessä	edessään
edessä	eessä
edestakaisin	edestakaisin
edestä	edestä
edesvastuuton	edesvastuuton
edetä	edennyt
edetä	edetessä
edetä	edetyn
edetä	edetä
edetä	edetään
edetä	etenee
edetä	etenevät
edetä	etenevää
edetä	eteni
edina	edina
edistys	edistyksen
edistyä	edistyessä
edistyä	edistynyt
edistyä	edistyt
edistyä	edistyy
edistäminen	edistämistä
edistää	edistäen
edistää	edistänyt
edistää	edistää
edistää	edistääkseen
editse	editse
edmonton	edmonton
edmund	edmundin
edu	edua
edullinen	edullinen
edullinen	edullisempi
edullinen	edullisen
edullinen	edullisena
edullinen	edullisia
edullinen	edullisimmasta
edullinen	edullista
edullisimmin	edullisimmin
edunvalvonta	edunvalvontaamme
eduskunta	eduskunnalle
eduskunta	eduskunnan
eduskunta	eduskunnassa
eduskunta	eduskunnassakaan
eduskunta	eduskunnasta
eduskunta	eduskunta
eduskunta	eduskuntaa
eduskunta	eduskuntaan
eduskunta	eduskuntaankin
eduskuntaryhmä	eduskuntaryhmästä
eduskuntarymä	eduskuntarymä
eduskuntatalo	eduskuntatalon
eduskuntavaali	eduskuntavaaleissa
eduskuntavaali	eduskuntavaalit
edusta	edustalle
edustaa	edustaen
edustaa	edustava
edustaa	edustavat
edustaa	edustettuna
edustaja	edustaja
edustaja	edustajaa
edustaja	edustajan
edustaja	edustajana
edustaja	edustajat
edustaja	edustajia
edustaja	edustajien
edustaja	edustajiensa
edustaja	edustajille
edustalla	edustalla
edustava	edustavin
edustusjoukkue	edustusjoukkue
edustusmatka	edustusmatkoilta
edustussauna	edustussaunalla
edward	edwardilla
edwards	edwardsin
edwin	edwin
ee	ee
eec	eec:n
eelis	eelikselle
eelis	eelis
eero	eero
eero	eerolta
eesti	eestillä
eettinen	eettiset
eettinen	eettisten
eettisesti	eettisesti
eeva	eeva
eeva	eevalta
eeva	eevoja
egaliteetti	egaliteetti
egypti	egyptiin
egypti	egyptin
ehdokas	ehdokas
ehdokas	ehdokasta
ehdokas	ehdokkaakseen
ehdokas	ehdokkaaksi
ehdokas	ehdokkaalla
ehdokas	ehdokkaani
ehdokas	ehdokkaasta
ehdokas	ehdokkaat
ehdokas	ehdokkaiksi
ehdokas	ehdokkaille
ehdokas	ehdokkaita
ehdokasasettelu	ehdokasasettelu
ehdokasehdokas	ehdokasehdokkaat
ehdokaslista	ehdokaslistassa
ehdokkuus	ehdokkuuttaan
ehdollinen	ehdollisen
ehdollinen	ehdollisessa
ehdollinen	ehdollisia
ehdoton	ehdoton
ehdoton	ehdottoman
ehdottaa	ehdotamme
ehdottaa	ehdotan
ehdottaa	ehdotetaan
ehdottaa	ehdotettiin
ehdottaa	ehdottaa
ehdottaa	ehdottama
ehdottaa	ehdottamaisillaan
ehdottaa	ehdottamassa
ehdottaa	ehdottamista
ehdottaa	ehdottaneeni
ehdottaa	ehdottavan
ehdottaa	ehdottavat
ehdottaa	ehdotti
ehdottomasti	ehdottomasti
ehdotus	ehdotuksen
ehdotus	ehdotukseni
ehdotus	ehdotuksensa
ehdotus	ehdotukset
ehdotus	ehdotuksia
ehdotus	ehdotus
ehdotus	ehdotusta
eheheh	eheheh
eheä	eheämmäksi
ehjä	ehjin
ehjä	ehjiä
ehjä	ehjäksi
ehjä	ehjältä
ehkä	ehk
ehkä	ehkä
ehkä	ehkäpä
ehkäistä	ehkäistään
ehkäisy	ehkäisy
ehrnrooth	ehrnrooth
ehrnrooth	ehrnroothiin
ehrnrooth	ehrnroothin
ehtiä	ehdi
ehtiä	ehdin
ehtiä	ehditte
ehtiä	ehdittekö
ehtiä	ehditty
ehtiä	ehdittyä
ehtiä	ehdittäisiin
ehtiä	ehdittävä
ehtiä	ehditään
ehtiä	ehi
ehtiä	ehti
ehtiä	ehtii
ehtiä	ehtiikö
ehtiä	ehtineet
ehtiä	ehtineitä
ehtiä	ehtiny
ehtiä	ehtinyt
ehtiä	ehtinyttä
ehtiä	ehtisi
ehtiä	ehtivät
ehtiä	ehtiä
ehtiä	ehtiäkseen
ehto	ehdoilla
ehto	ehdoillaan
ehto	ehdoin
ehto	ehdoista
ehto	ehdolla
ehto	ehdot
ehto	ehto
ehto	ehtoa
ehto	ehtoin
ehto	ehtoja
ehtoollisviini	ehtoollisviiniä
ei	e
ei	eh
ei	ei
ei	eihä
ei	eihän
ei	eij
ei	eiks
ei	eiks'
ei	eikä
ei	eikö
ei	eiköhän
ei	eikös
ei	eipa
ei	eipä
ei	eipähän
ei	eipäs
ei	eivat
ei	eivät
ei	eivätkä
ei	eivätkö
ei	eivätköhän
ei	eivätpä
ei	eks
ei	eksää
ei	elä
ei	em
ei	emme
ei	emmekä
ei	emminä
ei	emmä
ei	en
ei	enhä
ei	enhän
ei	enkä
ei	enkö
ei	enköhän
ei	enkös
ei	enpä
ei	enpäs
ei	et
ei	ethän
ei	etkä
ei	etkö
ei	ette
ei	ettekä
ei	ettekö
ei	että
ei	älkää
ei	älkäähän
ei	älkäämme
ei	älkääs
ei	älköön
ei	älkööt
ei	älä
ei	älähän
ei	äläkä
ei	äläs
ei-inhimillinen	ei-inhimilliset
ei-jazz	ei-jazzia
ei-johtava	ei-johtavassa
ei-kukaan	ei-kenellekään
ei-kukaan	ei-kenenkään
ei-kurulainen	ei-kurulainen
ei-linja	ei-linja
ei-mihinkään-liittyvä	ei-mihinkään-liittyvään
ei-mikään	ei-mistään
ei-musiikki-ihminen	ei-musiikki-ihminen
ei-nainen	ei-nainen
ei-schengen	ei-schengenin
ei-suomalainen	ei-suomalainen
ei-syötävä	ei-syötäväksi
eiei	eiei
eiffel-torni	eiffel-tornin
eija	eija
eija-riitta	eija-riitta
eikun	eiku
eikun	eikun
eila	eila
eila	eilalle
eilen	eile
eilen	eilen
eilen	eilenkin
eilen	eilenkö
eilinen	eilinen
eilinen	eilisen
eilinen	eilisessä
eilinen	eilisestä
eilinen	eilistä
eilisilta	eilisillan
eine	eine
eino	eino
eira	eirassa
ekéus	ekéuksen
eki	eki
ekku	ekku
ekoauto	ekoautoa
ekoeko	ekoeko
ekofisk	ekofisk
ekokunta	ekokunnasta
ekologinen	ekologisella
ekologinen	ekologisempaan
ekologinen	ekologiset
ekonomi	ekonomi
ekonomi	ekonomiin
ekonoomi	ekonoomihan
ekosysteemi	ekosysteemeistä
ekosysteemi	ekosysteemi
ekosysteemi	ekosysteemin
ekosysteemi	ekosysteemit
ekovihreät	ekovihreät
ekr	ekr
ekr.	ekr.
eksistentiaalinen	eksistentiaalisen
eksoottinen	eksoottinen
eksoottinen	eksoottiseen
eksoottinen	eksoottisia
eksyksissä	eksyksissä
eksynyt	eksynyt
eksyä	eksynyt
eksyä	eksyvän
ektoplasma	ektoplasma
ekuri	ekurin
el	el:stä
elaheh	elaheh
elanto	elannon
elanto	elanto
elanto	elantonsa
ele	ele
ele	eleitä
ele	elettäkään
elegantti	elegantin
elektra	elektran
elektra-tietokanta	elektra-tietokantaan
elektroniikka	elektroniikassa
elellä	elellessä
elementti	elementin
elementti	elementit
elementti	elementtejä
elementti	elementti
elementti	elementtiä
eli	eli
elias	elias
eliitti	eliittiä
elikkä	elikkä
elikkä	elikä
elimistö	elimistöään
elin	elimensä
elin	elimet
elin	elimiin
elin	elimille
elin	elimineen
elin	elin
elina	elina
elina	elinaa
elina	elinan
elinaika	elinaikana
elinikäinen	elinikäisen
elinkeinoelämä	elinkeinoelämä
elinkustannusindeksi	elinkustannusindeksi
elintapa	elintapojaan
elintapa	elintapojamme
elintapa	elintavasta
elintarvike	elintarvikkeita
elintarvikekauppa	elintarvikekaupoissa
elintarvikelaki	elintarvikelain
elintarvikepoliittinen	elintarvikepoliittisen
elintarviketalous	elintarviketalouttamme
elintarviketuotanto	elintarviketuotantoon
elintaso	elintaso
elintensiirto	elintensiirtoon
elintärkeä	elintärkeistä
elinvoimainen	elinvoimaisia
elinvuosi	elinvuosinaan
elinvuosi	elinvuottaan
elis	elis
elisa	elisa
elisabet	elisabet
elisabeth	elisabethiltä
elise	elise
elizabeth	elizabethilla
elje	elkeet
elko	elkoa
ella	ella
elli	elli
ellun	ellun
elmeri	elmeri
elmo	elmo
elo	elo
elohiiri	elohiiri
elohopea	elohopea
eloisa	eloisaa
elokuinen	elokuisena
elokuu	elokuu
elokuu	elokuun
elokuu	elokuussa
elokuu	elokuussakin
elokuva	elokuva
elokuva	elokuvaa
elokuva	elokuvalla
elokuva	elokuvan
elokuva	elokuvansa
elokuva	elokuvassa
elokuva	elokuvasta
elokuva	elokuvat
elokuva	elokuvia
elokuva	elokuvien
elokuva-ala	elokuva-ala
elokuva-evita	elokuva-evita
elokuvajuhla	elokuvajuhlat
elokuvajuhla	elokuvajuhlien
elokuvakoulu	elokuvakoulun
elokuvarooli	elokuvaroolia
elokuvateatteri	elokuvateattereissa
elokuvatähti	elokuvatähdet
elokuvitse	elokuvitse
elollinen	elollisia
eloonjäänyt	eloonjääneitten
elossa	elosa
elossa	elossa
eloton	elottomana
elsa	elsan
eltaantua	eltaantuneen
elton	elton
elvis	elvikseen
elvistellä	elvistelemässä
elvyttäminen	elvyttämiseksi
elvyttää	elvyttääkseen
elvytyshoito	elvytyshoidossa
elvytyspolitiikka	elvytyspolitiikalla
eläimistö	eläimistöstä
eläimistö	eläimistöstään
eläin	eläimeen
eläin	eläimelle
eläin	eläimen
eläin	eläimenne
eläin	eläimenä
eläin	eläimet
eläin	eläimetkin
eläin	eläimillä
eläin	eläimineen
eläin	eläimistä
eläin	eläimiä
eläin	eläin
eläin	eläinten
eläin	eläintä
eläinaktivisti	eläinaktivistien
eläinfysioterapeutti	eläinfysioterapeutit
eläinhahmo	eläinhahmoja
eläinkuljetus	eläinkuljetuksista
eläinkunta	eläinkunnassakin
eläinlääketiede	eläinlääketiedettä
eläinlääkäri	eläinlääkäri
eläinlääkäri	eläinlääkärin
eläinmaailma	eläinmaailmassa
eläinrakas	eläinrakas
eläinrata	eläinrataansa
eläinravinto	eläinravinnon
eläintarha	eläintarhassa
eläintuntemus	eläintuntemus
eläjä	eläjäksi
eläke	eläkkeelle
eläke	eläkkeellä
eläke	eläkkeeseen
eläke	eläkkeet
eläke-kansa	eläke-kansan
eläkeikä	eläkeikää
eläkelaitos	eläkelaitos
eläkeläinen	eläkeläisen
eläkeläinen	eläkeläisiä
eläkeläisköyhyys	eläkeläisköyhyydelle
eläkemaksu	eläkemaksuun
eläkerahasto	eläkerahastoihin
eläketurvakeskus	eläketurvakeskus
eläkkeensaaja	eläkkeensaajien
eläminen	eläminen
eläminen	elämisen
elämisenmahdollisuus	elämisenmahdollisuudet
elämismaailma	elämismaailmalleen
elämys	elämyksen
elämys	elämyksestä
elämys	elämyksiä
elämys	elämys
elämä	elämä
elämä	elämälle
elämä	elämälleen
elämä	elämämme
elämä	elämän
elämä	elämäni
elämä	elämänsä
elämä	elämäs
elämä	elämäsi
elämä	elämässä
elämä	elämässäni
elämä	elämässään
elämä	elämästä
elämä	elämästäsi
elämä	elämästään
elämä	elämää
elämä	elämään
elämä	elämääni
elämä	elämäänsä
elämäkerta	elämäkerran
elämäkerta	elämäkerrassani
elämäkerta	elämäkertansa
elämäkertahaastateltu	elämäkertahaastateltujen
elämänikäinen	elämänikäiset
elämänkaari	elämänkaari
elämänkokemus	elämänkokemusta
elämänmuutos	elämänmuutos
elämänrytmi	elämänrytmi
elämäntapa	elämäntapa
elämäntapa	elämäntapaan
elämäntapa	elämäntapani
elämäntapakuvio	elämäntapakuvioihin
elämäntilanne	elämäntilanne
elämäntyyli	elämäntyyli
elämänusko	elämänuskon
elämänusko	elämänuskonsa
elämänvaihe	elämänvaiheessa
elämänvaihe	elämänvaiheet
elättää	elätettävä
elättää	elätti
elävä	elävällä
elävä	elävästä
eläytyä	eläytymään
elää	elettiin
elää	eletty
elää	elettyään
elää	elettävä
elää	eletään
elää	eli
elää	elin
elää	elivät
elää	ellää
elää	elä
elää	eläisin
elää	eläisitte
elää	eläköön
elää	elämällä
elää	elämään
elää	eläneet
elää	eläny
elää	elänyt
elää	elänyttä
elää	elävistä
elää	elävä
elää	elävän
elää	elävänä
elää	elävät
elää	elää
elää	elääkseen
em-karsinta	em-karsinnoissa
em-kisaottelu	em-kisaottelusta
em-pronssi	em-pronssia
em-sarja	em-sarjan
em-titteli	em-titteli
em-uinti	em-uinnit
em.	em.
emali	emali
emden	emdeniin
emeritus	emeritus
emo	emo
emo	emoaan
emo	emoksi
emo	emonsa
emoyhtiö	emoyhtiö
empiä	empii
empiä	empivät
emu	emu
emu	emu:n
emu	emu:ssa
emu	emuun
emu	emuunkin
emu-jäsenmaa	emu-jäsenmaan
emä-suomi	emä-suomessa
emälehmätutkimus	emälehmätutkimus
emäntä	emännällä
emäntä	emännän
emäntä	emäntä
emäntä	emäntäni
emäntä	emäntää
emäntä	emäntäänsä
enemmistö	enemmistö
enemmistö	enemmistön
enemmälti	enemmälti
enemmän	enemmä
enemmän	enemmän
enemmän	enemmänkin
enempi	enempi
enempää	enempää
enempää	enempäähän
energia	energia
energia	energiaa
energia	energian
energia	energiansa
energiankulutus	energiankulutus
energiankulutus	energiankulutusta
energiavarasto	energiavarastona
energinen	energisellä
enestam	enestam
enetä	enenevässä
engberg	engberg
engels	engels
englannin-	englannin-
englanninkielinen	englanninkieliseen
englanninkielinen	englanninkielisen
englanninkielinen	englanninkielisiä
englanninkielinen	englanninkielistä
englanti	englanniksi
englanti	englannille
englanti	englannin
englanti	englanninkin
englanti	englannissa
englanti	englannissakin
englanti	englannista
englanti	englantia
englanti	englantiin
englantilainen	englantilainen
englantilainen	englantilaiseen
englantilainen	englantilaisia
englantilainen	englantilaisille
enimmillään	enimmillään
enimmäkseen	enimmäkseen
enintään	enintään
eniten	eniten
enkeli	enkeleitä
enkeli	enkeli
ennakko	ennakkoa
ennakko	ennakkoon
ennakko-odotus	ennakko-odotukset
ennakkoesitys	ennakkoesitystä
ennakkolaskelma	ennakkolaskelmien
ennakkolausunto	ennakkolausuntonsa
ennakkoluulo	ennakkoluuloa
ennakkoluulo	ennakkoluuloja
ennakkoluulo	ennakkoluulojahan
ennakkoluulo	ennakkoluulot
ennakkoluuloton	ennakkoluulotonta
ennakkoluuloton	ennakkoluulottomampia
ennakkomyynti	ennakkomyynti
ennakkoon	ennakkoon
ennakkosuosikki	ennakkosuosikki
ennakkosuosikki	ennakkosuosikkina
ennakkotieto	ennakkotietojen
ennakkotyö	ennakkotyössä
ennakkovero	ennakkoveron
ennakoida	ennakoi
ennakoida	ennakoida
ennakoida	ennakoimaan
ennakoida	ennakoitua
ennakoida	ennakoivan
ennakonpidätys	ennakonpidätyksen
ennallaan	ennallaan
ennalta-arvattavuus	ennalta-arvattavuudesta
ennalta-arvattavuus	ennalta-arvattavuutta
ennaltaehkäisy	ennaltaehkäisyssä
ennaltaehkäisy	ennaltaehkäisystä
ennaltamäärätty	ennaltamäärätyllä
ennemmin	ennemmin
ennen	enne
ennen	ennee
ennen	ennen
ennen	ennenkin
ennen	ennenkään
ennenkuulumaton	ennenkuulumatonta
ennestään	ennestään
ennustaa	ennustaa
ennustaa	ennustamaan
ennustaa	ennustaneet
ennustaa	ennustetaan
ennustaa	ennustettua
ennustaa	ennusti
ennustaja	ennustaja
ennuste	ennusteen
ennuste	ennusteita
ennuste	ennusteitten
ennustella	ennusteli
ennättää	ennätti
ennättää	ennättäisi
ennättää	ennättää
ennätys	ennätyksensä
ennätys	ennätykset
ennätys	ennätys
ennätys	ennätysten
ennätyskorkea	ennätyskorkealle
ennätyslukema	ennätyslukemiin
ennätysmäärä	ennätysmäärän
ennätystehtailu	ennätystehtailuun
ennätysvuosi	ennätysvuodeksi
eno	eno
eno	enon
ensemble	ensemble
ensi	ens
ensi	ensi
ensi-ilta	ensi-ilta
ensi-ilta	ensi-iltansa
ensi-iltayleisö	ensi-iltayleisöltä
ensi-istumalta	ensi-istumalta
ensiapu	ensiavun
ensiapukurssi	ensiapukurssille
ensiesittely	ensiesittelyssä
ensiesitys	ensiesitys
ensikertaa	ensikertaa
ensikertalainen	ensikertalaiseksi
ensikosketus	ensikosketuksensa
ensiksi	ensiksi
ensiksi	ensiksikin
ensilevy	ensilevy
ensiluokkainen	ensiluokkainen
ensiluokkalainen	ekaluokkalaiselle
ensimmäinen	eka
ensimmäinen	ekana
ensimmäinen	ekasta
ensimmäinen	ensimmäine
ensimmäinen	ensimmäinen
ensimmäinen	ensimmäisee
ensimmäinen	ensimmäiseen
ensimmäinen	ensimmäisel
ensimmäinen	ensimmäisellä
ensimmäinen	ensimmäiseltä
ensimmäinen	ensimmäisen
ensimmäinen	ensimmäisenä
ensimmäinen	ensimmäisessä
ensimmäinen	ensimmäisestä
ensimmäinen	ensimmäiset
ensimmäinen	ensimmäisiltä
ensimmäinen	ensimmäisinä
ensimmäinen	ensimmäisiä
ensimmäinen	ensimmäisten
ensimmäinen	ensimmäistä
ensimmäinen	ensimmäistäkään
ensimmäinen	ensmeiseks
ensimmäinen	ensmäine
ensimmäiseksi	ensimmäiseksi
ensin	eka
ensin	ensi
ensin	ensin
ensinnäkin	ensinnäkin
ensipäiväleima	ensipäiväleimoja
ensirakastaja	ensirakastaja
ensisijainen	ensisijaiset
ensisijainen	ensisijaisina
ensisijaisesti	ensisijaisesti
ensisilmäyksellä	ensisilmäyksellä
ensisynnyttäjä	ensisynnyttäjän
ensitapaaminen	ensitapaamisessa
ensivierailu	ensivierailunsa
enso	enso
enso	enson
entinen	entinen
entinen	entiseen
entinen	entiselle
entinen	entisellä
entinen	entisen
entinen	entisenä
entinen	entisessä
entinen	entisestä
entinen	entiset
entinen	entisii
entinen	entisiin
entinen	entisille
entinen	entisistä
entinen	entisiä
entinen	entistä
entisellään	entisellään
entisestään	entisestään
entistäminen	entistäminen
entistää	entistettyä
entisöidä	entisöidystä
entsyymitoiminta	entsyymitoiminta
entuudestaan	entuudestaan
entä	entä
entä	entäs
enää	ennää
enää	enää
enää	enään
epidemia	epidemia
epileptinen	epileptisen
episodi	episodi
epstein	epstein
epäaito	epäaitoina
epäesteettinen	epäesteettisiä
epähienotunteisesti	epähienotunteisesti
epähuomiossa	epähuomiossa
epäilemättä	epäilemättä
epäileväinen	epäileväisiä
epäilijä	epäilijää
epäillä	epäile
epäillä	epäilee
epäillä	epäilemään
epäillä	epäilen
epäillä	epäilet
epäillä	epäilette
epäillä	epäilevät
epäillä	epäili
epäillä	epäilisin
epäillä	epäilivät
epäillä	epäillen
epäillä	epäillyn
epäillä	epäillä
epäillä	epäillään
epäillä	epäiltiin
epäillä	epäilty
epäillä	epäiltyinä
epäilty	epäilty
epäily	epäilyjä
epäily	epäilylle
epäily	epäilyn
epäily	epäilyyn
epäilyksenalainen	epäilyksenalainen
epäilys	epäilyksen
epäilys	epäilyksettä
epäilys	epäilyksiä
epäilys	epäilys
epäilys	epäilystäkään
epäilyttävä	epäilyttävintä
epäilyttävä	epäilyttävää
epäinhimillinen	epäinhimilliset
epäkohta	epäkohdat
epäkohta	epäkohdista
epäkohta	epäkohtaan
epäkohta	epäkohtia
epäluulo	epäluulot
epämiellyttävä	epämiellyttävää
epämieluisa	epämieluisa
epämieluisa	epämieluisaa
epämieluisa	epämieluisia
epämääräinen	epämääräisen
epämääräinen	epämääräisten
epämääräinen	epämääräistä
epämääräisyys	epämääräisyys
epänormaali	epänormaali
epäoikeudenmukainen	epäoikeudenmukainen
epäoikeudenmukainen	epäoikeudenmukaisena
epäolennainen	epäolennaisesta
epäonni	epäonnekseen
epäonninen	epäonnisen
epäonnistua	epäonnistua
epäonnistua	epäonnistui
epäonnistua	epäonnistuivat
epäonnistua	epäonnistumaan
epäonnistua	epäonnistunut
epäonnistua	epäonnistuu
epäonnistuminen	epäonnistumisen
epäonnistuminen	epäonnistumisesta
epäonnistunut	epäonnistunut
epäpuhtaus	epäpuhtautta
epäpätevä	epäpätevä
epärehellisyys	epärehellisyydestä
epäröidä	epäröi
epäröidä	epäröiden
epäröidä	epäröimättä
epäröidä	epäröisi
epäselvyys	epäselvyyttä
epäselvä	epäselvä
epäselvä	epäselväksi
epäselvä	epäselvältä
epäselvä	epäselvää
epäsosiaalinen	epäsosiaaliseksi
epäsuomalainen	epäsuomalaisina
epätaiteellinen	epätaiteellista
epätasainen	epätasaisilla
epätavanomainen	epätavanomainen
epätietoisuus	epätietoisuutta
epätodellinen	epätodellista
epätodellisuus	epätodellisuudestaan
epätodennäköinen	epätodennäköinen
epätoivo	epätoivon
epätoivoinen	epätoivoinen
epätoivoinen	epätoivoisille
epätoivoissaan	epätoivoissani
epätyypillinen	epätyypilliset
epäusko	epäuskosta
epävakaa	epävakaa
epävakaa	epävakaalla
epävarma	epävarma
epävarma	epävarman
epävarma	epävarmempaa
epävarma	epävarmoja
epävarmasti	epävarmasti
epävarmuus	epävarmuuden
epävarmuus	epävarmuudessa
epävarmuus	epävarmuus
epävarmuus	epävarmuutta
epävirallinen	epävirallinen
epävirallisesti	epävirallisesti
erakkoisuus	erakkoisuudesta
erehtyä	erehtymätön
erhe	erheitä
eri	eri
eri-ikäinen	eri-ikäisiä
eric	eric
erice	ericen
ericsson	ericssonin
eriejärvi	eriejärven
erik	erik
erika	erika
erikoinen	erikoinen
erikoinen	erikoiseen
erikoinen	erikoiselta
erikoinen	erikoisen
erikoinen	erikoisesta
erikoinen	erikoisin
erikoinen	erikoista
erikoisavain	erikoisavaimilla
erikoiskeikka	erikoiskeikasta
erikoiskoe	erikoiskoe
erikoiskoe	erikoiskokeineen
erikoiskoulutettu	erikoiskoulutettuja
erikoiskännykkä	erikoiskännyköitä
erikoislaji	erikoislajinsa
erikoislääkäri	erikoislääkäri
erikoispehmeä	erikoispehmeitä
erikoistieto	erikoistiedot
erikoistua	erikoistuivat
erikoistua	erikoistuneessa
erikoistua	erikoistuneilla
erikoistua	erikoistunuj
erikoistua	erikoistunut
erikoistuminen	erikoistuminen
erikoistuntija	erikoistuntija
erikoisuus	erikoisuus
erikoisvartiointi	erikoisvartiointiin
erikseen	erikseen
erilainen	erilainen
erilainen	erilaiseksi
erilainen	erilaiselta
erilainen	erilaisempaa
erilainen	erilaisesta
erilainen	erilaisia
erilainen	erilaisii
erilainen	erilaisiin
erilainen	erilaisilta
erilainen	erilaisimpia
erilainen	erilaisis
erilainen	erilaisista
erilainen	erilaista
erilainen	erilaisten
erilaistaa	erilaistetaan
erillinen	erillinen
erillinen	erilliseen
erillinen	erillisen
erillinen	erillisten
erillistalo	erillistalo
erillään	erillään
erimielinen	erimielisiä
erimielisyys	erimielisyyksissä
erimielisyys	erimielisyyksiä
erimuotoinen	erimuotoiset
erinomainen	erinomainen
erinomainen	erinomaisen
erinomainen	erinomaisena
erinomainen	erinomaiset
erinomainen	erinomaista
eristyksissä	eristyksissä
eristyä	eristymässä
eristäminen	eristämiseksi
eristäytyminen	eristäytymistä
eristää	eristettyä
eristää	eristävän
eritasoinen	eritasoista
erite	erite
erite	eritteellä
eritellä	erittelee
erittäin	erittäin
erityinen	erityisempää
erityinen	erityisen
erityinen	erityistä
erityisesti	erityisesti
erityiskoulu	erityiskoulu
erityisongelma	erityisongelmia
erityisopettaja	erityisopettajaksi
erityistekninen	erityistekniset
erityistilintarkastus	erityistilintarkastuksen
erityyppinen	erityyppisii
eritä	eriävän
eriytyä	eriytynyt
eriävä	eriäviäkin
eriävä	eriävät
erja	erja
erkki	erkin
erkki	erkki
erkki	erkkiä
erkkilä	erkkilä
ero	ero
ero	eroja
ero	eronsa
ero	eroon
ero	erot
eroanomus	eroanomuksen
erohanke	erohankkeensa
erojaistilaisuus	erojaistilaisuus
eronen	eronen
eronpyyntö	eronpyyntönsä
eroon	eroon
eroottinen	eroottista
eroottisesti	eroottisesti
erossa	erossa
erota	eroaa
erota	eroamaan
erota	eroamme
erota	eroavat
erota	eroavatko
erota	eronna
erota	eronneet
erota	erosivat
erota	erota
erota	erotako
erota	erottuaan
erotella	erotella
erotella	eroteltava
erotiikka	erotiikkaa
erottaa	erota
erottaa	erotetaan
erottaa	erotettiin
erottaa	erotettiinko
erottaa	erotettujen
erottaa	erottaa
erottaa	erottamaan
erottaa	erottamassa
erottaa	erottanut
erottaa	erottivat
erottaminen	erottaminen
erottamiskahvi	erottamiskahveilla
erottautua	erottautua
erottelu	erottelu
erottua	erottua
erottua	erottui
erottua	erottuu
erotus	erotus
erotusaita	erotusaidan
erä	erissä
erä	erässä
erä	erää
erämies	erämiehille
eräs	eräille
eräs	eräiltä
eräs	eräissä
eräs	eräitä
eräs	eräs
eräs	erästä
eräs	eräältä
eräs	erään
eräs	eräänä
eräs	eräässä
eräs	eräästä
eräs	eräät
eräänlainen	eräänlainen
esa	esa
esa-pekka	esa-pekka
esanssipullo	esanssipullosta
escort	escort
esi-inkalainen	esi-inkalaisesta
esi-isä	esi-isiensä
esi-isä	esi-isämme
esiin	esiin
esiinnostaa	esiinnostettava
esiintunkeminen	esiintunkemisesta
esiintyjä	esiintyjä
esiintyminen	esiintymisen
esiintyminen	esiintymisestään
esiintymis-	esiintymis-
esiintymislava	esiintymislavalla
esiintymispaikka	esiintymispaikan
esiintymispaikka	esiintymispaikka
esiintymispaikka	esiintymispaikoille
esiintyvyys	esiintyvyys
esiintyä	esiinny
esiintyä	esiinnyn
esiintyä	esiinnytään
esiintyä	esiintyen
esiintyä	esiintyi
esiintyä	esiintyikö
esiintyä	esiintyisi
esiintyä	esiintyivät
esiintyä	esiintymällä
esiintyä	esiintymään
esiintyä	esiintynyt
esiintyä	esiintyvine
esiintyä	esiintyvät
esiintyä	esiintyvää
esiintyä	esiintyy
esiintyä	esiintyä
esiintyä	esiintyäkseen
esikoisalbumi	esikoisalbumin
esikoisromaani	esikoisromaaniin
esikoululainen	esikoululaisia
esikuva	esikuva
esikuva	esikuvana
esikuva	esikuvansa
esikuva	esikuvina
esille	esille
esillä	esillä
esilämmitys	esilämmitys
esim	esim
esim	esim.
esim.	esim.
esimerkiksi	esimerkiks
esimerkiksi	esimerkiksi
esimerkiksi	esimes
esimerkillinen	esimerkillinen
esimerkki	esimerkin
esimerkki	esimerkit
esimerkki	esimerkkejä
esimerkki	esimerkki
esimerkki	esimerkkinä
esimerkki	esimerkkiä
esimerkkikaavio	esimerkkikaaviolla
esimies	esimiehiä
esimiesasema	esimiesasemassa
esimieskunta	esimieskuntaa
esimiestaito	esimiestaitoja
esine	esine
esine	esineet
esine	esineiden
esine	esineitä
esine	esinettä
esipuhe	esipuheessaan
esipuhe	esipuheitta
esisopimus	esisopimuksesta
esitellä	esitellyt
esitellä	esitellä
esitellä	esitellään
esitellä	esiteltiin
esitellä	esittelee
esitellä	esittelemällä
esitellä	esittelemään
esitellä	esittelevien
esitellä	esittelevä
esitellä	esitteli
esitellä	esittelin
esitelmä	esitelmäki
esitelmä	esitelmässään
esitelmöitsijä	esitelmöitsijä
esitelmöitsijä	esitelmöitsijöitä
esitetty	esitetty
esittelijä	esittelijäksi
esittely	esittelystä
esittely	esittelyt
esittäjä	esittäjä
esittäminen	esittäminen
esittämistapa	esittämistapaansa
esittäytyä	esittäytyy
esittää	esitettiin
esittää	esitetty
esittää	esitettyä
esittää	esitettäväksi
esittää	esitettävänä
esittää	esitetyssä
esittää	esitetystä
esittää	esitetyt
esittää	esitetään
esittää	esitti
esittää	esittivät
esittää	esittäkäämme
esittää	esittämiä
esittää	esittämä
esittää	esittämänsä
esittää	esittämässä
esittää	esittämään
esittää	esittänyt
esittää	esittävä
esittää	esittävät
esittää	esittää
esittää	esitämme
esitutkinta	esitutkinnassa
esitys	esitykseen
esitys	esityksen
esitys	esityksensä
esitys	esityksessä
esitys	esitykset
esitys	esityksillä
esitys	esityksissä
esitys	esityksiä
esitys	esitys
esitys	esitysten
esitys	esitystä
esityslista	esityslista
esityttää	esitytti
esivaali	esivaalissa
esivalmistelu	esivalmisteluista
eskelinen	eskelinen
esko	esko
esko-juhani	esko-juhani
eskoahomainen	eskoahomainen
eskous	eskous
espa	espan
espanja	espanja
espanja	espanjaa
espanja	espanjaan
espanja	espanjalla
espanja	espanjan
espanja	espanjasta
espanjalainen	espanjalainen
espanjalaisryhmä	espanjalaisryhmät
espanjankielinen	espanjankielisistä
esperantisti	esperantistit
esperanto	esperanto
esperanto	esperantolle
espoo	espoo
espoo	espoolla
espoo	espoon
espoo	espoota
espoolainen	espoolainen
espoonlahti	espoonlahdessa
essayah	essayah
essayah	essayahin
essee	esseessä
essex	essexin
essi	essin
essi	essissä
essi	essiä
este	este
este	esteen
este	esteet
este	esteettä
este	esteiden
esteettinen	esteettisellä
estejuoksija	estejuoksija
esterhazy	esterhazyn
esterházy	esterházyn
esto	estoja
estonia	estonia
estyä	estyneitä
estäminen	estämiseksi
estää	estettyä
estää	estetään
estää	esti
estää	estivät
estää	estä
estää	estänyt
estää	estävä
estää	estävällä
estää	estävät
estää	estää
estää	estääkseen
etana	etanoita
etanavauhtinen	etanavauhtiseen
etanoli	etanoli
etappi	etappi
eteen	eteemme
eteen	eteen
eteen	eteeni
eteen	eteesi
eteen	eteheh
eteen	ettee
eteen-	eteen-
eteenpäin	eteenkinpäin
eteenpäin	eteenpäin
eteinen	eteinen
eteinen	eteiseen
eteinen	eteisessä
etelä	etelä
etelä	etelän
etelä	etelässä
etelä	etelästä
etelä	etelään
etelä	eteläänkin
etelä-	etelä-
etelä-afrikka	etelä-afrikan
etelä-afrikka	etelä-afrikassa
etelä-afrikka	etelä-afrikka
etelä-amerikka	etelä-amerikan
etelä-eurooppa	etelä-euroopassa
etelä-jemen	etelä-jemenin
etelä-korea	etelä-koreasta
etelä-ranska	etelä-ranskassa
etelä-savo	etelä-savoon
etelä-suomi	etelä-suomen
eteläafrikkalainen	eteläafrikkalaisten
etelänmatkailu	etelänmatkailua
eteläosa	eteläosassa
eteläosa	eteläosien
eteläraja	etelärajansa
etelärannikko	etelärannikolla
etelätuuli	etelätuuli
etenkin	etenkin
etenkään	etenkään
etiikka	etiikka
etiketti	etiketit
etiketti	etiketti
etiopia	etiopian
etninen	etniseen
etoa	etoo
etsijä	etsijän
etsikkoaika	etsikkoaikamme
etsiminen	etsiminen
etsiminen	etsimiseen
etsintä	etsinnät
etsintä	etsintöjen
etsintäkuulutus	etsintäkuulutus
etsiskellä	etsiskelemässä
etsiskely	etsiskelyyn
etsiä	ehtinöö
etsiä	eti
etsiä	etsi
etsiä	etsiessä
etsiä	etsii
etsiä	etsimän
etsiä	etsimään
etsiä	etsin
etsiä	etsinyt
etsiä	etsittiin
etsiä	etsitty
etsiä	etsittäessä
etsiä	etsittämän
etsiä	etsittävä
etsiä	etsitään
etsiä	etsivä
etsiä	etsiväni
etsiä	etsivät
etsiä	etsiä
etsiä	etsiäkään
etsiä	etsiäkö
että	et
että	ett
että	ette
että	että
että	ettäkö
että	ettäs
etu	eduista
etu	eduistako
etu	eduksi
etu	etu
etu	etua
etu	etuihin
etu	etuja
etu	etujen
etu	etuun
etuajassa	etuajassa
etuhammas	etuhampaansa
etujärjestö	etujärjestöstä
etukäteen	etukäteen
etulokasuoja	etulokasuojan
etumainen	etumaisella
etunimi	etunimestä
etuoikeus	etuoikeuden
etupuoli	etupuolelle
etupuskuri	etupuskuriin
etupyörä	etupyörä
eturauhanen	eturauhasen
etureuna	etureunasta
eturivi	eturiviin
eturivi	eturivin
etusija	etusijolla
etusivu	etusivullaan
etusivulasi	etusivulaseja
etusormi	etusormellaan
etuus	etuudet
etuus	etuus
etuvetoinen	etuvetoiseen
etäinen	etäiseksi
etäisesti	etäisesti
etäisyydellä	etäisyydellä
etäisyys	etäisyyksiin
etäisyys	etäisyys
etäluettava	etäluettavia
etäopetus	etäopetuksen
etätyö	etätyötä
etäälle	etäälle
etäällä	etäällä
etäännyttämiskeino	etäännyttämiskeinona
etääntyä	etääntyvät
eu	eu
eu	eu:hun
eu	eu:lle
eu	eu:n
eu	eu:ssa
eu	eu:sta
eu	eu:ta
eu-apu	eu-apua
eu-asia	eu-asian
eu-budjetti	eu-budjetin
eu-foorumi	eu-foorumista
eu-jäsenyys	eu-jäsenyyden
eu-jäsenyys	eu-jäsenyys
eu-lobbaus	eu-lobbauksen
eu-maa	eu-maa
eu-maa	eu-maiden
eu-maa	eu-maihin
eu-maa	eu-maissa
eu-maa	eu-maista
eu-parlamenttivaali	eu-parlamenttivaaleista
eu-päättäjä	eu-päättäjien
eu-vaali	eu-vaaleihin
eu-vastustaja	eu-vastustaja
eukko	eukko
eukko	eukosta
eurajoki	eurajoelle
euro	euroa
euro	euroja
euro	eurolla
euro	euron
eurocentres	eurocentres
eurokunto	eurokuntoon
euronen	eurosensa
euroopan-mestaruus	euroopan-mestaruus
eurooppa	euroopalle
eurooppa	euroopan
eurooppa	euroopassa
eurooppa	euroopasta
eurooppa	eurooppa
eurooppa	eurooppaa
eurooppa	eurooppaan
eurooppa-neuvosto	eurooppa-neuvosto
eurooppalainen	eurooppalainen
eurooppalainen	eurooppalaiseen
eurooppalainen	eurooppalaisella
eurooppalainen	eurooppalaisen
eurooppalainen	eurooppalaiset
eurooppalainen	eurooppalaisia
eurooppalainen	eurooppalaisiin
eurooppalainen	eurooppalaisiksi
eurooppalainen	eurooppalaisin
eurooppalainen	eurooppalaisina
eurooppalainen	eurooppalaista
eurooppalainen	eurooppalaisten
eurooppalaisuus	eurooppalaisuus
europaeus	europaeukselta
europarlamentaarikko	europarlamentaarikot
europol	europolin
eurorahamääräinen	eurorahamääräiseksi
eurotähti	eurotähdet
euroviisu	euroviisu
euroviisut	euroviisuja
evakko	evakkoon
evakkoreki	evakkorekeä
evakuointi	evakuointi
eve	eve
everest	everestillä
eversti	eversti
everstiluutnantti	everstiluutnantti
everton-kamppailu	everton-kamppailuakin
evita	evita
evita	evitalla
evita	evitalta
evita-elokuva	evita-elokuvan
evoluutio	evoluutio
eväs	eväät
eväspullo	eväspulloa
evätä	evätään
ex-professori	ex-professori
express	express
ey	ey
ey	ey:ltä
ey	ey:n
ey-lehti	ey-lehden
ey-maa	ey-maiden
f-1	f-1:ssä
f1-kilpailu	f1-kilpailu
fagerholm	fagerholm
fagerholm	fagerholmin
faija	faija
faija	faijan
faksi	faksissa
fakta	faktoja
falcon	falconista
falk	falk
falkland	falklandin
falun	falunin
fanaattinen	fanaattisen
fani	fani
fani	fanit
fantom	fantomin
farkku	farkuissa
farkut	farkutki
farmiseura	farmiseuroissa
farssi	farssi
fas-lapsi	fas-lapset
fatima	fatimoita
favora-ihogeeli	favora
faxi	faxia
fazer	fazerin
feminiininen	feminiininen
feminismi	feminismi
feminismi	feminismistä
feminismi-sana	feminismi
feminismiliike	feminismiliike
feministinen	feministinen
feministinen	feminististä
fennia	fenniaa
fennia	fennian
fennia	fenniasta
fennoskandia	fennoskandian
fennougristinen	fennougristisen
ferdinand	ferdinand
fergie	fergie
ferrand	ferrand
ferrari	ferrari
festari	festarin
festivaali	festivaaleilla
festivaalialue	festivaalialueella
festivaalivieras	festivaalivierailta
fia	fia:n
fiat	fiat
fiat	fiatin
fibroblasti	fibroblastiin
fiction	fiction
fieandt	fieandt
fifa	fifa
figaro	figaron
fiikus	fiikukseen
fiikus	fiikuksesta
fiilis	fiilis
fiini	fiinei
fiinisti	fiinisti
fiksu	fiksu
fiksu	fiksuna
fiksu	fiksut
fiksusti	fiksusti
fiktio	fiktioita
fiktio	fiktion
fil	fil
filateliakerho	filateliakerhoon
filharmonikko	filharmonikot
filippiinit	filippiineillä
filippiinit	filippiinien
filippiinit	filippiinit
filmata	filmattavan
filmata	filmatuksi
filmatisointi	filmatisointi
filmi	filmi
filmi	filmin
filmi	filmissä
filmi	filmiä
filminpätkä	filminpätkällä
filmitähti	filmitähdeltä
filosofeerata	filosofeeraavaa
filosofi	filosofi
filosofia	filosofia
filosofia	filosofiaa
filosofia	filosofian
filosofinen	filosofiseen
filosofipresidentti	filosofipresidenttinä
filtti	filteillä
finaali	finaaliin
finaali	finaalin
finaali	finaalissa
finaali	finaalista
finaaliehdokas	finaaliehdokkaat
finaalijoukko	finaalijoukosta
finaalipaikka	finaalipaikkaan
finelib-konsortio	finelib-konsortioon
finik	finik
finland	finlandin
finlandia	finlandiaa
finlandia	finlandiasta
finlandia-talo	finlandia-talolle
finlandiatalo	finlandiatalon
finnair	finnair
finnair	finnairin
finni	finnit
finnpap	finnpapia
fiorano	fioranossa
firenze	firenzen
firma	firmalla
firma	firman
firma	firmat
firma	firmoista
flaco	flaco
flamenco	flamencon
flanellinen	flanelliseen
flanellipaita	flanellipaita
flanööri	flanööristä
flavonoidi	flavonoidit
flirttailla	flirttailemaan
florida	floridaan
florida	floridassa
flunssa	flunssa
fofanoff	fofanoff
fogarty-replika	fogarty-replikasta
fogerty	fogerty
fokalisointi	fokalisointi
fondue-kattila	fondue-kattilan
foorumi	foorumilla
foorumi	foorumin
foorumipiiri	foorumipiireissä
forbes	forbes
ford	ford
ford	fordin
formula	formuloissa
formulakuljettaja	formulakuljettajat
forsander	forsander
forssa	forssan
forssa	forssassa
fortune	fortunen
forum	forumiin
fosfaatti	fosfaatit
foto	foto
fragmentti	fragmentteihin
frakki	frakin
franck	franckin
franco	franco
frangi	frangia
frank	frank
franzén	franzén
franziska	franziska
freddie	freddie
free	free
freestyle	freestyle
freestyle	freestylessa
frentzen	frentzenin
friikahtaa	friikahti
friman	frimanin
fritz	fritz
fryckman	fryckmanin
fröbel	fröbelin
fudut	fudut
fuller	fullerin
fuskata	fuskata
futaaja	futaajan
futari	futarin
futuuri	futuurissa
fuuga	fuuga
fuusio	fuusio
fuusioida	fuusioitiin
fyrkka	fyrkan
fysiikka	fysiikan
fysiikka	fysiikasta
fysiikka	fysiikat
fysiikka	fysiikkaan
fysiikka	fysiikkaasam
fysioterapeutti	fysioterapeutit
fysioterapeutti	fysioterapeutti
fyysikko	fyysikko
fyysikko	fyysikoiden
fyysinen	fyysinen
fyysinen	fyysisillä
fyysinen	fyysistä
fyysisesti	fyysisesti
färsaaret	färsaarilla
g	g
gaal	gaal
gabriel	gabriel
gabrielle	gabrielle
gaius	gaius
galant	galant
galapagossaaret	galapagossaaret
galbraith	galbraithilla
gale	galea
galileo	galileo
galina	galina
gallen-kallela	gallen-kallelan
galleria	gallerian
gallimimus	gallimimus
gallupkannatus	gallupkannatus
galluppi	galluppeihin
gandhi	gandhi
gandhi	gandhin
gapon	gapon
garbo	garboa
garrafeira	garrafeirojen
garufa	garufa
gates	gates
gates	gatesin
gatwick	gatwickin
gavrilovna	gavrilovna
geeli	geeliä
geena	geena
geeni	geeneineen
geeni	geeneistään
geeni	geenejäsi
geeni	geeni
geeni	geenien
geeni	geenit
geenihoito-ohjelma	geenihoito-ohjelmaa
geenimanipulaatio	geenimanipulaatio
geneettinen	geneettinen
geneettinen	geneettisen
generalia	generalia
geneve	geneven
geneve	genevestä
genre-elokuva	genre-elokuvista
georg	georg
george	george
gepardi	gepardi
gerbiiliressukka	gerbiiliressukoillasi
gerda	gerda
germaaninen	germaaninen
germanistiikka	germanistiikan
gheezah	gheezahin
gianni	gianni
gibboni	gibboni
gibson	gibsonia
gilles	gilles
gillis	gillisiä
gini	tsiniäkö
ginny	ginnyllä
giovannella	giovannella
giraoudoux	giraoudoux
girls	girls
giscard	giscard
giselle	gisellen
gitta	gitta
gladiaattori	gladiaattoreiden
glider	glider
glissando	glissandoja
globaali	globaaleja
glp-1-niminen	glp-1-nimisen
gluteeniton	gluteeniton
glögi	glögi
gm	gm
gm	gm:ltä
goethe	goethe
golf	golf
golf	golfia
golf-sellainen	golf-sellainen
gongi	gongin
good	good
goodnight	goodnight
gorazde	gorazdea
gorazde	gorazdeen
gorbatshov	gorbatshov
gorgon	gorgon
gorilla	gorilloilla
gortsakova	gortsakovalla
gothoni	gothoni
gothoni	gothonin
gotlanti	gotlannissa
gourmet	gourmetin
gp-voittaja	gp-voittajana
graavi	graavia
gradu	gradu
gradu	gradun
gradukoe	gradukokeesta
gradupiiri	gradupiirin
gradutyö	gradutöiden
grafiikka	grafiikka
grafiikka	grafiikkaa
grafiikkataulu	grafiikkataulut
gramma	grammaa
gramma	gramman
grammi	grammilla
grammi	grammin
grand	grand
granfelt	granfeltilta
granfelt	granfeltin
graniitti	graniitin
graniitti	graniitti
granit	granitin
grant	grant
greenpeace	greenpeace
gretzky	gretzkyn
grillailla	grillailen
grillata	grillasi
grilli	grillin
grilli	grillissä
grilli	grilliä
grillikatos	grillikatos
gripenwaldt	gripenwaldt
grisham	grishamin
groop	groopille
gröna	gröna
grönholm	grönholm
gsm-puhelin	gsm-puhelin
gsm-puhelu	gsm-puhelut
gti	gti
guaranty	guarantyn
guillem	guillemin
guillermo	guillermon
gullit	gullitin
gummerus	gummeruksen
gunilla	gunilla
gunnar	gunnar
guru	guru
gurumoorthy	gurumoorthyn
gvlk	gvlk:n
gwion	gwion
gyllenhammar	gyllenhammarin
gynekologi	gynekologilla
györgy	györgy
göran	göran
gösta	gösta
göteborg	göteborgin
h	h
h.roselli	h.roselli
haag	haagin
haalea	haaleaa
haalea	haaleaan
haaleankitkerä	haaleankitkerän
haamu	haamuja
haamu	haamun
haamuvaraus	haamuvaraus
haapajärvi	haapajärvellä
haapajärvi	haapajärven
haapakylä	haapakylään
haara	haaraan
haartman	haartman
haarukka	haarukat
haarukka	haarukkaa
haarukka	haarukkaan
haaskata	haaskaa
haaskaus	haaskausta
haastaa	haastan
haastaa	haastaneet
haastaja	haastajiksi
haastatella	haastatella
haastatella	haastatellut
haastatella	haastattelee
haastatella	haastatteli
haastateltu	haastatelluista
haastattelu	haastattelu
haastattelu	haastatteluja
haastattelu	haastattelun
haastattelu	haastattelussa
haastattelu	haastatteluun
haastattelusuostumus	haastattelusuostumuksesta
haastattelutunti	haastattelutunnin
haastava	haastavampaa
haaste	haaste
haaste	haasteita
haastella	haastellaan
haatainen	haataisen
haataja	haatajan
haava	haavaa
haava	haavat
haava	haavoistaan
haava	haavojen
haavarasva	haavarasvojen
haave	haaveeni
haave	haaveiksi
haave	haaveissa
haaveilla	haaveilevan
haaveilla	haaveili
haaveilla	haaveilin
haaveilla	haaveilla
haaveilla	haaveillakaan
haavemaailma	haavemaailman
haaveri	haaverit
haavi	haaviini
haavikko	haavikko
haavikko	haavikon
haavisto	haavisto
haavisto	haaviston
haavoittaa	haavoittavat
haavoittua	haavoittunut
haavoittuvuus	haavoittuvuuttaan
hahmo	hahmo
hahmo	hahmoja
hahmo	hahmon
hahmo	hahmona
hahmotella	hahmottelee
hahmottaa	hahmottaa
hai	hai
haider	haideria
haihduttaa	haihduttaa
haihtua	haihtuvien
haikkonen	haikkonen
haila	haila
haile	haile
hailuoto	hailuoto
hailuotolainen	hailuotolaisten
haista	haisee
haista	haisen
haista	haisi
haistaa	haista
haistaa	haistanut
haistella	haistella
haitallinen	haitallisia
haitari	haitarin
haitata	haitanneet
haitata	haitannut
haitata	haittaa
haitata	haittaavaa
haitata	haittaavia
haitta	haitaksi
haitta	haittaa
haja-asutusalue	haja-asutusalueilla
hajallaan	hajallaan
hajamielinen	hajamielinen
hajanainen	hajanaisesta
hajareisin	hajareisin
hajoaminen	hajoaminen
hajoittaa	hajoittamalla
hajoittaa	hajoittaneet
hajota	hajoaako
hajota	hajoamatta
hajota	hajoavasta
hajota	hajosi
hajota	hajosivat
hajota	hajota
hajottaa	hajottakoot
hajottaa	hajotti
haju	hajua
haju	hajuja
haju	hajut
hajuhelvetti	hajuhelvetti
hajuinen	hajuinen
hajuinen	hajuista
haka	haka
haka	hakassa
hakala	hakalaltako
hakala	hakalat
hakata	hakata
hakata	hakataan
hakata	hakatak
hakata	hakattii
hakata	hakattiin
hakata	hakattu
hakata	hakatuksi
hakata	hakkaa
hakata	hakkasi
hakata	hakkasin
hakea	hae
hakea	haen
hakea	haeppa
hakea	haetaan
hakea	haettava
hakea	haettiin
hakea	haettu
hakea	hakea
hakea	hakee
hakea	hakeen
hakea	hakemaan
hakea	hakemassa
hakea	hakematta
hakea	hakenu
hakea	hakenut
hakea	hakevalta
hakea	haki
hakea	hakiessa
hakea	hakikin
hakea	hakivat
hakemisto	hakemisto
hakemus	hakemukset
hakemus	hakemuksia
hakemus	hakemus
hakemus	hakemusten
hakeutua	hakeutua
hakeutua	hakeutuvat
hakija	hakija
hakija	hakijaa
hakija	hakijan
hakija	hakijat
hakija	hakijoista
hakija	hakijoita
hakijamaa	hakijamaiden
hakijarynnäkkö	hakijarynnäkkö
hakkaaminen	hakkaaminen
hakkaaminen	hakkaamista
hakkarainen	hakkarainen
hakkuri	hakkurissaha
hakkuu	hakkuut
haku	hakua
haku	haussa
hakuammunta	hakuammuntaa
hakukiekko	hakukiekolla
hakulaite	hakulaitteella
hakunila	hakunilassa
hakupaperi	hakupaperinsa
hakupaperi	hakupaperit
hakusana	hakusanan
hakusana	hakusanoja
hakuteos	hakuteoksesta
halailla	halailee
halailla	halailevat
halailla	halailimme
halailla	halailivat
halaistu	halaistua
halata	halaa
halata	halajaa
halata	halata
halaus	halaukseen
haljennut	haljennutta
haljeta	halkeamaisillani
halkeaminen	halkeamisia
halki	halki
halkiohame	halkiohameita
halko	halko
halko	halolla
halko	halot
halkosäiliö	halkosäiliöön
hall	hall
hall	hallin
halla	halla
hallamaa	hallamaalle
hallberg	hallberg
hallelujah	hallelujah
halli	halleja
halli	halliin
halli	hallille
halli	hallin
halli	hallissa
halli-harkimo	halli-harkimo
hallikauppias	hallikauppiaaksi
hallimaaottelu	hallimaaottelussa
hallinnointi	hallinnointi
hallinnollinen	hallinnolliset
hallinnollis-taloudellinen	hallinnollis-taloudellisen
hallinnollisesti	hallinnollisesti
hallinta	hallinnan
hallinta	hallinnassa
hallinta	hallinta
hallinta	hallintaa
hallinta	hallintaan
hallintalaite	hallintalaitteita
hallinto	hallinnon
hallinto	hallinto
hallinto	hallintoa
hallinto	hallintoon
hallintoneuvosto	hallintoneuvoston
hallintorekisteri	hallintorekisterin
hallintovirasto	hallintoviraston
hallintoyksikkö	hallintoyksikkö
hallirahoitus	hallirahoituksen
hallita	hallinnut
hallita	hallinnutta
hallita	hallitsee
hallita	hallitsema
hallita	hallitsemaa
hallita	hallitsemaan
hallita	hallitsemaksi
hallita	hallitsemassa
hallita	hallitsemattomissa
hallita	hallitseva
hallita	hallitsevan
hallita	hallitseviin
hallita	hallittaviin
hallita	hallittavissa
hallitseminen	hallitsemiseksi
hallitseminen	hallitsemisen
hallitsija	hallitsijan
hallitsija	hallitsijat
hallitus	hallitukseen
hallitus	hallitukselle
hallitus	hallitukselta
hallitus	hallituksen
hallitus	hallituksensa
hallitus	hallituksessa
hallitus	hallituksesta
hallitus	hallitus
hallitus	hallitusta
hallituskatu	hallituskadulta
hallituskumppani	hallituskumppanit
hallitusohjelma	hallitusohjelma
hallitusohjelmaneuvottelu	hallitusohjelmaneuvotteluissa
hallituspuolue	hallituspuolueen
hallituspuolue	hallituspuolueet
hallituspuolue	hallituspuolueiden
hallstrom	hallstrom
hallussa	hallussa
hallussa	hallussaan
halme	halmeen
halme	halmeilla
halmetoja	halmetojan
halonen	halonen
halonen	haloselle
halonen	haloselta
halonen	halosen
halonen	halosesta
halonen	halosta
halpa	halpa
halpa	halpaa
halpa	halpoja
halpa	halvalla
halpa	halvan
halpa	halvat
halpa	halvemmaksi
halpa	halvemmalla
halpa	halvemmat
halpa	halvempaan
halpa	halvempi
halpa	halvempia
halpa	halvimman
halpa	halvimpia
halpa	halvin
halpa	halvinta
halpa	halvoin
halpamaa	halpamaa
halpamaa	halpamaana
halpuus	halpuudesta
haltia	haltioihin
haltija	haltijaa
haltija	haltijalle
haltija	haltijan
haltioitua	haltioiduttiin
haltuun	haltuun
haltuun	haltuunsa
haltuun	haltuusi
haltuunotto	haltuunotot
halu	halu
halu	halua
halu	halujakaan
halu	halun
halu	halunsa
halu	halusta
halukas	halukas
halukas	halukkaan
halukas	halukkaita
halukkaammin	halukkaammin
halukkuus	halukkuus
halukkuus	halukkuutta
haluta	halua
haluta	haluaa
haluta	haluaako
haluta	haluaakohan
haluta	haluais
haluta	haluaisi
haluta	haluaisiko
haluta	haluaisimme
haluta	haluaisin
haluta	haluaisit
haluta	haluaisitteko
haluta	haluaisivat
haluta	haluakaan
haluta	haluakin
haluta	haluamaansa
haluta	haluamansa
haluta	haluamissaan
haluta	haluammehan
haluta	haluan
haluta	haluankin
haluta	haluat
haluta	haluatko
haluta	haluatte
haluta	haluatteko
haluta	haluava
haluta	haluavansa
haluta	haluavat
haluta	haluavatko
haluta	haluavista
haluta	haluis
haluta	haluisit
haluta	halunneet
haluta	halunnu
haluta	halunnut
haluta	halus
haluta	halusi
haluta	halusin
haluta	halusinkin
haluta	halusinko
haluta	halusivat
haluta	haluta
haluta	halutaan
haluta	halutaanko
haluta	halutessaan
haluta	haluttiin
haluta	haluttu
haluta	haluttuk
haluta	halutun
haluta	haluu
haluta	haluun
haluta	haluut
haluton	haluton
haluttomasti	haluttomasti
haluttu	haluttu
haluttu	haluttuja
halvalla	halvalla
halvari	halvari
halvari	halvaria
halvari	halvarin
halveksia	halveksi
halveksia	halveksitun
halventaa	halventaneita
halventava	halventava
halventua	halventuneet
halveta	halpenee
hame	hame
hame	hameen
hame	hameessa
hame	hametta
hameellinen	hameellisen
hamina	hamina
hamlet	hamletia
hammas	hammas
hammas	hampaamme
hammas	hampaansa
hammas	hampaat
hammas	hampaiden
hammas	hampain
hammas	hampaisiin
hammasasenne	hammasasenteita
hammashihnakäyttöinen	hammashihnakäyttöinen
hammaskivi	hammaskivi
hammaslanka	hammaslankaa
hammaslääkäri	hammaslääkärilläsi
hammaslääkäri	hammaslääkärit
hammastahnatuubi	hammastahnatuubia
hampaallinen	hampaallinen
hampaaton	hampaattomia
hampaidenkiristely	hampaidenkiristelyn
hampurilainen	hampurilainen
hampurilainen	hampurilaisella
hampurilainen	hampurilaiset
hampurilainen	hampurilaisia
hampurilainen	hampurilaisista
hamstraus	hamstraust
hamza	hamza
hana	hanan
hana	hanat
hangata	hankaamalla
hangata	hankasi
hanhilahti	hanhilahden
hanhipanos	hanhipanoksella
hanhivaara	hanhivaara
hanhivaara	hanhivaaralle
hankala	hankala
hankala	hankalaa
hankala	hankalammaksi
hankala	hankalampi
hankala	hankalat
hankala	hankalia
hankala	hankalimmat
hankalammin	hankalammin
hankalasti	hankalasti
hankauslista	hankauslista
hanke	hanke
hanke	hanketta
hanke	hankkeeseen
hanke	hankkeestaan
hanke	hankkeiden
hanke	hankkeisiin
hanke	hankkeita
hanki	hangen
hanki	hankeen
hankinta	hankinnasta
hankinta	hankinnat
hankinta	hankintaa
hankinta	hankintaan
hankinta	hankintoihin
hankkia	hankin
hankkia	hankitaan
hankkia	hankituiksi
hankkia	hankituksi
hankkia	hankki
hankkia	hankkia
hankkia	hankkikoot
hankkia	hankkimaan
hankkia	hankkinut
hankkia	hankkivan
hankkia	hankkivat
hankkija	hankkijan
hankkiminen	hankkiminen
hankkiminen	hankkimisen
hankkiminen	hankkimista
hankkiutua	hankkiuduttava
hankkiutua	hankkiutuivat
hanko	hangossa
hanna	hanna
hanna	hannaa
hanna	hannalla
hanna	hannalle
hanna	hannan
hannele	hannele
hannele	hannelen
hanno	hanno
hannu	hannu
hansikas	hansikkaat
hansikaslokero	hansikaslokeron
hanska	hanskassa
hanska	hanskat
hanti	hantin
hantula	hantulan
hapan	hapan
hapan	happamena
hapan	happamia
hapan	happamiin
hapertaa	hapertama
hapokas	hapokkaana
happamasti	happamasti
happamoituminen	happamoituminen
happamuus	happamuuden
happening	happeningejä
happi	happea
happilaite	happilaitteita
happo	happo
happo	happojen
hapsottaa	hapsottaen
hapuilla	hapuili
har-	har-
harakantanssi	harakantanssiks
harakka	harakalle
harakka	harakoille
harava	harava
harava	haravaan
harava	haravalla
haravoida	haravoidaan
harhaanjohtava	harhaanjohtava
harhailla	harhailemasta
harhailla	harhaili
harhainen	harhainen
harhainen	harhaista
harhainen	harhaisten
harhakuvitelma	harhakuvitelmistaan
harhauttaa	harhautetuksi
harja	harjalla
harja	harjoista
harjata	harjasi
harjata	harjasin
harjoitella	harjoitella
harjoitella	harjoitellaan
harjoitella	harjoitelleet
harjoitella	harjoittelee
harjoitella	harjoittelemalla
harjoitella	harjoittelemassa
harjoitella	harjoittelevani
harjoitella	harjoittelisin
harjoittaa	harjoitettavaa
harjoittaa	harjoitettavan
harjoittaa	harjoitettu
harjoittaa	harjoitetun
harjoittaa	harjoittaa
harjoittaa	harjoittaneet
harjoittaa	harjoittanut
harjoittaa	harjoittavat
harjoittaa	harjoittivat
harjoittaja	harjoittajalle
harjoittelija	harjoittelijaksi
harjoittelija	harjoittelijat
harjoittelu	harjoittelu
harjoittelu	harjoittelun
harjoittelu	harjoittelunsa
harjoittelu	harjoittelussa
harjoittelupaikka	harjoittelupaikoissa
harjoitus	harjoituksen
harjoitus	harjoituksessa
harjoitus	harjoitukset
harjoitus	harjoituksia
harjoitus	harjoituksissa
harjoitus	harjoitusta
harjoitus	harjotuksist
harjoitusalue	harjoitusalueelle
harjoituskausi	harjoituskaudella
harjoitusleiri	harjoitusleiriltä
harjoitusottelu	harjoitusottelut
harjoitustehtävä	harjoitustehtävät
harjoitusvaljaat	harjoitusvaljaisiin
harjoituttaa	harjoituttamaan
harjottelukoulu	harjottelukoululle
harju	harjulla
harju	harjulle
harju	harjun
harjualue	harjualueelta
harjula	harjula
harjula	harjulalle
harjunpää	harjunpää
harkimo	harkimo
harkinta	harkintaan
harkita	harkita
harkita	harkitaan
harkita	harkiten
harkita	harkitse
harkita	harkitsee
harkita	harkitsekaan
harkita	harkitsemassa
harkita	harkitsevista
harkita	harkitsisi
harkita	harkitsisit
harkita	harkittava
harkita	harkittuun
harkita	harkituista
harkitusti	harkitusti
harlin	harlin
harlin	harlinin
harmaa	harmaa
harmaa	harmaan
harmaa	harmaaseen
harmaa	harmaassa
harmaa	harmaata
harmaa	harmaita
harmaakivimakasiini	harmaakivimakasiini
harmaanruskea	harmaanruskeat
harmaapäinen	harmmoopäeseks
harmaapää	harmaapääksi
harmaapäätikka	harmaapäätikan
harmi	harmi
harmi	harmia
harmissaan	harmissaan
harmissaan	harmissani
harmitella	harmiteltu
harmitella	harmitteli
harmiton	harmiton
harmiton	harmittomia
harmittaa	harmittaa
harmittaa	harmittaneen
harmittaa	harmittavan
harmittaa	harmitti
harmituttaa	harmituttanut
harmoinen	harmoisissa
harmoninen	harmonisessa
harpata	harppasi
harppaus	harppausta
harppoa	harpo
harppoa	harppoo
harpunsoitto	harpunsoittoa
harras	harras
harrastaa	harrasta
harrastaa	harrastaa
harrastaa	harrastaisi
harrastaa	harrastamaa
harrastaa	harrastamme
harrastaa	harrastan
harrastaa	harrastanut
harrastaa	harrastavat
harrastaa	harrasteta
harrastaa	harrastetaan
harrastaja	harrastaja
harrastaja	harrastajaa
harrastaja	harrastajan
harrastaja	harrastajat
harrastajamaisuus	harrastajamaisuuden
harraste	harraste
harrastus	harrastukseksi
harrastus	harrastuksemme
harrastus	harrastuksena
harrastus	harrastukseni
harrastus	harrastuksensa
harrastus	harrastuksia
harrastus	harrastus
harrastusmahdollisuus	harrastusmahdollisuudet
harri	harri
harri	harrilta
harri	harrin
harrikalla	harrikalla
harrikka	harrikan
harris	harris
harry	harry
harso	harsoa
hartaasti	hartaasti
hartaus	hartautta
harteet	harteilla
harteet	harteillaan
harteet	harteillani
harteet	harteille
harteet	harteilleen
hartia	hartiat
hartia	hartioiden
hartia	hartioista
hartiavoima	hartiavoimin
hartola	hartolassa
hartsa	hartsa
hartwall	hartwallin
harva	harva
harva	harvalla
harva	harvalle
harva	harvassa
harva	harvasta
harva	harvat
harva	harvemmalla
harva	harvemman
harva	harvoissa
harva	harvoja
harva	harvojen
harvakseen	harvakseen
harvakseltaan	harvakseltaan
harvemmin	harvemmin
harvinainen	harvinainen
harvinainen	harvinaisen
harvinainen	harvinaisii
harvinainen	harvinaista
harvoin	harvoin
harvoin	harvoinkos
harvoin	harvon
hassahtaa	hassahtavana
hasse	hasselta
hassu	hassu
hassu	hassut
hassunnäköinen	hassunnäköinen
hassusti	hassusti
hattara	hattara
hattu	hattu
hattu	hattua
hattu	hattuani
hattu	hattuni
hattu	hattunsa
hattu	hattuun
hattu	hatun
hattu	hatusta
hattuhuone	hattuhuone
hattula	hattulan
hatunlippa	hatunlippaan
haudata	haudata
haudata	haudattavan
haudata	haudattiin
haudata	haudattu
haudata	haudattuja
haudata	haudattuna
haudata	haudatuksi
haudata	hautaa
hauduttaa	hauduta
haukata	haukannut
haukata	haukkaamaan
haukata	haukkasi
hauki	hauki
haukipudas	haukiputaalla
haukkoa	haukkoisi
haukkoa	haukkoneen
haukkua	haukkua
haukkua	haukkui
haukkua	haukkumalla
haukkua	haukkunu
haukkua	haukkuu
haukkua	haukuta
haukkua	haukuttu
haukkumanimi	haukkumanimellä
haukkuminen	haukkumisesta
haukotella	haukottelin
haukunta	haukunta
haulikko	haulikko
haulikko	haulikoistaan
haulikko	haulikolla
hauska	hauska
hauska	hauskaa
hauska	hauskemman
hauska	hauskimpia
hauska	hauskin
hauska	hauskoissa
hauska	hauskoja
hauskahauska	hauskahauska
hauskanilkeä	hauskanilkeäkin
hauskasti	hauskasti
hauta	haudalle
hauta	haudalleen
hauta	haudan
hauta	haudat
hauta	hauta
hauta	hautaa
hauta	hautaan
hauta	hautoja
hauta	hautojen
hautaaminen	hautaaminen
hautajainen	hautajaisissa
hautajaiset	hautajaiset
hautajaiset	hautajaisiin
hautajaiset	hautajaisissa
hautajaisperinne	hautajaisperinteisiin
hautakivi	hautakivet
hautala	hautala
hautapaikka	hautapaikka
hautaus	hautauksesta
hautausmaa	hautausmaan
hautautua	hautautuvat
hautomo	hautomoissa
hautua	hautua
hautua	hautumaan
havahtua	havahdun
havahtua	havahtui
havaiji	havaiji
havaiji	havaijin
havainnollinen	havainnollinen
havainnollinen	havainnollista
havainto	havainnoille
havainto	havainnoista
havainto	havainnon
havainto	havaintoja
havaita	havaitaan
havaita	havaitse
havaita	havaitsi
havaita	havaittava
havaita	havaittiin
havaita	havaitut
havaitseminen	havaitsemisen
havaittavuus	havaittavuuttaan
havanna	havanna
haverinen	haverinen
havi	havi
havitella	havitellut
havukasvi	havukasvien
havumaja	havumajaan
haydn	haydnin
hd-levykkeellinen	hd-levykkeellistä
heather	heather
heathrow	heathrow'n
heaven	heaven
heavy	heavy
hector	hectorin
hedelmä	hedelmien
hedelmä	hedelmiä
hedelmä	hedelmät
hedelmä	hedelmää
hedelmäinen	hedelmäinen
hedelmällinen	hedelmällinen
hedelmällinen	hedelmällistä
heh	heh
hehe	hehe
hehh	hehh
hehkua	hehkuen
hehkua	hehkuivatkaan
hehkua	hehkut
hehkuttaa	hehkuttaa
hehkuva	hehkuva
hehtaari	hehtaaria
hehtaari	hehtaarin
hei	hei
heidegger	heidegger
heidi	heidi
heihettää	heihettämään
heijastua	heijastuu
heijastus	heijastuksia
heikentyä	heikentynyt
heikentää	heikentää
heiketä	heikkenee
heiketä	heikkeni
heiketä	heikkenisi
heiki	heiki
heikkeneminen	heikkenemiseen
heikki	heikki
heikkilä	heikkilä
heikkinen	heikkinen
heikko	heikko
heikko	heikkoja
heikko	heikkojen
heikko	heikoimmille
heikko	heikoista
heikko	heikompana
heikko	heikompia
heikko	heikot
heikkokasvuinen	heikkokasvusta
heikkous	heikkoutta
heikosti	heikosti
heila	heilat
heilahdella	heilahteli
heilahtaa	heilahtaa
heilauttaa	heilautin
heilua	heiluen
heilua	heilui
heilua	heiluu
heilua	heiluva
heilua	heiluvan
heiluhäntä	heiluhäntä
heiluttaa	heiluttaa
heiluttaa	heilutti
heimo	heimoa
heimo	heimon
heimotilanne	heimotilanne
heimoveli	heimoveljiensä
heino	heino
heinola	heinolan
heinonen	heinonen
heinonen	heinoselle
heinä	heiniä
heinä	heinän
heinä	heinää
heinäkuu	heinäkuun
heinäkuu	heinäkuuta
heinänkorsi	heinänkorsi
heinäpaali	heinäpaaleista
heinäsäkki	heinäsäkki
heinätori	heinätorin
heinätyö	heinätöitä
heiskari	heiskaria
heiskari	heiskarin
heitellä	heitellen
heitellä	heitellä
heitellä	heiteltäväksi
heitellä	heittelevät
heitto	heiton
heitto	heitossa
heitto	heittoaan
heittokäsi	heittokädet
heittorata	heittoradalla
heittäytyä	heittäytyi
heittäytyä	heittäytyy
heittäytyä	heittäytyä
heittää	heitettiin
heittää	heitetä
heittää	heitti
heittää	heittivät
heittää	heittäisin
heittää	heittäisivät
heittää	heittäkää
heittää	heittämässä
heittää	heittämään
heittää	heittäny
heittää	heittänyt
heittää	heittää
heivauttaa	heivautti
hekottaa	hekotti
helapää	helapää
helen	helenin
helena	helena
helena	helenalle
hélene	hélenessa
helge	helge
heli	heli
helikopteri	helikopterilla
helikopteriraha	helikopterirahat
helistää	helistettävien
helkkari	helkkari
helkutissa	helkutissa
helkutti	helkutin
helkyttää	helekyttää
hella	hella
hellapuu	hellapuita
helle	hellettä
helle	helteessä
hellehattu	hellehattu
hellepäivä	hellepäivä
helliminen	helliminen
hellittää	hellitti
hellittää	hellittänyt
hellittää	hellittääkseen
hellitä	heltiä
helliä	hellitty
hellyttävä	hellyttävin
hellä	hellä
hellästi	hellästi
helma	helmaan
helma	helmaansa
helma	helman
helma	helmat
helmi	helmi
helmi	helmin
helmi-täti	helmi-tädin
helmikuu	helmikuun
helmikuu	helmikuussa
helmikuu	helmikuusta
helmikuu	helmikuuta
helminen	helminen
helmipöllö	helmipöllö
heloise	heloisen
helpommin	helpommin
helposti	helposti
helpottaa	helpottaa
helpottaa	helpottamaan
helpottaa	helpottavat
helpottaa	helpotti
helpottua	helpottunut
helpotus	helpotuksen
helpotus	helpotushan
helppo	helpoksi
helppo	helpolla
helppo	helpommaksi
helppo	helpompaa
helppo	helpompi
helppo	helppo
helppo	helppoa
helppo	helppoja
helpposivelteinen	helpposivelteinen
helppotajuinen	helppotajuisia
helppous	helppous
helsingin	helsingin
helsinki	helsingillä
helsinki	helsingin
helsinki	helsingissä
helsinki	helsingistä
helsinki	helsinki
helsinki	helsinkiin
helsinki	helsinkiä
helsinki-vantaa	helsinki-vantaan
helsinkiläinen	helsinkiläinen
helsinkiläinen	helsinkiläiset
helsinkiläinen	helsinkiläisille
helsinkiläinen	helsinkiläisiä
helsinkiläinen	helsinkiläistä
helsinkiläismiljöö	helsinkiläismiljööt
heltyä	heltymättä
helvetissä	helvetissä
helvetisti	helvetisti
helvetti	helvetin
helvetti	helvetissä
helvetti	helvetistä
helvetti	helvetti
helvetti	helvettiin
helvetti	helvettiä
heläyttää	heläyttävät
hemánus	hemánus
hemilä	hemilä
hemmetissä	hemmetissä
hemmetti	hemmetin
hemmetti	hemmetti
hemmotella	hemmotella
hemmotella	hemmotellaan
hemmotella	hemmoteltu
hempeä	hempeät
hengailla	hengailla
hengenvaara	hengenvaara
hengenvaarallisesti	hengenvaarallisesti
hengiltä	hengiltä
hengissä	hengissä
hengitellä	hengitellään
hengittää	hengitti
hengittää	hengittämässä
hengittää	hengittämään
hengittää	hengittäviä
hengittää	hengittää
hengitys	hengityksen
hengitys	hengityksensä
hengitys	hengitystään
hengitysilma	hengitysilman
hengähdyspaussi	hengähdyspaussi
hengähtää	hengähtää
hengästyä	hengästyä
henkariryppy	henkarirypyt
henki	hengelle
henki	hengeltä
henki	hengen
henki	hengestään
henki	henkee
henki	henkeni
henki	henkensä
henki	henkeä
henki	henkeään
henki	henki
henkiin	henkiin
henkiinjäänyt	henkiinjääneillä
henkilö	henkilö
henkilö	henkilöiden
henkilö	henkilöihin
henkilö	henkilöille
henkilö	henkilöistä
henkilö	henkilöitä
henkilö	henkilön
henkilö	henkilöstä
henkilö	henkilöt
henkilö	henkilöä
henkilö	henkilöön
henkilöauto	henkilöauto
henkilöauto	henkilöautoa
henkilöauto	henkilöautoille
henkilöauto	henkilöautojen
henkilöauto	henkilöautolla
henkilöauto	henkilöauton
henkilöauto	henkilöautossa
henkilöauto	henkilöautot
henkilöityä	henkilöityä
henkilökohtainen	henkilökohtainen
henkilökohtainen	henkilökohtaisella
henkilökohtainen	henkilökohtaisen
henkilökohtainen	henkilökohtaiset
henkilökohtainen	henkilökohtaista
henkilökohtainen	henkilökohtasta
henkilökohtaisesti	henkilökohtaisesti
henkilökunta	henkilökunnan
henkilökunta	henkilökunnastaan
henkilökunta	henkilökunta
henkilökunta	henkilökuntaa
henkilökunta	henkilökuntaan
henkilöllisyys	henkilöllisyyden
henkilöllisyys	henkilöllisyys
henkilöllisyystodistus	henkilöllisyystodistus
henkilöllisyystodistus	henkilöllisyystodistusta
henkilöstö	henkilöstö
henkilöstö	henkilöstön
henkilöstö	henkilöstönsä
henkilöstö	henkilöstöstä
henkilöstöpolitiikka	henkilöstöpolitiikkaan
henkilötieto	henkilötiedoilla
henkilötieto	henkilötiedot
henkilötunnus	henkilötunnuksen
henkilövahinko	henkilövahingoilta
henkinen	henkisen
henkinen	henkisiltä
henkinen	henkisiä
henkinen	henkistä
henkirikos	henkirikoksia
henkisesti	henkisesti
henkitorvi	henkitorveen
henkivakuutus	henkivakuutus
henkäistä	henkäisi
henkäys	henkäyksen
henna	henna
hennoa	hennonut
henricson	henricson
henrietta	henrietta
henriikka	henriikka
hento	hennon
hentoinen	hentoisen
heppoinen	heppoisia
heppu	heppu
herakka	herakka
herbert	herbert
herbert	herbertin
hereillä	hereillä
heristellä	heristelin
heristää	herist
heristää	heristäen
herjata	herjata
herjetä	herkeämättömän
herkko	herkolta
herkku	herkku
herkku	herkkua
herkku	herkkuja
herkku	herkuin
herkku	herkussa
herkkukurkku	herkkukurkku
herkkupaketti	herkkupaketteja
herkkupöytä	herkkupöydässä
herkkusuu	herkkusuun
herkkutatti	herkkutatille
herkkyys	herkkyyttään
herkkä	herkempi
herkkä	herkin
herkkä	herkkä
herkkänahkainen	herkkänahkaisia
herkkäuskoinen	herkkäuskosta
herkkävatsainen	herkkävatsaiset
herkullinen	herkullinen
herkullinen	herkullisia
herkullinen	herkullista
herkästi	herkästi
hermanni	hermanni
hermo	hermoilleen
hermo	hermoja
hermo	hermojen
hermo	hermosi
hermo	hermot
hermo	hermothan
hermonvuori	hermonvuoren
hermoromahdus	hermoromahdusta
hermostua	hermostu
hermostuminen	hermostumista
hermostunut	hermostuneempi
hernepelto	hernepeltoa
hernesniemi	hernesniemi
heroiini	heroiinia
herra	herra
herra	herraksi
herra	herran
herra	herrasta
herra	herrat
herra	herroissa
herrakerholainen	herrakerholaiset
herrakurssi	herrakurssin
herrala	herralan
herrasmies	herrasmiehiä
herrasmies	herrasmies
hertsegovina	hertsegovina
herttainen	herttainen
herttainen	herttaisen
herttainen	herttaisena
herttainen	herttaisimpia
herttaisesti	herttaisesti
hertzen	hertzen
herua	herunut
hervanta	hervannan
hervanta	hervantaa
heräillä	heräillä
herätellä	herättelimme
herättäminen	herättäminen
herättää	herättivät
herättää	herättämä
herättää	herättäneet
herättää	herättänyt
herättää	herättää
herätys	herätys
herätyskello	herätyskello
herätä	heräisinkin
herätä	heränny
herätä	herännyt
herätä	heräsi
herätä	heräsin
herätä	herätessäni
herätä	herätkää
herätä	herättyäni
herätä	herätä
herätä	herätäkseni
herätä	herää
herääminen	heräämistä
hesa	hesassa
hesari	hesaris
hesburger	hesburgerin
hessu	hessu
heteka	hetekan
hetero	heteroja
heterotomppeli	heterotomppelit
heti	heti
hetki	hetkeen
hetki	hetkeksi
hetki	hetkellä
hetki	hetken
hetki	hetkenä
hetki	hetkessä
hetki	hetkestä
hetki	hetket
hetki	hetkeäkään
hetki	hetki
hetki	hetkinä
hetkinen	hetkine
hetkinen	hetkinen
hetulavalas	hetulavalaan
hetulavalas	hetulavalas
hevillä	hevillä
hevin	hevin
hevonen	hevoin
hevonen	hevonen
hevonen	hevosen
hevonen	hevoset
hevonen	hevosia
hevonen	hevosta
hevonen	hevosten
hevonen	hevostensa
hevosenkenkänaula	hevosenkenkänauloja
hevoskuormittain	hevoskuormittain
hevosmies	hevosmies
hevosnaama	hevosnaama
hevosnaamainen	hevosnaamaisen
hevospoika	hevospoikana
hevostyttöys	hevostyttöys
hevosurheilu	hevosurheilu
hevosurheilu	hevosurheilulla
hevosvoima	hevosvoimaa
heyerdahl	heyerdahl
hi	hi
hidas	hidas
hidastaa	hidastaa
hidastaa	hidastavat
hidastella	hidastellen
hidastua	hidastunut
hidastus	hidastuksen
hiekka	hiakal
hiekka	hiekan
hiekka	hiekkaa
hiekkalaatikko	hiekkalaatikko
hiekkalaatikko	hiekkalaatikoista
hiekkalaatikko	hiekkalaatikolla
hiekkalaatikko	hiekkalaatikolta
hiekkalaatikko	hiekkalaatikon
hiekkapohjainen	hiekkapohjainen
hiekkaranta	hiekkarannalla
hiekkatie	hiekkatie
hiekottaja	hiekottajana
hieman	hieman
hieno	hieno
hieno	hienoa
hieno	hienoimman
hieno	hienoimpia
hieno	hienoin
hieno	hienoja
hieno	hienompaa
hieno	hienompi
hieno	hienompikin
hieno	hienon
hieno	hienossa
hieno	hienosta
hieno	hienot
hienoinen	hienoinen
hienokseltaan	hienokseltaan
hienonhieno	hienonhieno
hienontaa	hienonnetaan
hienontaa	hienonnettu
hienontua	hienontuu
hienosti	hienosti
hienostokaupunginosa	hienostokaupunginosissa
hienostunut	hienostunut
hienota	hienonee
hienotunteisuus	hienotunteisuus
hienous	hienoudestaan
hierarkia	hierarkiassa
hieroa	hieroen
hieroa	hieromalla
hieroja	hierojalle
hiertää	hiertää
hietala	hietala
hietalahti	hietalahden
hietamäki	hietamäen
hietaniemi	hietaniemen
hietsu	hietsussa
hievahtaa	hievahda
hievahtaa	hievahtaakaan
hievahtaa	hievahtamatta
hifk	hifk:n
high	high
hih	hih
hiha	hihoihin
hiha	hihoista
hihallinen	hihallinen
hihaton	hihaton
hihityttää	hihityttää
hihkua	hihkui
hihkua	hihkuivat
hihna	hihnan
hiihto	hiihdossa
hiihto	hiihto
hiihto	hiihtoon
hiihtohousut	hiihtohousuissa
hiihtokampe	hiihtokamppeita
hiihtokeli	hiihtokeli
hiihtokuningas	hiihtokuninkaan
hiihtoliitto	hiihtoliitto
hiihtoretki	hiihtoretkestä
hiihtosuunnistaja	hiihtosuunnistaja
hiihtäjä	hiihtäjiä
hiihtäjä	hiihtäjälle
hiihtäminen	hiihtäminen
hiihtää	hiihdettiin
hiihtää	hiihti
hiihtää	hiihtivät
hiihtää	hiihtää
hiili	hiilellä
hiili	hiili
hiilidioksidi	hiilidioksidista
hiilipaperi	hiilipaperilla
hiilisilakka	hiilisilakat
hiiltynyt	hiiltynyt
hiipiä	hiipi
hiippailla	hiippailevia
hiippari	hiipparina
hiipua	hiipunut
hiipua	hiipuu
hiirenkorva	hiirenkorvalla
hiiri	hiiren
hiiri	hiiret
hiiri	hiiriä
hiisi	hiiteen
hiiskua	hiisku
hiiskua	hiiskumaton
hiiskua	hiiskuta
hiiva	hiivalla
hikeentyä	hikeentyi
hikeentyä	hikeentyvät
hiki	hielle
hiki	hiessä
hiki	hiestä
hiki	hikeen
hiki	hiki
hikihatussa	hikihatussa
hikikarpalo	hikikarpaloita
hikinen	hikinen
hikinen	hikisen
hikinen	hikisissä
hikinen	hikisiä
hikinen	hikisten
hikipisara	hikipisaroita
hikiä	hikiältä
hikoilla	hikoile
hikoilla	hikoilla
hikoilla	hikoillut
hiljaa	hiljaa
hiljainen	hiljainen
hiljainen	hiljaiseen
hiljainen	hiljaisella
hiljainen	hiljaisempi
hiljainen	hiljaisen
hiljainen	hiljaisia
hiljainen	hiljaisissa
hiljainen	hiljaista
hiljainen	hiljasempaa
hiljaisuus	hiljaisuuden
hiljaisuus	hiljaisuudessa
hiljaisuus	hiljaisuus
hiljaisuus	hiljaisuuteen
hiljaisuus	hiljaisuutta
hiljakseen	hiljakseen
hiljakseen	hiljakseenkin
hiljalleen	hiljalleen
hiljattain	hiljattain
hiljempaa	hiljempaa
hiljennellä	hiljennellä
hiljentyä	hiljentyneen
hiljentää	hiljensi
hiljetä	hiljeni
hilkka	hilkka
hilkulla	hilkulla
hill	hill
hilla	hillat
hillary	hillary
hillintätoimi	hillintätoimet
hillitty	hillitty
hillitysti	hillitysti
hillitä	hillitsee
hillitä	hillitä
hillitön	hillittömän
hilluminen	hilluminen
hilpeä	hilpeitä
hilpeä	hilpeällä
hilse	hilseen
hima	himaan
hima	himassa
himanen	himanen
himmentää	himmentää
himmeästi	himmeästi
himo	himo
himoita	himoitsee
himona	himona
himosäästö	himosäästö
hinaaja	hinaajien
hinata	hinata
hinata	hinattiin
hinnasto	hinnaston
hinnoitella	hinnoiteltu
hinnoittelu	hinnoittelulla
hinnoittelu	hinnoittelusta
hinta	hinnaksi
hinta	hinnalla
hinta	hinnan
hinta	hinnasta
hinta	hinnat
hinta	hinnathan
hinta	hinnoissa
hinta	hinnoista
hinta	hinta
hinta	hintaa
hinta	hintaan
hinta	hintansa
hinta	hintoihin
hinta	hintoja
hinta	hintojen
hintaero	hintaero
hintaero	hintaerot
hintahtaa	hintahtaen
hintainen	hintainen
hintainen	hintaisen
hintainen	hintaisesta
hintainen	hintaisia
hintasopimus	hintasopimus
hintataso	hintataso
hintavertailu	hintavertailuumme
hinton	hintonin
hintze	hintze
hioa	hiomaton
hiominen	hiominen
hiominen	hiomista
hiostaa	hiostavaa
hipaista	hipaisi
hippasilla	hippasilla
hippiliike	hippiliike
hippu	hippu
hippu	hippua
hipsiä	hipsiä
hipsutella	hipsutteli
hirmu	hirmu
hirmuinen	hirmuinen
hirmuinen	hirmuisen
hirmuinen	hirmune
hirmuisesti	hirmuisesti
hirmulisko	hirmuliskoja
hirmumyrsky	hirmumyrskyä
hirmuteko	hirmutekoihin
hiroshima	hiroshiman
hiroshima	hiroshimassa
hirsi	hirsi
hirsikirkko	hirsikirkko
hirsinen	hirsisistä
hirsisauna	hirsisaunan
hirsitalo	hirsitalot
hirsitupa	hirsitupa
hirttotuomio	hirttotuomioiden
hirvetä	hirviä
hirveä	hirvee
hirveä	hirveen
hirveä	hirveä
hirveä	hirveältä
hirveä	hirveän
hirveästi	hiirveesti
hirveästi	hirveesti
hirveästi	hirveästi
hirveästi	hirveästit
hirvi	hirvelle
hirvi	hirven
hirvi	hirvi
hirvi	hirviä
hirvi	hirviäkin
hirvikanta	hirvikantoihin
hirvikärpänen	hirvikärpänen
hirvikärpänen	hirvikärpästen
hirvimerkki	hirvimerkin
hirviseurue	hirviseurueen
hirvittävä	hirvittävän
hirvittävä	hirvittävässä
hirvittävä	hirvittävään
hirvittää	hirvitti
hirvittää	hirvittävän
hirvittää	hirvittää
hirvitysmatto	hirvitysmatolla
hirvitä	hirviäisi
hirviö	hirviölle
hirvonen	hirvoselta
hiski	hiski
hiski-karju	hiski-karjumme
hissi	hissiin
hissi	hissillä
hissi	hissin
hissikehikko	hissikehikoista
historia	historia
historia	historiaa
historia	historiaan
historia	historian
historia	historiansa
historia	historiassa
historia	historiasta
historiallinen	historiallinen
historiallinen	historialliselle
historiallinen	historiallisessa
historiallinen	historiallisia
historiallinen	historiallisissa
historiallinen	historiallista
historiallisesti	historiallisesti
historiantutkimus	historiantutkimus
historiikki	historiikissa
historiikki	historiikkeja
historioitsija	historioitsijana
historioitsija	historioitsijat
hitaammin	hitaammin
hitaasti	hitaasti
hitaimmin	hitaimmin
hitchcock-uusinta	hitchcock-uusinnat
hitler	hitlerin
hitler	hitleriä
hitossa	hitossa
hitsata	hitsaa
hitsautua	hitsautui
hitsi	hitsi
hitti	hittiä
hitto	hiton
hitto	hitossa
hitto	hitto
hitto	hittoa
hitto	hittoako
hitto	hittoon
hitulainen	hitulaesena
hiukan	hiukam
hiukan	hiukan
hiukka	hiukkaakaan
hiukkanen	hiukkasen
hiukkanen	hiukkasten
hiukkassuihku	hiukkassuihkuista
hiuksenhienosti	hiuksenhienosti
hius	hiuksensa
hius	hiuksesi
hius	hiukset
hius	hiuksia
hius	hiuksineen
hius	hiuksista
hius	hiusta
hiusdonitsi	hiusdonitsi
hiusdonitsi	hiusdonitsin
hiussuikale	hiussuikaleita
hiv	hiv
hivellä	hiveleviä
hivenaine	hivenaineita
hjelm	hjelmin
hjelm	hjelmiä
hjk	hjk
hjk	hjk:n
hk	hk:n
hkl	hkl
hoas	hoasin
hohottaa	hohottavaa
hohtaa	hohtakoon
hohto	hohtoa
hoidella	hoideltu
hoidella	hoitelee
hoidella	hoitelemaan
hoidella	hoiteli
hoijottaa	hoijottaa
hoikka	hoikka
hoippua	hoippui
hoitaa	hoida
hoitaa	hoidan
hoitaa	hoidat
hoitaa	hoideta
hoitaa	hoidetaan
hoitaa	hoidettaisi
hoitaa	hoidettavakseen
hoitaa	hoidettavalle
hoitaa	hoidettavan
hoitaa	hoidettavana
hoitaa	hoidettiin
hoitaa	hoidettu
hoitaa	hoidetuiksi
hoitaa	hoidetuksi
hoitaa	hoitaa
hoitaa	hoitaakseen
hoitaa	hoitaakseni
hoitaa	hoitakaa
hoitaa	hoitamaan
hoitaa	hoitamasta
hoitaa	hoitamatta
hoitaa	hoitaneen
hoitaa	hoitanut
hoitaa	hoitavat
hoitaa	hoiti
hoitaa	hoitivat
hoitaja	hoitaja
hoitaja	hoitajalle
hoitaja	hoitajan
hoitaja	hoitajani
hoitaja	hoitajat
hoitaja	hoitajien
hoitaja	hoitajilla
hoitajalakko	hoitajalakon
hoitajatar	hoitajatar
hoitaminen	hoitaminen
hoitaminen	hoitamiseen
hoitaminen	hoitamiseksi
hoitaminen	hoitamista
hoito	hoidolla
hoito	hoidon
hoito	hoidonkin
hoito	hoidossa
hoito	hoidosta
hoito	hoito
hoito	hoitoa
hoito	hoitoihin
hoito	hoitojen
hoito	hoitoon
hoito-ongelma	hoito-ongelmia
hoitoala	hoitoalan
hoitohenkilökunta	hoitohenkilökunnan
hoitohenkilökunta	hoitohenkilökunta
hoitohuone	hoitohuoneelle
hoitokulu	hoitokulut
hoitosuhde	hoitosuhde
hoitosuhde	hoitosuhteessa
hoitotapa	hoitotapojen
hoitua	hoituvat
hoituri	hoituri
hoiva	hoivaa
hoivata	hoivaavan
hoivata	hoivattiin
hokea	hoin
holappa	holapassa
holappa	holappa
holhooja	holhooja
holkeri	holkeri
holkeri	holkerille
holkeri	holkerin
hollanti	hollannilla
hollanti	hollannin
hollanti	hollannissa
hollantilainen	hollantilaista
hollo	hollon
hollola	hollolasta
holm	holmin
holmberg	holmbergillä
holmström	holmströmin
holopainen	holopainen
holopainen	holopaisen
holopainen	holopaista
holpainen	holpaisen
home	home
home	homeelle
home	homeen
home	hometta
homma	homma
homma	hommaa
homma	hommaan
homma	homman
homma	hommansa
homma	hommat
homma	hommissa
hommata	hommaan
hommata	hommas
homo	homo
honda	honda
honda-mopo	honda-mopo
hongkong	hongkongissa
hongkongilainen	hongkongilaiset
honka	honka
honka	honkia
honkanen	honkanen
honkapölkky	honkapölkyn
honkarakenne	honkarakenne
hoo-moilanen	hoo-moilasena
hope	hopen
hopea	hopea
hopea	hopeaa
hopea	hopeeta
hopearengas	hopearenkaissa
hopeavati	hopeavatiin
hopeinen	hopeiset
hoppuilla	hoppuile
horjua	horjua
horjua	horjui
horjua	horjuu
horjuminen	horjumiseen
hormi	hormin
hormoni	hormoneja
hormoni	hormonit
horna	horna
horna	hornasta
hornet	hornet
hornet	horneteilla
hornet	horneteissa
hornet	hornetit
horros	horrokseen
horros	horroksessa
horros	horroksiin
hortoilla	hortoileekin
hoteissa	hoteissa
hotelli	hotelli
hotelli	hotellia
hotelli	hotelliin
hotelli	hotelliini
hotelli	hotellin
hotelli	hotellina
hotelli	hotellissa
hotellihinta	hotellihintojen
hotellihuone	hotellihuoneen
hotellihuone	hotellihuoneessa
hotellitilanne	hotellitilanteessa
hotkaista	hotkaista
hough	hough
houkutella	houkutella
houkutella	houkutellut
houkutella	houkuttelee
houkutella	houkuttelemassa
houkutella	houkuttelevat
houkutella	houkutteli
houkuttaa	houkuttaa
houkuttaa	houkuttivat
houkutteleva	houkuttelevia
houruinhuone	houruinhuone
house	housessa
housu	housujaan
housu	housut
housuasu	housuasut
housunpersaus	housunpersaakset
housunpolvi	housunpolvi
housunpuntti	housunpuntit
housut	housuilleni
housut	housuissa
housut	housujen
housut	housut
housut	housutkin
hovi	hovi
hovietiketti	hovietiketti
hovimestari	hovimestari
hovioikeus	hovioikeudessa
hovioikeus	hovioikeuksissa
hovioikeus	hovioikeus
hovioikeuskäsittely	hovioikeuskäsittely
hovitoimittaja	hovitoimittajan
hrustsev	hrustsevin
ht	ht:n
html-slangi	html-slangistani
hufvudstadsbladet	hufvudstadsbladetin
hugo	hugo
huh	huh
huhista	huhisemaan
huhmar	huhmaressa
huhta	huhdalla
huhtamäki	huhtamäki
huhti-kesäkuu	huhti-kesäkuussa
huhtikuu	huhtikuussa
huhtikuu	huhtikuuta
huhu	huhu
huhu	huhuja
huhu	huhujen
huhu	huhut
huhuilla	huhuillaan
huhuta	huhutaan
huijari	huijareille
huijari	huijareita
huijari	huijarit
huijata	huijataan
huijata	huijatuksi
huikata	huikkaa
huikata	huikkasin
huikea	huikea
huikea	huikeaa
huikea	huikeaan
huikea	huikean
huikea	huikeat
huikeasti	huikeasti
huilu	huilut
huima	huiman
huima	huimia
huimapää	huimapäitä
huimata	huimaa
huipennos	huipennosta
huipentua	huipentuu
huipentuma	huipentumana
huippu	huippu
huippu	huippua
huippu	huipulla
huippu	huipulle
huippu	huipulta
huippu	huipumpaa
huippu	huipustaan
huippu	huiput
huippu-urheilija	huippu-urheilijoiden
huippu-urheilujärjestelmä	huippu-urheilujärjestelmän
huippuammattilainen	huippuammattilainen
huippuhyvä	huippuhyvän
huippujohtaja	huippujohtajilla
huippukokki	huippukokkia
huippuliike	huippuliikkeen
huippuluku	huippuluvuissa
huippuluokka	huippuluokan
huippumies	huippumiehen
huippusiisti	huippusiistinä
huippusuunnittelija	huippusuunnittelija
huipputaso	huipputasolla
huipputavaratalo	huipputavarataloissa
huippututkimus	huippututkimusta
huippuvuosi	huippuvuonna
huiskauttaa	huiskautettava
huiskia	huiskien
huitsikonkuusi	huitsikokuusee
huittinen	huittinen
huivi	huivien
huivi	huivilla
huivi	huivin
hujakoilla	hujakoilla
hukassa	hukassa
hukka	hukat
hukka	hukka
hukka	hukkaa
hukkaan	hukkaan
hukkamäki	hukkamäki
hukkaääni	hukkaääniä
hukkila	hukkila
hukkua	hukkua
hukkua	hukkuneet
hukkua	hukkuvan
hukkumisluku	hukkumisluvut
hukuttaa	hukuta
huligaani	huligaaneja
hulkkonen	hulkkoselle
hullu	hullu
hullu	hullua
hullu	hulluina
hullu	hulluja
hullu	hulluksi
hullu	hullumpaa
hullu	hullumpi
hullu	hullun
hullu	hulluna
hullu	hulluu
hullunmylly	hullunmyllyn
hulluus	hulluudessa
hulluus	hulluus
hulluus	hulluutta
hulmahdella	hulmahdellen
hulmuta	hulmuten
hulvattomasti	hulvattomasti
humahtaa	humahtaen
humahtaa	humahti
humala	humalassa
humalainen	humalainen
humalainen	humalaisella
humalainen	humalaisesta
humalapäissä	humalapäissä
humalapäissään	humalapäissään
humalatila	humalatila
humalluttaa	humalluttaa
humanismi	humanismin
humanisti	humanisteja
humanisti	humanisti
humanistinen	humanistisen
humanitaarinen	humanitaarinen
humanitäärinen	humanitäärisiä
humiseva	humisevalla
humppatanssi	humppatansseissa
humppila	humppilan
humusjärvi	humusjärvissä
humuspitoinen	humuspitoisissa
hunaja	hunajaa
hunaja	hunajalle
hunningolle	hunningolle
huntu	hunnun
huntu	huntua
huoata	huokaa
huoata	huokaavat
huoata	huokasin
huohottaa	huohotti
huojua	huojumaan
huojua	huojun
huojunta	huojuntaa
huokailla	huokailevat
huokailla	huokailivat
huokaista	huokaisee
huokaus	huokauksena
huokea	huokea
huolehtia	huolehdi
huolehtia	huolehditaan
huolehtia	huolehdittava
huolehtia	huolehtia
huolehtia	huolehtii
huolehtia	huolehtikaamme
huolehtia	huolehtikoot
huolehtia	huolehtima
huolehtia	huolehtivaa
huolehtia	huolehtivat
huolella	huolella
huolellinen	huolellista
huolellisesti	huolellisesti
huolellisuusnumero	huolellisuusnumerossa
huolenaihe	huolenaihe
huolenpitäminen	huolenpitäminen
huolestua	huolestua
huolestua	huolestui
huolestua	huolestuin
huolestua	huolestunut
huolestunut	huolestuneena
huolestunut	huolestuneina
huolestuttaa	huolestuttaa
huolestuttava	huolestuttavaa
huolestuttavasti	huolestuttavasti
huoleti	huoleti
huoleton	huoleton
huoleton	huoletonta
huoletta	huoletta
huolettaa	huolettaa
huolettomasti	huolettomasti
huoli	huoleen
huoli	huolella
huoli	huolen
huoli	huoli
huoli	huolia
huoli	huolta
huolia	huali
huolia	huoli
huolia	huolimatta
huolia	huolita
huolimaton	huolimattomia
huolinta	huolinta
huolissaan	huolissaan
huolissaan	huolissani
huollattaa	huollattaa
huollettava	huollettavanne
huolto	huollossa
huolto	huolto
huolto	huoltoa
huolto	huoltomme
huoltoasema	huoltoasemaa
huoltoasema	huoltoasemalle
huoltoasema	huoltoasemilla
huoltoasemaverkko	huoltoasemaverkon
huoltomies	huoltomiehellä
huoltomies	huoltomies
huoltoreitti	huoltoreitin
huoltoteam	huoltoteamista
huomaamattomasti	huomaamattomasti
huomaavainen	huomaavaisempia
huomaavainen	huomaavaista
huomata	huamannu
huomata	huomaa
huomata	huomaamatta
huomata	huomaamattani
huomata	huomaan
huomata	huomaatkaan
huomata	huomaatte
huomata	huomaavan
huomata	huomaavinamme
huomata	huomaisi
huomata	huomanneet
huomata	huomannu
huomata	huomannut
huomata	huomasi
huomata	huomasiko
huomata	huomasin
huomata	huomasit
huomata	huomasitkaan
huomata	huomasivat
huomata	huomata
huomata	huomataan
huomata	huomatessaan
huomata	huomattakoon
huomata	huomattiin
huomata	huomattu
huomata	huomattukaan
huomattava	huomattavaa
huomattava	huomattavaan
huomattava	huomattavan
huomattava	huomattavin
huomattavasti	huomattavasti
huomauttaa	huomautettiin
huomauttaa	huomauttaa
huomauttaa	huomauttamaan
huomauttaa	huomautti
huomauttaminen	huomauttamisen
huomautteleminen	huomautteleminen
huomautus	huomautuksen
huomautus	huomautuksista
huomautus	huomautus
huomautus-	huomautus-
huomen	huomen
huomen	huomenta
huomenna	huamena
huomenna	huome-
huomenna	huomen
huomenna	huomena
huomenna	huomenna
huomenna	huomennahan
huomenna	huomennakki
huominen	huominen
huominen	huomiseen
huominen	huomiseksi
huominen	huomiselle
huominen	huomisen
huominen	huomisessa
huomio	huomio
huomio	huomioon
huomio	huomiota
huomio	huomiotta
huomioida	huomioi
huomioida	huomioida
huomioida	huomioidaan
huomioida	huomioiduksi
huomiokyky	huomiokyvyn
huomionarvo	huomionarvoa
huomispäivä	huomispäivään
huone	huone
huone	huoneen
huone	huoneensa
huone	huoneeseen
huone	huoneessa
huone	huoneessani
huone	huoneesta
huone	huoneet
huone	huoneisiin
huone	huoneissa
huone	huoneita
huone	huonetta
huoneilma	huoneilman
huoneisto	huoneistonne
huoneisto	huoneistonsa
huoneisto	huoneistoonne
huonekalu	huonekaluilla
huonekalu	huonekaluja
huonekalumalli	huonekalumalleja
huonekaluteollisuus	huonekaluteollisuuden
huonekaluviejä	huonekaluviejien
huonetoveri	huonetoveristaan
huono	huono
huono	huonoa
huono	huonoilla
huono	huonoja
huono	huonokaan
huono	huonolta
huono	huonompi
huono	huonon
huono	huonona
huono	huonossa
huono	huonosta
huono	huonot
huonokuntoinen	huonokuntoisempia
huonokuntoinen	huonokuntoisista
huonolaatuinen	huonolaatuiset
huonommin	huonommin
huonopalkkainen	huonopalkkainen
huonosti	huonosti
huonota	huononi
huopa	huopa
huopa	huovan
huopakatettu	huopakatetun
huorin	huorin
huostaan	huostaan
huostaanottaa	huostaanotetaan
huostassa	huostassa
huotari	huotari
hupaisa	hupaisin
hupilaite	hupilaitteen
huppu	huppu
hupsis	hupsis
hurahtaa	hurahtaa
huristaa	huristaa
hurja	hurja
hurja	hurjaa
hurja	hurjalla
hurja	hurjalta
hurja	hurjassa
hurja	hurjat
hurja	hurjempia
hurja	hurjimman
hurjuus	hurjuus
hurma	hurman
hurmaantua	hurmaantuneet
hurmaustauko	hurmaustauko
hurrata	hurraa
hurraus	hurraus
hurrikaanikausi	hurrikaanikaudesta
hurskas	hurskaimmista
hurskas	hurskas
hurtta	hurtta
hussein	husseinin
husu	husu
hutiloida	hutiloiden
hutkutella	hutkutteli
huttu-juntunen	huttu-juntunen
huttunen	huttunen
huttunen	huttusen
huudahdella	huudahdellaan
huudahtaa	huudahtaa
huudahtaa	huudahti
huudatuttaa	huudatuta
huudella	huudellessani
huudella	huudelluksi
huudella	huuteli
huuhdella	huuhdella
huuhdella	huuhtele
huuhkaja	huuhkaja
huuhkaja	huuhkajasta
huuhtelu	huuhtelu
huuhteluaine	huuhteluaineet
huuhteluläiskä	huuhteluläiskät
huuhtoa	huuhdo
huuhtoa	huuhdotaan
huuhtoa	huuhdottaessa
huuhtoa	huuhtomaan
huuli	huulet
huuli	huuliaan
huuli	huulien
huuli	huuliensa
huulipuna	huulipuna
huulipuna	huulipunaa
huuma	huumassa
huumata	huumaavaa
huumata	huumaavan
huumausaine	huumausaineisiin
huumausaine	huumausainetta
huumausainerikos	huumausainerikoksesta
huume	huume
huume	huumeet
huume	huumeita
huumekaveri	huumekaverinsa
huumekoukku	huumekoukussa
huumeongelma	huumeongelma
huumepaali	huumepaalien
huumerikos	huumerikoksia
huumevapaa	huumevapaata
huumori	huumori
huumori	huumoria
huumori	huumoriin
huumorimies	huumorimiehiä
huumorintaj	huumorintaj.
huumorintaju	huumorintaju
huumorintaju	huumorintajua
huumorintajuinen	huumorintajuinen
huurre	huurre
huurre	huurteen
huurteinen	huurteista
huutaa	huudeta
huutaa	huudettu
huutaa	huusi
huutaa	huusivat
huutaa	huutaa
huutaa	huutamaan
huutaa	huutaneet
huutaa	huutanut
huuto	huudot
huuto	huuto
huutokauppa	huutokaupalla
huutokauppa	huutokaupassa
huutokauppa	huutokauppaa
huveta	hupeni
huvi	huvi
huvi	huvin
huvikseen	huvikseni
huvikseen	huviksenne
huvila	huvilaa
huvila	huvilalla
huvila	huvilan
huvila	huvilassa
huvipuisto	huvipuisto
huvitella	huvittelivat
huvittaa	huvittaa
huvittaa	huvitti
huvittava	huvittavalta
huvittunut	huvittunut
hvk	hvk:n
hvk-valmistelu	hvk-valmistelujen
hwicce	hwiccessä
hyasintti	hyasintin
hydraulinen	hydrauliset
hydro	hydro
hyi	hyi
hylje	hylkeestä
hylje	hylkeiden
hylje	hylkeitä
hyljevahinko	hyljevahinkoihin
hylkiytyä	hylkiytyy
hylkäys	hylkäys
hylkääminen	hylkäämisen
hylly	hylly
hylly	hyllyistään
hylly	hyllyjä
hylly	hyllylle
hylly	hyllystä
hylly	hyllyyn
hyllykaupalla	hyllykaupalla
hylätä	hylkäisi
hylätä	hylkäsit
hylätä	hylkäämä
hylätä	hylättäisiin
hylätä	hylätyksi
hylätä	hylätä
hymy	hymy
hymy	hymyksi
hymy	hymyn
hymy	hymynsä
hymy	hymyyn
hymy	hymyä
hymy	hymyään
hymy-late	hymy-late
hymyhuuli	hymyhuulet
hymyilevä	hymyilevä
hymyillä	hymyilee
hymyillä	hymyilemään
hymyillä	hymyilen
hymyillä	hymyilet
hymyillä	hymyilevää
hymyillä	hymyili
hymyillä	hymyilin
hymyillä	hymyillen
hymyillä	hymyillyt
hymyillä	hymyillä
hymyily	hymyily
hymykone	hymykone
hymykunto	hymykuntoon
hymytä	hymysikään
hymähdellä	hymähteli
hymähtää	hymähti
hynninen	hynnisiä
hypellä	hyppeli
hypeltää	hypelsi
hypityttää	hypitytti
hypnoosi	hypnoosin
hypnoosisynnytys	hypnoosisynnytykset
hypnotisoida	hypnotisoidulle
hyppiä	hypittiin
hyppiä	hyppi
hyppiä	hyppien
hyppiä	hyppii
hyppiä	hyppimällä
hyppiä	hyppivät
hyppiä	hyppiä
hyppy	hypyn
hyppyhaalari	hyppyhaalareihin
hyppynen	hyppysissä
hyppyri	hyppyri
hyppääjä	hyppääjien
hyppääjä	hyppääjä
hyppääjä	hyppääjälle
hyppääjä	hyppääjät
hyppääminen	hyppäämistä
hypätä	hyppäisi
hypätä	hyppäisin
hypätä	hyppäs
hypätä	hyppäsi
hypätä	hyppäsin
hypätä	hyppäsivät
hypätä	hyppää
hypätä	hypänne
hypätä	hypänneet
hypätä	hypännyt
hypätä	hypätkö
hypätä	hypättäisi
hypätä	hypättäkö
hypätä	hypättäne
hypätä	hypättävään
hypätä	hypätä
hyrrä	hyrriä
hyrrä	hyrränä
hyrrätä	hyrrää
hysteerinen	hysteerinen
hysteerisesti	hysteerisesti
hytti	hytille
hytti	hytissä
hytti	hytistä
hyttynen	hyttysen
hyttynen	hyttyset
hyttynen	hyttysistä
hyttynen	hyttysiä
hyttynen	hyttysten
hytönen	hytönen
hyundai	hyundai
hyvin	hyvi
hyvin	hyvin
hyvin	hyvinkin
hyvinkää	hyvinkäälle
hyvinkää	hyvinkäällä
hyvinpukeutunut	hyvinpukeutuneita
hyvinvointi	hyvinvoinnille
hyvinvointi	hyvinvointi
hyvinvointipalvelu	hyvinvointipalvelujen
hyvinvointivaltio	hyvinvointivaltioita
hyvinvointivaltio	hyvinvointivaltion
hyvitys	hyvitystä
hyvyys	hyvyyttäni
hyvä	hyviin
hyvä	hyville
hyvä	hyvillä
hyvä	hyviltä
hyvä	hyvineni
hyvä	hyvissä
hyvä	hyvistä
hyvä	hyviä
hyvä	hyvä
hyvä	hyväkin
hyvä	hyväksi
hyvä	hyvälle
hyvä	hyvällä
hyvä	hyvälläkin
hyvä	hyvältä
hyvä	hyvän
hyvä	hyvänä
hyvä	hyvässä
hyvä	hyvästä
hyvä	hyvät
hyvä	hyvätkin
hyvä	hyvää
hyvä	hyvääkin
hyvä	hyvään
hyvä	hyä
hyväillä	hyväili
hyväillä	hyväillyksi
hyväksi	hyväksee
hyväksi	hyväkseen
hyväksi	hyväksemme
hyväksi	hyväksi
hyväksyjä	hyväksyjiä
hyväksyminen	hyväksyminen
hyväksyminen	hyväksymiseen
hyväksyminen	hyväksymisen
hyväksyminen	hyväksymistä
hyväksymissykli	hyväksymissykliksi
hyväksyttävyys	hyväksyttävyyden
hyväksyä	hyväksy
hyväksyä	hyväksyi
hyväksyä	hyväksyisi
hyväksyä	hyväksymme
hyväksyä	hyväksymän
hyväksyä	hyväksymässä
hyväksyä	hyväksymästä
hyväksyä	hyväksymät
hyväksyä	hyväksynyt
hyväksyä	hyväksyttiin
hyväksyä	hyväksytty
hyväksyä	hyväksyttyä
hyväksyä	hyväksyttäneen
hyväksyä	hyväksyttävä
hyväksyä	hyväksyttäväksi
hyväksyä	hyväksytyksi
hyväksyä	hyväksytyn
hyväksyä	hyväksytään
hyväksyä	hyväksyvänsä
hyväksyä	hyväksyvät
hyväksyä	hyväksyy
hyväksyä	hyväksyä
hyväkuntoinen	hyväkuntoisena
hyväkuntoinen	hyväkuntoiset
hyväkäs	hyväkäs
hyväluontoisuus	hyväluontoisuus
hyvännäköinen	hyvännäköinen
hyvänsä	hyvänsä
hyväntahto	hyväntahdon
hyväntahtoinen	hyväntahtoiseen
hyväntuulinen	hyväntuulisina
hyväntuulinen	hyväntuulista
hyväosainen	hyväosaista
hyvärinen	hyvärinen
hyvästely	hyvästelystä
hyvästi	hyvästiksi
hyvönen	hyvönen
hyvönen	hyvösen
hyy-aktiivi	hyy-aktiiveita
hyytiäinen	hyytiäisen
hyytyä	hyydy
hyytyä	hyytyisikin
hyytyä	hyytyä
hyytävä	hyytävä
hyödyllinen	hyödyllinen
hyödyllinen	hyödyllisen
hyödyllinen	hyödyllisiä
hyödyllinen	hyödyllistä
hyödyllisyys	hyödyllisyydestä
hyödyntäminen	hyödyntämisestä
hyödyntää	hyödynnetty
hyödyntää	hyödynnettävä
hyödyntää	hyödyntäen
hyödyntää	hyödyntämään
hyödyttää	hyödyttävät
hyödyttää	hyödyttää
hyödytön	hyödytön
hyökkäys	hyökkäyksistä
hyökkäys	hyökkäys
hyökkäys	hyökkäystä
hyökkääjä	hyökkääjille
hyökkääjä	hyökkääjistä
hyökkääjä	hyökkääjä
hyökkääjä	hyökkääjää
hyökkääjäpelaaja	hyökkääjäpelaajaa
hyökätä	hyökkäsi
hyökätä	hyökkää
hyökätä	hyökkäävästä
hyönteinen	hyönteiset
hyönteinen	hyönteisiä
hyönteinen	hyönteisten
hyöty	hyödyksi
hyöty	hyötyjen
hyöty	hyötyä
hyötyä	hyäryn
hyötyä	hyärys
hyötyä	hyödy
hyötyä	hyötyy
hyötyä	hyötyä
hädin	hädin
hädissään	hädissäni
hädänalainen	hädänalaisten
häikäillä	häikäile
häikäillä	häikäilemättä
häikäisevä	häikäisevän
häikäistyä	häikäisty
häilyvä	häilyvä
häipyä	häipymään
häipyä	häipyvänsä
häiriintynyt	häiriintyneitä
häirikkö	häirikkö
häirikkö	häirikköjä
häirikkö	häiriköitä
häirikkömaine	häirikkömaineen
häirintä	häirintää
häiritä	häiritse
häiritä	häiritsee
häiritä	häiritsevää
häiritä	häiritsi
häiritä	häirittem
häiritä	häirittyjä
häiritä	häiritä
häiriytyä	häiriytyy
häiriö	häiriö
häiriö	häiriöistä
häiriö	häiriöitä
häivähdys	häivähdys
häjyisyys	häjyisyys
häkeltynyt	häkeltyneenä
häkeltyä	häkellyin
häkkinen	häkkinen
häkkinen	häkkisellä
häkkinen	häkkisen
häkkiset	häkkiset
häkä	häkän
hälinä	hälinä
hälventää	hälvennettävissä
hälvetä	hälvettyä
häly	häly
hälyttää	hälytetty
hälyttää	hälytti
hälyttää	hälyttämään
hälytysajoneuvo	hälytysajoneuvoa
hälytyskeskuspäivystäjä	hälytyskeskuspäivystäjä
hälytystehtävä	hälytystehtävän
hälytä	hälyttävää
hälyyttää	hälyytti
häme	hämeen
häme	hämeessä
hämeenkatu	hämeenkadulle
hämeenkatu	hämeenkatua
hämeenkyrö	hämeenkyröstä
hämeenkyröläinen	hämeenkyröläiseen
hämeenlinna	hämeenlinnan
hämeenlinna	hämeenlinnassa
hämeenlinnantie	hämeenlinnantiellä
hämeenpuisto	hämeenpuisto
hämeensilta	hämeensillalla
hämeranta	hämeranta
hämillinen	hämillisiä
hämillään	hämilläni
hämillään	hämillään
hämmentyä	hämmentyneeltä
hämmentyä	hämmentyneinä
hämmentää	hämmentävää
hämmästellä	hämmästelee
hämmästyttävä	hämmästyttävä
hämmästyttävä	hämmästyttävän
hämmästyttävästi	hämmästyttävästi
hämmästyttää	hämmästytti
hämmästyttää	hämmästyttäneet
hämmästyä	hämmästyi
hämmästyä	hämmästyivät
hämy	hämyssä
hämyinen	hämyistä
hämähäkki	hämähäkkejä
hämähäkki	hämähäkkiä
hämäläinen	hämäläinen
hämäläinen	hämäläisen
hämärtää	hämärtää
hämärä	hämärä
hämärä	hämärässä
hämärä	hämärää
hämärä	hämärään
hän	he
hän	hehän
hän	heidän
hän	heidät
hän	heihin
hän	heille
hän	heillä
hän	heiltä
hän	heissä
hän	heistä
hän	heistäkö
hän	heitä
hän	hekin
hän	hiä
hän	hyö
hän	häj
hän	hällä
hän	häm
hän	hän
hän	häne
hän	häneem
hän	häneen
hän	hänelle
hän	hänellenni
hän	hänellä
hän	hänelläkin
hän	häneltä
hän	hänen
hän	hänessä
hän	hänest
hän	hänestä
hän	hänet
hän	hänhän
hän	hänkin
hän	hänn
hän	hänpäs
hän	häntä
hän	hää
hän-nimimerkki	hän-nimimerkkiä
hänenkaltainen	hänenkaltaisiaan
hännillä	hännillä
hänninen	hänninen
häntä	hännällään
häntä	hännän
häntä	hännästä
häntä	häntä
häntä	häntää
häpeillä	häpeilemätön
häpeissään	häpeissään
häpeä	häpeetä
häpeä	häpeä
häpeä	häpeän
häpeä	häpeää
häpäisijä	häpäisijä
häpäistä	häpäissyt
häpäistä	häpäistä
härkä	härkää
härkänen	härkäseltä
härkäpäinen	härkäpäinen
härkönen	härkösen
hässäkkä	hässäkkä
hätiin	hätiin
hätkähdyttää	hätkähdytti
hätkähtää	hätkähdin
hätkähtää	hätkähdän
hätkähtää	hätkähtämättömäksi
hätyytellä	hätyytellyt
hätä	hätä
hätä	hätänä
hätä	hätää
hätäillä	hätäili
hätäillä	hätäilkö
hätäinen	hätäisin
hätäinen	hätäisiä
hätäinen	hätänen
hätätila	hätätilassa
hätätilanne	hätätilanteessa
hätätilanne	hätätilanteissa
hätätilanne	hätätilanteita
hätävarjelu	hätävarjelun
hätäännys	hätäännyksensä
hätääntyä	hätääntymään
hävettää	hävetti
hävettää	hävettää
hävetä	häpesin
hävetä	hävennyt
hävetä	hävetä
hävikki	hävikki
hävittäjä	hävittäjällä
hävittäjä	hävittäjät
hävittää	hävitettiin
hävittää	hävitettävä
hävittää	hävittää
hävitä	hävinneelle
hävitä	hävinneestä
hävitä	hävis
hävitä	hävisi
hävitä	hävisikin
hävitä	hävitköön
hävitä	hävitty
hävitä	hävitä
hävitä	hävitäänkö
hävitä	häviä
hävitä	häviämässä
hävitä	häviävät
hävitä	häviää
häviäjä	häviäjinä
häviäjä	häviäjiä
häviäjä	häviäjäksi
häviö	häviöstään
häviö	häviöt
hää	häissä
hää	häistä
hää	häät
hääasu	hääasuista
hääfilmi	hääfilmiä
häämöttää	häämöttää
hääpäivä	hääpäivänä
häärinä	häärinää
hääriä	hääri
häärätä	hääräsi
häärätä	häärää
häät	häissä
häät	häitä
häät	häät
häävi	häävi
häävieras	häävieraat
häävieras	häävieraiden
hölkkä	hölkän
hölkänen	hölkäsen
hölkätä	hölkkää
hölmäkkä	hölmäkkä
hölmö	hölmöä
hölmöläinen	hölmöläisten
hömpähtävä	hömpähtävää
hönttipoliisi	hönttipoliisi
höperö	höperö
höperö	höperöksi
höpisijä	höpisijä
höpistä	höpisee
höpistä	höpistään
höpötellä	höpötellyt
höpöttää	höpöttämään
höpöttää	höpöttää
hörppäillä	hörppäillen
hörpätä	hörppäsi
hörpätä	hörppää
hössötin	hössötin
hössöttää	hössötetty
hössöttää	hössöttävät
höykänen	höykäsen
höynäyttää	höynäyttää
höyry	höyryllä
höyrypursi	höyrypursi
höyryveturi	höyryveturi
höystö	höystöä
i	i
ian	ian
iata	iata
ibm	ibm
ida	ida
idea	idea
idea	idean
idea	ideana
idea	ideansa
idea	ideat
idea	ideoinesi
idea	ideoita
ideaaliehdotus	ideaaliehdotustaan
ideakilpailu	ideakilpailun
idealismi	idealismista
idealisti	idealisteja
idealisti	idealistit
ideapäivä	ideapäivillä
identiteetti	identiteetin
identiteetti	identiteetistäni
identiteetti	identiteetit
identiteetti	identiteettiä
identtinen	identtisen
ideologi	ideologi
ideologia	ideologiaksi
ideologia	ideologioissa
idiootti	idiootti
idioottimainen	idioottimaista
idoli	idoli
idyllinen	idyllisissä
idänkauppa	idänkaupalla
idänkauppa	idänkauppa
idänkauppa	idänkauppaan
idänpolitiikka	idänpolitiikka
ien	ientään
ien	ikenillä
ifk	ifk
ihailevasti	ihailevasti
ihailija	ihailijoiden
ihailija	ihailijoita
ihailijakirje	ihailijakirjeisiin
ihailla	ihailin
ihailla	ihailla
ihailla	ihaillaan
ihailla	ihaillut
ihailla	ihailtu
ihailla	ihhailee
ihailtava	ihailtavalla
ihalainen	ihalainen
ihan	iha
ihan	iham
ihan	ihan
ihan	ihanko
ihan	ihanks
ihan	ihav
ihana	ihana
ihana	ihanaa
ihana	ihanaan
ihana	ihanalta
ihana	ihanan
ihana	ihanassa
ihana	ihanat
ihana	ihania
ihana	ihanilta
ihana	ihaninta
ihanasti	ihanasti
ihanimmillaan	ihanimmillaan
ihanne	ihanteen
ihannekuukausi	ihannekuukausi
ihannepaino	ihannepainoni
ihanuus	ihanuudesta
ihastua	ihastui
ihastua	ihastuin
ihastua	ihastuneeni
ihastua	ihastuu
ihastuksissa	ihastuksissa
ihastunut	ihastunut
ihastus	ihastuksissaan
ihastuttaa	ihastuttaa
ihh	ihh
ihme	ihme
ihme	ihmeelle
ihme	ihmeempää
ihme	ihmeen
ihme	ihmeessä
ihme	ihmeestä
ihme	ihmeitä
ihme	ihmettä
ihmeellinen	ihmeellinen
ihmeellinen	ihmeellisempiä
ihmeellinen	ihmeellisenä
ihmeellinen	ihmeellisiä
ihmeellinen	ihmeellistä
ihmeellisesti	ihmeellisesti
ihmeellisyys	ihmeellisyyksiä
ihmeemmin	ihmeemmin
ihmeessä	ihmeessä
ihmeissään	ihmeissään
ihmelapsi	ihmelapsesta
ihmemaa	ihmemaahan
ihmeruuna	ihmeruunat
ihmetellä	ihmetelleensä
ihmetellä	ihmetellyt
ihmetellä	ihmetellä
ihmetellä	ihmeteltiin
ihmetellä	ihmeteltävänä
ihmetellä	ihmettele
ihmetellä	ihmettelee
ihmetellä	ihmettelemään
ihmetellä	ihmettelen
ihmetellä	ihmettelevät
ihmetellä	ihmetteli
ihmetellä	ihmettelin
ihmetellä	ihmettelisi
ihmetellä	ihmettelivät
ihmetys	ihmetys
ihmetyttää	ihmetyttää
ihminen	ihminen
ihminen	ihmiseen
ihminen	ihmiseksi
ihminen	ihmiselle
ihminen	ihmisellä
ihminen	ihmiseltä
ihminen	ihmisen
ihminen	ihmisenä
ihminen	ihmisessä
ihminen	ihmisestä
ihminen	ihmiset
ihminen	ihmisetki
ihminen	ihmisetkin
ihminen	ihmisiin
ihminen	ihmisiksi
ihminen	ihmisille
ihminen	ihmisillä
ihminen	ihmisintä
ihminen	ihmisissä
ihminen	ihmisist
ihminen	ihmisistä
ihminen	ihmisiä
ihminen	ihmisten
ihminen	ihmistenkin
ihminen	ihmistä
ihmisarvo	ihmisarvoa
ihmiskunta	ihmiskunnalla
ihmiskunta	ihmiskunnan
ihmiskunta	ihmiskunta
ihmiskunta	ihmiskuntaa
ihmislaji	ihmislajin
ihmislapsi	ihmislapsi
ihmisliha	ihmislihaan
ihmisluonto	ihmisluonnon
ihmisoikeus	ihmisoikeuksia
ihmisoikeus	ihmisoikeuksien
ihmisoikeusaktivisti	ihmisoikeusaktivisti
ihmisoikeusjulistus	ihmisoikeusjulistusta
ihmisoikeuskomissio	ihmisoikeuskomission
ihmisoikeusraportoija	ihmisoikeusraportoija
ihmisoikeustilanne	ihmisoikeustilanne
ihmispää	ihmispään
ihmisrakkaus	ihmisrakkauden
ihmisryhmä	ihmisryhmä
ihmissuhde	ihmissuhteista
ihmissuku	ihmissuvun
ihmistuntemus	ihmistuntemus
ihmisvilinä	ihmisvilinässä
ihmisystävällinen	ihmisystävällistä
iho	iho
iho	ihoa
iho	ihoaan
iho	iholle
iho	iholtaan
iho	ihon
iho	ihonsa
iho	ihoon
iho	ihostaan
ihoalue	ihoalueille
ihogeeli	ihogeeli
ihottuma	ihottuman
ii	ii
iida-tytär	iida-tyttärensä
iii	iii:n
iina	iina
iiro	iiro
iisisti	iisisti
iivari	iivari
iivari	iivarin
ikaalinen	ikaalisia
ikea	ikea
ikea	ikealle
ikea	ikeassa
ikikestoinen	ikikestoisia
ikiliikkuja	ikiliikkujaa
ikimuistettava	ikimuistettavat
ikimuistettava	ikimuistettavia
ikimuistoinen	ikimuistoinen
ikinen	ikiseen
ikinen	ikisen
ikinä	ikinä
ikioma	ikioma
ikioma	ikiomaa
ikirouta	ikiroutaan
ikivanha	ikivanha
ikivanha	ikivanhat
ikivihreä	ikivihreä
ikivihreä	ikivihreät
ikkuna	ikkuna
ikkuna	ikkunaa
ikkuna	ikkunaan
ikkuna	ikkunan
ikkuna	ikkunankin
ikkuna	ikkunasta
ikkuna	ikkunat
ikkuna	ikkunoilla
ikkuna	ikkunoissa
ikkuna	ikkunoista
ikkuna	ikkunoita
ikkuna	ikkunoitten
ikkunalasi	ikkunalasin
ikkunalauta	ikkunalaudalle
ikkunalauta	ikkunalaudan
ikkunallinen	ikkunallinen
ikkunallinen	ikkunalliset
ikkunapieli	ikkunapieliä
ikkunaruutu	ikkunaruudun
ikkunaräystäs	ikkunaräystäiltä
ikola	ikolan
ikuinen	ikuinen
ikuinen	ikuisella
ikuinen	ikuisena
ikuinen	ikuista
ikuisesti	ikuisesti
ikuisuus	ikuisuus
ikä	ikä
ikä	ikäni
ikä	ikänsä
ikä	ikäs
ikä	ikää
ikä	ikään
ikä	iällä
ikä	iältään
ikä	iän
ikä	iässä
ikä	iät
ikäihminen	ikäihmisiä
ikäinen	ikäinen
ikäinen	ikäiseen
ikäinen	ikäisekseen
ikäinen	ikäiselle
ikäinen	ikäisemme
ikäinen	ikäiseni
ikäinen	ikäisensä
ikäinen	ikäiset
ikäinen	ikäisiä
ikäinen	ikäistensä
ikäinen	ikäistänne
ikäinen	ikänen
ikäinen	ikäseim
ikäinen	ikäset
ikäjakauma	ikäjakaumaa
ikäjoukko	ikäjoukosta
ikäloppu	ikäloppu
ikäluokka	ikäluokat
ikäluokka	ikäluokkaa
ikäläinen	ikäläinen
ikäraja	ikäraja
ikärakenne	ikärakenne
ikäryhmittäinen	ikäryhmittäisiä
ikätoveri	ikätovereitaan
ikävuosi	ikävuotta
ikävä	ikäviä
ikävä	ikävä
ikävä	ikävältä
ikävä	ikävät
ikävä	ikävää
ikävästi	ikävästi
ikävöidä	ikävöi
ikävöidä	ikävöimään
ikään	ikään
ikäänkuin	ikäänkuin
ikääntyminen	ikääntyminen
ikääntynyt	ikääntyneet
ikääntyä	ikääntyneiden
ilahduttaa	ilahduttanee
ilahduttaa	ilahdutti
ilahduttaa	ilahduttivat
ilahtua	ilahtuisi
ilakoida	ilakoi
ilaskivi	ilaskivi
ile	ilen
iljettävä	iljettävältä
iljettää	iljetti
iljetä	ilkeäisiköhän
ilkeys	ilkeyksissään
ilkeä	ilkeä
ilkeä	ilkeän
ilkikurinen	ilkikuriset
ilkivalta	ilkivallalla
ilkivalta	ilkivalta
ilkivalta	ilkivaltaa
ilkka	ilkan
ilkka	ilkka
illallinen	illallisella
illallinen	illallisen
illallinen	illallisille
illallispöytä	illallispöydässä
illansuu	illansuussa
illatsut	illatsuissa
illemmalla	illemmalla
illuusio	illuusio
illuusio	illuusion
ilma	ilima
ilma	ilma
ilma	ilmaa
ilma	ilmaan
ilma	ilmalla
ilma	ilman
ilma	ilmassa
ilma	ilmasta
ilma	ilmat
ilma	ilmoille
ilma	ilmoissa
ilmaantua	ilmaantua
ilmaantua	ilmaantuu
ilmailija	ilmailija
ilmailukerho	ilmailukerhossa
ilmailulaitos	ilmailulaitoksen
ilmailuliitto	ilmailuliitto
ilmainen	ilmainen
ilmainen	ilmaiseksi
ilmainen	ilmaisen
ilmainen	ilmaista
ilmaisjakelulehti	ilmaisjakelulehti
ilmaisjulkaisu	ilmaisjulkaisuja
ilmaisku	ilmaisku
ilmaisku	ilmaiskuja
ilmaismatka	ilmaismatkojen
ilmaista	ilmaisee
ilmaista	ilmaisi
ilmaista	ilmaista
ilmaista	ilmaistaan
ilmaista	ilmastaan
ilmaisu	ilmaisuin
ilmaisutapa	ilmaisutapa
ilmaisuvoimainen	ilmaisuvoimaista
ilmakehä	ilmakehän
ilmakivääri	ilmakivääreitä
ilmalento	ilmalennon
ilman	ilma
ilman	ilman
ilmanohjain	ilmanohjain
ilmanpilaaja	ilmanpilaaja
ilmansuodatinkotelo	ilmansuodatinkoteloon
ilmansuojeluinvestointi	ilmansuojeluinvestoinneilla
ilmanvaihtoputki	ilmanvaihtoputken
ilmapallo	ilmapallo
ilmapallo	ilmapalloja
ilmapiiri	ilmapiiri
ilmasilta	ilmasilta
ilmasto	ilmasto
ilmasto	ilmastokin
ilmastointi	ilmastointi
ilmastointiremontti	ilmastointiremontti
ilmastollinen	ilmastolliseen
ilmastonmuutos	ilmastonmuutokset
ilmastoseikka	ilmastoseikkojen
ilmateitse	ilmateitse
ilmatieteen	ilmatieteen
ilmatila	ilmatilan
ilmaus	ilmauksia
ilmava	ilmavat
ilmavoima	ilmavoimien
ilmavoimat	ilmavoimat
ilme	ilme
ilme	ilmeet
ilme	ilmettäsi
ilmeinen	ilmeinen
ilmeinen	ilmeisemmäksi
ilmeinen	ilmeisen
ilmeinen	ilmeistä
ilmeisen	ilmeisen
ilmeisesti	ilmeisesti
ilmeisimmin	ilmeisimmin
ilmentymä	ilmentymiä
ilmentyä	ilmentyä
ilmentää	ilmentää
ilmestyminen	ilmestyminen
ilmestyminen	ilmestymistä
ilmestymiskerto	ilmestymiskertoja
ilmestys	ilmestys
ilmestyä	ilmestyi
ilmestyä	ilmestyivät
ilmestyä	ilmestyn
ilmestyä	ilmestyneessä
ilmestyä	ilmestynyt
ilmestyä	ilmestynytkään
ilmestyä	ilmestyvien
ilmestyä	ilmestyvä
ilmestyä	ilmestyvässä
ilmestyä	ilmestyvät
ilmestyä	ilmestyvää
ilmestyä	ilmestyy
ilmetä	ilmenee
ilmetä	ilmenevät
ilmetä	ilmeni
ilmetä	ilmetä
ilmi	ilmi
ilmiantaa	ilmianna
ilmianto	ilmiannosta
ilmianto	ilmianto
ilmiasu	ilmiasussa
ilmiselvä	ilmiselvä
ilmiselvästi	ilmiselvästi
ilmiö	ilmiö
ilmiö	ilmiöihin
ilmiö	ilmiöissä
ilmiö	ilmiöitä
ilmiö	ilmiöt
ilmiö	ilmiötä
ilmoittaa	ilmoita
ilmoittaa	ilmoitan
ilmoittaa	ilmoitetaan
ilmoittaa	ilmoitettava
ilmoittaa	ilmoitettu
ilmoittaa	ilmoitin
ilmoittaa	ilmoittaa
ilmoittaa	ilmoittaisivat
ilmoittaa	ilmoittamatta
ilmoittaa	ilmoittaneet
ilmoittaa	ilmoittanut
ilmoittaa	ilmoittavat
ilmoittaa	ilmoitti
ilmoittaa	ilmoittivat
ilmoittaa	ilmotan
ilmoittaa	ilmotti
ilmoittaminen	ilmoittamisesta
ilmoittautua	ilmoittauduttava
ilmoittautua	ilmoittautua
ilmoittautua	ilmoittautuneet
ilmoittautuminen	ilmoittautumiset
ilmoittautumislomake	ilmoittautumislomake
ilmoittautumislomake	ilmoittautumislomakkeella
ilmoitus	ilmoituksen
ilmoitus	ilmoituksia
ilmoitus	ilmoituksissa
ilmoitus	ilmoitus
ilmoitus	ilmoitusta
ilmoitusluontoinen	ilmoitusluontoinen
ilo	ilo
ilo	iloa
ilo	ilojen
ilo	ilokseni
ilo	iloksi
ilo	ilolla
ilo	ilon
ilo	ilosta
ilo	ilot
iloinen	iloinen
iloinen	iloiseen
iloinen	iloiseksi
iloinen	iloiselle
iloinen	iloisemmasta
iloinen	iloisen
iloinen	iloisena
iloinen	iloisesta
iloinen	iloisia
iloinen	iloisiksi
iloinen	iloista
iloinen	ilosemmilla
iloissaan	iloissaan
iloita	iloinneet
iloita	iloitse
iloita	iloitsee
iloita	iloitsi
iloita	iloittiin
ilokaasu	ilokaasua
ilolaulu	ilolaulu
ilolla	ilolla
ilomantsi	ilomantsin
ilomantsi	ilomantsissa
ilomielin	ilomielin
ilona	ilona
ilonaihe	ilonaiheena
ilonaihe	ilonaiheeni
iloniemi	iloniemen
iloniemi	iloniemi
ilonpito	ilonpidon
ilopilleri	ilopilleri
ilopilleri	ilopilleriksi
ilotulite	ilotulitteella
ilotulitus	ilotulitusta
ilotulitusväline	ilotulitusvälineiden
ilotyttö	ilotyttö
ilotyttö	ilotyttöjä
ilpo	ilpo
ilta	illala
ilta	illalla
ilta	illalta
ilta	illan
ilta	illasta
ilta	illoin
ilta	ilta
ilta	iltaa
ilta	iltaan
ilta	iltana
ilta	iltansa
ilta	iltoja
ilta-sanomat	ilta-sanomien
iltaisin	iltaisin
iltakahvi	iltakahvilla
iltakulkija	iltakulkijan
iltakuusi	iltakuudesta
iltalehti	iltalehdelle
iltalehti	iltalehden
iltalehti	iltalehdessä
iltalehti	iltalehti
iltalypsy	iltalypsyllä
iltama	iltamiin
iltama	iltamisa
iltanen	iltasta
iltapesu	iltapesulle
iltapuku	iltapuku
iltapuku	iltapuvun
iltapäivisin	iltapäivisin
iltapäivä	iltapäivä
iltapäivä	iltapäivällä
iltapäivä	iltapäivän
iltapäivä	iltapäivään
iltapäivälehti	iltapäivälehden
iltapäivälehti	iltapäivälehti
iltapäivälehti	iltapäivälehtien
iltapäiväuni	iltapäiväuniltaan
iltarutiini	iltarutiineihin
iltaruuhka	iltaruuhkissa
iltavuoro	iltavuorosta
iltayö	iltayöstä
ilu	ilulla
ilu	ilulta
ilu	ilusta
ilves	ilveksessä
ilves	ilves
ilves-parka	ilves-parka
ilvespieru	ilvespierut
imago	imagonsa
imaista	imaisi
imarrella	imartelevan
imarteleva	imartelevaa
imartelu	imarteluksi
imatra	imatralla
imelda	imelda
imelästi	imelästi
imeskellä	imeskellen
imettäminen	imettäminen
imettäväinen	imettäväinen
imettää	imetti
imeytyä	imeytynyt
imeytyä	imeytyy
imeytyä	imeytyä
imeä	imemään
imeä	imet
imeä	imevät
imeä	imeä
imeä	imi
imoh	imoh
imperfekti	imperfektiin
imperiumi	imperiumia
implantti	implantit
imujärjestelmä	imujärjestelmän
imukärsä	imukärsällään
imukärsä	imukärsänsä
imuroida	imuroitavien
in	in
ina	ina
inahtaa	inahtanutkaan
inari	inarin
inc	inc
incognito	incognito
indeksi	indeksiä
indokiina	indokiinan
indonesia	indonesian
indonesia	indonesiassa
inex	inex
infantiili	infantiilin
inflaatio	inflaation
inflaatio	inflaatiosta
inflaatiovauhti	inflaatiovauhti
influenssa	influenssaan
info-sivu	info-sivuilla
infopiste	infopisteen
informaatiojärjestelmä	informaatiojärjestelmät
informaatiokone	informaatiokoneen
informoida	informoinut
ingberg	ingberg
ingmar	ingmar
inhimillinen	inhimillinen
inhimillinen	inhimillisistä
inhimillinen	inhimillisiä
inhota	inhoaa
inhota	inhoan
inhota	inhoat
inhota	inhoavan
inhota	inhoavat
inhota	inhosi
inhottaa	inhota
inhottaa	inhotatte
inhottava	inhottavan
inkatyttö	inkatytön
inkinen	inkinen
inkku	inkku
inkku	inkusta
innoissaan	innoissaan
innoissaan	innoissani
innokas	innokas
innokas	innokkaampi
innokas	innokkaimmat
innokas	innokkaimmatkin
innokas	innokkaimpia
innokas	innokkaita
innokkaasti	innokkaasti
innolla	innolla
innostaa	innosti
innostua	innostua
innostua	innostui
innostua	innostuin
innostua	innostuivat
innostua	innostukaan
innostua	innostuko
innostua	innostunut
innostua	innostutaan
innostua	innostuu
innostua	innostuvan
innostua	innostuvat
innostuneesti	innostuneesti
innostunut	innostuneiden
innostunut	innostuneita
innostunut	innostunut
innostus	innostus
innovaatio	innovaation
innovatiivinen	innovatiivisista
insestiepäily	insestiepäilyn
insinööri	insinööri
insinööri	insinööriin
insinööri	insinööriksi
insinööri	insinöörin
insinööri	insinöörinpä
insinööritoimisto	insinööritoimisto
instanssi	instanssi
instituutti	instituutin
instituutti	instituutti
instrumentti	instrumenttiensa
integraatio	integraation
integraatio	integraatiosta
intensiivinen	intensiivinen
intensiivisesti	intensiivisesti
intensiteetti	intensiteetistä
interaktiivinen	interaktiivisia
intercity-juna	intercity-juna
internaatti	internaattiin
internet	internet
internet	internetin
internet	internetissä
internet	internetistä
internet	internetiä
internet-osake	internet-osakkeita
internet-pankkiiri	internet-pankkiirille
internet-uutuus	internet-uutuutena
internet-yhteys	internet-yhteys
interventio	interventioita
interventio	interventiot
intia	intian
intia	intiassa
intia	intiasta
intialaisnainen	intialaisnainen
intiimi	intiimeimmätkin
into	innolla
into	into
intohimo	intohimoja
intoilla	intoilemassa
intressi	intresseissään
intressi	intresseistä
intressi	intressejämme
intressi	intressinsä
intressi	intressit
intti	intti
inttää	inttänyt
invalidi	invalidiksi
inverness	invernessin
inversiotilanne	inversiotilanne
investoida	investoidako
investoija	investoijilla
investointi	investoinnin
investointi	investoinnit
investointi	investointeja
investointi	investointi
investointi	investointien
investointipäätös	investointipäätös
investointituki	investointitukea
irak	irak
irak	irakiin
irak	irakin
irakilainen	irakilaisista
iran	iranin
iranilainen	iranilaisia
irccailuosasto	irccailuosastoja
irina	irinan
irja	irja
irja	irjaa
irja	irjan
irlanti	irlannin
irlanti	irlannissa
irlanti	irlanti
irlanti	irlantiin
irlantilainen	irlantilaiset
irma	irma
irmeli	irmeli
irrota	irronnut
irrota	irrota
irrota	irtoavat
irrota	irtois
irrota	irtosi
irrotella	irrottelemalla
irrottaa	irrotetaan
irrottaa	irrottaa
irrottaa	irrottamatta
irrottaa	irrottavat
irtaantuminen	irtaantuminen
irtaimisto	irtaimiston
irti	irti
irtisanoa	irtisanoessaan
irtisanoa	irtisanoi
irtisanoa	irtisanomaan
irtisanoa	irtisanomilleen
irtisanoa	irtisanonut
irtisanoa	irtisanottavaksi
irtisanoa	irtisanottiin
irtisanominen	irtisanomisen
irtisanomisaika	irtisanomisaikaa
irtisanomisaika	irtisanomisajaksi
irtisanomiskausi	irtisanomiskauden
irtisanomiskorvaus	irtisanomiskorvaukset
irtisanoutuja	irtisanoutujaa
irtoaminen	irtoamisen
irtomuna	irtomunia
irtonainen	irtonaiset
irviminen	irvimisen
irvistellä	irvistelemättä
irvistellä	irvistellen
irvistellä	irvistellään
irvistää	irvisti
irvistää	irvistää
is	iiässäs
is	is
isaac	isaac
iskelmä	iskelmästä
iskelmälaulaja	iskelmälaulaja
iskevä	iskevämpää
iskeä	iskee
iskeä	iskemään
iskeä	isketystä
iskeä	isketään
iskeä	iski
iskeä	iskiessä
isku	isku
isku	iskuista
isku	iskujen
isku	iskun
isku	iskussa
isku	iskusta
iskunvaimennin	iskunvaimentimien
iskä	iskän
islam	islam
islanti	islanti
islantilainen	islantilainen
islantilainen	islantilaisen
ismo	ismo
ismo	ismon
iso	iso
iso	isoa
iso	isoihin
iso	isoiksi
iso	isoissa
iso	isoja
iso	isojen
iso	isokin
iso	isoksi
iso	isolla
iso	isommalle
iso	isomman
iso	isommat
iso	isommilta
iso	isompaa
iso	isompi
iso	isompia
iso	isompikin
iso	ison
iso	isona
iso	isoon
iso	isossa
iso	isot
iso-britannia	iso-britannia
iso-britannia	isolla-britannialla
iso-britannia	ison-britannian
iso-britannia	isoon-britanniaan
iso-britannia	isossa-britanniassa
isohookana-asunmaa	isohookana-asunmaa
isoisä	isoisäni
isoisä	isoisänsä
isoisä	isoisää
isokallio	isokallio
isokenkäinen	isokenkäiseltä
isokokoinen	isokokoinen
isokokoinen	isokokoisen
isokokoinen	isokokoisia
isokoski	isokoskia
isolavikko	isolavikossa
isometsä	isometsä
isometsä	isometsän
isometsä	isometsää
isommin	isommin
isompinälkäinen	isompinälkäisille
isonviha	isonvihan
isoo-antti	isoo-antti
isorokko	isorokko
isotäti	isotädilleni
isotäti	isotätiäni
isovanhempi	isovanhemmat
isovanhempi	isovanhempani
isovanhempi	isovanhempien
isoveli	isotveljet
isoäiti	isoäidin
isoäiti	isoäiti
isoäiti	isoäitini
israel	israel
israel	israelin
israel	israelissa
israelilainen	israelilainen
israelilainen	israelilaisille
israelilainen	israelilaisten
istahtaa	istahtaa
istahtaa	istahtamia
istahtaa	istahti
istua	istu
istua	istua
istua	istuen
istua	istuessa
istua	istuessaan
istua	istui
istua	istuimme
istua	istuin
istua	istuisi
istua	istuisin
istua	istuisivat
istua	istuivat
istua	istukaa
istua	istumaa
istua	istumaan
istua	istumalla
istua	istumassa
istua	istumisesta
istua	istumme
istua	istuneelle
istua	istuneen
istua	istunut
istua	istusin
istua	istut
istua	istutaan
istua	istutteko
istua	istuttii
istua	istuttu
istua	istutut
istua	istuu
istua	istuukin
istua	istuva
istua	istuvalta
istua	istuvan
istua	istuvat
istualteen	istualteen
istuin	istuimen
istuin	istuimenne
istuin	istuintani
istuinvyö	istuinvyönne
istuma	istumalla
istuminen	istuminen
istunto	istunnon
istunto	istunnossa
istuntokausi	istuntokauden
istuskella	istuskelen
istuskella	istuskellut
istuttaa	istutettavaksi
istuttaa	istuttaa
istuttaa	istuttamaan
istuutua	istuudu
istuutua	istuuduin
istuutua	istuutua
istuutua	istuutui
istuutuminen	istuutumistaan
isyys	isyyden
isyys	isyys
isyys	isyyttä
isyys-	isyys-
isä	isiltä
isä	isiä
isä	isä
isä	isälle
isä	isällemme
isä	isällä
isä	isälläni
isä	isältä
isä	isäläns
isä	isän
isä	isäni
isä	isänsä
isä	isänä
isä	isäs
isä	isäsi
isä	isästä
isä	isästään
isä	isää
isä	isääkin
isä	isäänsä
isänmaa	isänmaa
isänmaa	isänmaaksi
isänmaa	isänmaan
isänmaa	isänmaansa
isänmaallinen	isänmaallinen
isänmaallisuus	isänmaallisuutta
isännyys	isännyys
isännöidä	isännöinyt
isännöitsijäntodistus	isännöitsijäntodistusta
isänpäivä	isänpäivä
isänpäivä	isänpäivään
isäntyttö	isäntyttö
isäntä	isännäl
isäntä	isännälle
isäntä	isännältä
isäntä	isännän
isäntä	isäntä
isäntä	isäntänä
isäntäkaupunki	isäntäkaupungit
isäntärenki	isäntärenki
isästö	isästön
isäsuhde	isäsuhdetta
italia	italia
italia	italiaa
italia	italiaan
italia	italiaksi
italia	italian
italia	italiassa
italialainen	italialaisen
italialainen	italialaiset
italialainen	italialaisia
italialainen	italialaisille
italialaishenkisesti	italialaishenkisesti
itc-kuljettaja	itc-kuljettajaksi
itikka	itikka
itkeminen	itkemistään
itkettää	itkettää
itketyttää	itketyttää
itkeä	itke
itkeä	itkee
itkeä	itkekää
itkeä	itkemästä
itkeä	itkemään
itkeä	itkemäänkö
itkeä	itkeneet
itkeä	itkenyt
itkeä	itket
itkeä	itkettyämme
itkeä	itkevien
itkeä	itkevän
itkeä	itkeä
itkeä	itki
itkeä	itkin
itkeä	itkisinkö
itku	itku
itku	itkua
itku	itkultani
itku	itkun
itku	itkut
itku	itkuun
itkuinen	itkuisen
itse	ihtiisäj
itse	ite
itse	iteki
itse	itse
itse	itseemme
itse	itseen
itse	itseensä
itse	itsekin
itse	itsekään
itse	itselle
itse	itsellee
itse	itselleen
itse	itselleenkin
itse	itsellekin
itse	itselleni
itse	itsellensä
itse	itselläsikin
itse	itsellään
itse	itselläänkin
itse	itseltään
itse	itsen
itse	itseni
itse	itsenne
itse	itsensä
itse	itsensäkin
itse	itsesi
itse	itsestä
itse	itsestämme
itse	itsestäni
itse	itsestänikään
itse	itsestäsi
itse	itsestään
itse	itseä
itse	itseämme
itse	itseäni
itse	itseänne
itse	itseäsi
itse	itseään
itse	itte
itse	itteeni
itse	ittees
itse	ittelläs
itse	ittellää
itse	ittenä
itsehallinnollinen	itsehallinnolliseksi
itsehallinto	itsehallintoa
itsehallintoalue	itsehallintoalueiden
itsehillintä	itsehillintänsä
itsekritiikki	itsekritiikki
itsekseen	itekseni
itsekseen	itsekseen
itsekseen	itsekseni
itsekuri	itsekuri
itsekuri	itsekuria
itsellinen	itselliseksi
itseluottamus	itseluottamukseni
itsemurha	itsemurhaa
itsemurha	itsemurhan
itsemurhaisku	itsemurhaiskulle
itsemääräämisoikeus	itsemääräämisoikeutta
itsensäsilpoja	itsensäsilpojaa
itsenäinen	itsenäinen
itsenäinen	itsenäiselle
itsenäinen	itsenäisenä
itsenäisemmin	itsenäisemmin
itsenäisesti	itsenäisesti
itsenäistyminen	itsenäistymistä
itsenäisyys	itsenäisyyden
itsenäisyys	itsenäisyydestä
itsenäisyys	itsenäisyys
itsenäisyys	itsenäisyyttä
itsenäisyysjuhla	itsenäisyysjuhlissa
itsenäisyyskeskustelu	itsenäisyyskeskustelua
itsenäisyyspäivä	itsenäisyyspäivän
itsenäisyyspäivä	itsenäisyyspäivää
itsepuolustus	itsepuolustukseksi
itsepuolustus	itsepuolustus
itseruoskinta	itseruoskinta
itsesensuuri	itsesensuuria
itsestään	itsestään
itsestäänselvyys	itsestäänselvyyksiään
itsestäänselvyys	itsestäänselvyys
itsetehty	itsetehdyt
itsetietoisuus	itsetietoisuus
itsetunto	itsetunnon
itsetunto	itsetunto
itsetunto	itsetuntomme
itä	idän
itä	idässä
itä	itään
itä-	itä-
itä-eurooppa	itä-eurooppaan
itä-helsinki	itä-helsingin
itä-jerusalem	itä-jerusalemista
itä-karjala	itä-karjalaan
itäeurooppalainen	itäeurooppalaisesta
itäinen	itäinen
itäinen	itäiseen
itäinen	itäisestä
itäinen	itäisten
itäkeskus	itäkeskuksen
itälä	itälä
itämarkkinat	itämarkkinat
itämeri	itämeren
itämeri	itämeressä
itämeri	itämerestä
itäosa	itäosissa
itäraja	itärajan
itätuuli	itätuulet
itävalta	itävallan
itävalta	itävallassa
itävalta	itävallasta
itävalta	itävaltaa
itävalta	itävaltaan
ivallinen	ivallinen
ivalo	ivaloon
ivalo	ivalosta
ivar	ivar
iäinen	iäisestä
iäkäs	iäkkäitä
iäkäs	iäkkäänä
iänkaikkisesti	iänkaikkisesti
ja	ja
ja/tai	ja/tai
ja/vai	ja/vai
jaa	jaa
jaa	jaata
jaah	jaah
jaaha	jaaha
jaakko	jaakko
jaakko	jaakolla
jaana	jaana
jaana	jaanaa
jaana	jaanan
jack	jack
jackson	jackson
jackson	jacksonin
jacob	jacob
jacqueline	jacqueline
jacques	jacques
jae	jakeesta
jaella	jakelee
jaella	jakeli
jaha	jaha
jahdata	jahdata
jahka	jahka
jahkailla	jahkaelemata
jahkailu	jahkailunsa
jakaa	jaetaan
jakaa	jaettaisiin
jakaa	jaettavaa
jakaa	jaettavaksi
jakaa	jaettiin
jakaa	jakaa
jakaa	jakamalla
jakaa	jakamatonta
jakaa	jakaneet
jakaa	jakavat
jakaa	jakoi
jakaa	jakoivat
jakaantua	jakaantuu
jakaantua	jakaantuvat
jakaminen	jakaminen
jakaminen	jakamiseen
jakaminen	jakamisen
jakautua	jakautuneena
jakautua	jakautuneet
jakautua	jakautunut
jakautua	jakautuu
jakelu	jakelun
jakelu	jakeluun
jakku	jakut
jako	jako
jako	jaossa
jakobson	jakobsonin
jaksaa	jaksa
jaksaa	jaksaa
jaksaa	jaksaakin
jaksaa	jaksaakseni
jaksaa	jaksaisi
jaksaa	jaksaisin
jaksaa	jaksaisit
jaksaa	jaksan
jaksaa	jaksaneet
jaksaa	jaksanu
jaksaa	jaksanut
jaksaa	jaksat
jaksaa	jaksatko
jaksaa	jaksatte
jaksaa	jaksetaan
jaksaa	jaksettiin
jaksaa	jaksettu
jaksaa	jaksoi
jaksaa	jaksoin
jaksaa	jaksoit
jaksaa	jaksoivat
jaksaminen	jaksaminen
jakso	jakso
jakso	jaksoa
jakso	jaksoissa
jakso	jaksolla
jakso	jakson
jaksoittain	jaksoittain
jakub	jakub
jalallinen	jalallinen
jalan	jalan
jalanjälki	jalanjäljet
jalanjälki	jalanjälkiä
jalankulkija	jalankulkijan
jalankulkija	jalankulkijoiden
jalankulkutunneli	jalankulkutunnelin
jalas	jalas
jalas	jalasta
jalka	jalakaan
jalka	jalalla
jalka	jalan
jalka	jalassa
jalka	jalat
jalka	jalka
jalka	jalkaa
jalka	jalkaan
jalka	jalkaansa
jalka	jalkani
jalka	jalkansa
jalka	jalkoihi
jalka	jalkoihin
jalka	jalkoihinsa
jalka	jalkoja
jalka	jalkojaan
jalka	jalkojen
jalka	jaloilla
jalka	jaloin
jalka	jaloissa
jalka	jaloista
jalka	jaloistaan
jalka-	jalka-
jalkakäytävä	jalkakäytävillä
jalkakäytävä	jalkakäytäviltä
jalkakäytävä	jalkakäytävälle
jalkapallo	jalkapallo
jalkapallo	jalkapalloa
jalkapallo	jalkapallon
jalkapallo	jalkapallosta
jalkapalloilija	jalkapalloilija
jalkapalloilu	jalkapalloilun
jalkapalloliiga	jalkapalloliigassa
jalkapohja	jalkapohja
jalkaterä	jalkaterät
jalkaterä	jalkaterää
jalkaväenkenraali	jalkaväenkenraali
jalkine	jalkineita
jalkoihin	jalkoihin
jallittaa	jallittamaan
jallu	jallu
jalo	jaloimpien
jaloilleen	jaloilleen
jaloissa	jaloissa
jalonen	jalonen
jalonen	jalosen
jalostaa	jalostaa
jalostaa	jalostama
jalostaa	jalostamaan
jalostaa	jalostettua
jalostusaineisto	jalostusaineiston
jalostusteollisuus	jalostusteollisuuden
jalusta	jalusta
jamaikalainen	jamaikalaisesta
jamassa	jamassa
james	james
jami	jameja
jan	jan
jan-erik	jan-erik
jana	jana
jane	jane
janet	janet
jangtsejoki	jangtsejoella
jani	jani
jani	janin
jankata	jankkasi
janne	janne
janne	jannen
jano	jano
jano	janoonsa
janottaa	janottaa
janottaa	janottaan
jansson	jansson
jaollinen	jaollinen
jaosto	jaosto
jaosto	jaoston
jaoton	jaoton
japan	japan
japani	japani
japani	japania
japani	japanilta
japani	japanin
japani	japanissa
japani	japanista
japanilainen	japanilainen
japanilainen	japanilaiseen
japanilainen	japanilaiselta
japanilainen	japanilaiset
japanilainen	japanilaisilla
japanilainen	japanilaisten
jari	jari
jarno	jarno
jaro	jaro
jarra	jarra
jarre	jarrea
jarru	jarru
jarru	jarruista
jarru	jarrujen
jarru	jarrut
jarrutella	jarruttelee
jarrutella	jarrutteli
jarruttaa	jarruttaa
jarruttaa	jarruttamasta
jarruttaa	jarruttivat
jasmin	jasminin
jasmine	jasminen
jasse	jasse
jasser	jasser
jatkaa	jatka
jatkaa	jatkaa
jatkaa	jatkaen
jatkaa	jatkaisi
jatkaa	jatkamaan
jatkaa	jatkamme
jatkaa	jatkan
jatkaa	jatkanpa
jatkaa	jatkat
jatkaa	jatkavansa
jatkaa	jatkavat
jatkaa	jatketaan
jatkaa	jatkettavana
jatkaa	jatkoi
jatkaa	jatkoimme
jatkaa	jatkoin
jatkaa	jatkoivat
jatkaja	jatkaja
jatkaminen	jatkamiselle
jatkaminen	jatkamisen
jatke	jatkeeksi
jatke	jatkeena
jatko	jatko
jatko	jatkoa
jatko	jatkon
jatko	jatkoon
jatko	jatkossa
jatko	jatkossakin
jatko	jatkosta
jatkohaaste	jatkohaasteet
jatkojalostaa	jatkojalosti
jatkokehittely	jatkokehittelyn
jatkossa	jatkossa
jatkoyhteys	jatkoyhteydet
jatkoyhteys	jatkoyhteyksiä
jatkua	jatkua
jatkua	jatkuakseen
jatkua	jatkui
jatkua	jatkuisi
jatkua	jatkumaan
jatkua	jatkunee
jatkua	jatkuneen
jatkua	jatkunut
jatkua	jatkuu
jatkua	jatkuuko
jatkua	jatkuvan
jatkua	jatkuvasta
jatkua	jatkuvat
jatkuva	jatkuva
jatkuva	jatkuvaa
jatkuva	jatkuvalle
jatkuva	jatkuviin
jatkuva	jatkuvista
jatkuvasti	jatkuvasti
jatkuvatäydenteinen	jatkuvatäydenteiset
jatkuvuus	jatkuvuuden
jatkuvuus	jatkuvuutensa
jatsi	jatsin
jauhaa	jauhetaan
jauho	jauhot
jauhoinen	jauhoinen
jauholiisteri	jauholiisteristä
jauhomainen	jauhomaiseksi
jauhopeukalo	jauhopeukalot
jauhopussi	jauhopussit
javier	javier
jazz	jazz
jazz	jazzia
jazz	jazzin
jazz-klubi	jazz-klubi
jazz-versio	jazz-versiomme
jazzjazz	jazzjazzia
jazzmuusikko	jazzmuusikolla
jean	jean
jean-paul	jean-paul
jeanne	jeanne
jeejee	jeejee
jees	jees
jees-mies	jees-miehet
jeesus	jeesukselle
jeesus	jeesuksen
jeesus	jeesus
jeesustella	jeesustelemaan
jeh	jeh
jelena	jelena
jeltsin	jeltsin
jeltsin	jeltsinin
jemen	jemen
jemen	jemenin
jemina	jemina
jengi	jengi
jengi	jengien
jengi	jengiin
jengi	jengistä
jenkki	jenkeissä
jenkki	jenkit
jenkkiläinen	jenkkiläiseen
jenny	jenny
jeppe	jepet
jeppe	jeppe
jere	jere
jerevan	jerevaniin
jerry	jerry
jerusalem	jerusalemia
jerusalem	jerusalemiin
jerusalem	jerusalemin
jessus	jessus
jets	jetsejä
jetsulleen	jetsulleen
jiddish	jiddish
jimenez	jimenezin
jitzhak	jitzhak
jj	jj
jj	jj:n
jne	jne
jne.	jne.
jo	jo
jo	johan
jo	joko
jo	jokos
jo	jopas
jo-	jo-
jobbari	jobbari
jobbari	jobbarit
joel	joel
joenpalo	joenpalo
joensuu	joensuuhun
joensuu	joensuun
joensuu	joensuussa
joensuu	joensuusta
joensuulainen	joensuulainen
johan	johan
johan	johanille
johanna	johanna
johanna	johannan
johannes	johannes
johansonni	johansonni
johansson	johanssonin
johdannainen	johdannaisista
johdannaisseikkailu	johdannaisseikkailuihin
johdolla	johdolla
johdolla	johdollaan
johdonmukainen	johdonmukaista
johdosta	johdosta
john	john
john	johnille
johnny	johnny
johnny	johnnyn
johnny	johnnyyn
johnson	johnson
johon	johon
johonkin	johonki
johonkin	johonkin
johtaa	johda
johtaa	johdetaan
johtaa	johtaa
johtaa	johtaisi
johtaa	johtama
johtaa	johtamaan
johtaa	johtamana
johtaa	johtamat
johtaa	johtaneen
johtaa	johtaneet
johtaa	johtavan
johtaa	johtavat
johtaa	johti
johtaa	johtikin
johtaa	johtivat
johtaja	johtaja
johtaja	johtajaa
johtaja	johtajalla
johtaja	johtajan
johtaja	johtajansa
johtaja	johtajat
johtaja	johtajien
johtaja	johtajilla
johtaja	johtajista
johtajakriisi	johtajakriisi
johtajantauti	johtajantautiin
johtajaopettaja	johtajaopettajan
johtajaton	johtajaton
johtamismenetelmä	johtamismenetelmästä
johtamistaito	johtamistaito
johtava	johtava
johtava	johtavaa
johtava	johtavassa
johtava	johtavista
johto	johdolle
johto	johdon
johto	johdosta
johto	johto
johto	johtoa
johto	johtoja
johto	johtoon
johtohevonen	johtohevosen
johtokunta	johtokunnan
johtokunta	johtokunnassa
johtokunta	johtokunnasta
johtokunta	johtokuntaan
johtomaali	johtomaalin
johtoon	johtoosi
johtoporukka	johtoporukkaan
johtopäätös	johtopäätöksenne
johtopäätös	johtopäätöksensä
johtopäätös	johtopäätökset
johtopäätös	johtopäätöksiä
johtua	johtuen
johtua	johtui
johtua	johtunee
johtua	johtuneet
johtua	johtunut
johtua	johtuu
johtua	johtuvat
joiku	joiku
joka	johon
joka	joiden
joka	joihin
joka	joilla
joka	joille
joka	joissa
joka	joista
joka	joita
joka	joka
joka	joksi
joka	jolla
joka	jolle
joka	jolta
joka	jona
joka	jonka
joka	jossa
joka	josta
joka	jota
joka	jotka
joka-aamuinen	joka-aamuinen
jokainen	jokainen
jokainen	jokainenhan
jokainen	jokaiseen
jokainen	jokaisella
jokainen	jokaiselle
jokainen	jokaisen
jokainen	jokaisena
jokainen	jokaisessa
jokainen	jokaisesta
jokainen	jokaista
jokainen	jokkainen
jokapäiväinen	jokapäiväinen
jokapäiväinen	jokapäiväiseen
jokapäiväinen	jokapäiväisiin
jokapäiväinen	jokapäiväisistä
jokapäiväinen	jokapäiväistä
jokela	jokelan
jokeri	jokereiden
jokeri	jokereita
jokeri	jokerien
jokeri	jokerit
joki	joen
joki	joesa
joki	joessa
joki	jokea
joki	joki
joki	jokiin
jokin	johonki
jokin	johonkin
jokin	joidenkin
jokin	joihinkin
jokin	joillakin
jokin	joillekin
jokin	joiltakin
jokin	joissakin
jokin	joistakin
jokin	joitain
jokin	joitaki
jokin	joitakin
jokin	jokin
jokin	jollain
jokin	jollakin
jokin	jollekin
jokin	joltain
jokin	joltakin
jokin	jonain
jokin	jonakin
jokin	jonkin
jokin	jossai
jokin	jossain
jokin	jossaki
jokin	jossakin
jokin	jostain
jokin	jostakin
jokin	jotai
jokin	jotain
jokin	jotaki
jokin	jotakin
jokin	jottais
jokinen	jokine
jokinen	jokinen
jokinen	jokisen
jokiosuus	jokiosuudella
jokisuu	jokisuut
jokiuoma	jokiuomassa
jokivuosi	jokivuotensa
jokke	jokke
joko	joko
joko/tai-kysymys	joko/tai-kysymykset
jokseenkin	jokseenkin
joku	joitakuita
joku	joku
joku	jollekulle
joku	joltakulta
joku	jonku
joku	jonkun
joku	jotakuta
joku	jotkut
jokunen	jokunen
jokunen	jokusen
jolkuttaa	jolkutin
jollainen	jollainen
jollainen	jollaiseksi
jollainen	jollaisen
jollainen	jollaiset
jollainen	jollaisia
jollainen	jollaisissa
jollainen	jollaista
jolloin	jolloin
joltinen	joltinenkin
jomottaa	jomottaa
jomottaa	jomottivat
jompikumpi	jommankumman
jompikumpi	jompi
jompikumpi	jompikumpi
jong-il	jong-ilin
joni	joni
jonkinlainen	jonkinlainen
jonkinlainen	jonkinlaisella
jonkinlainen	jonkinlaisena
jonkinlainen	jonkinlaisessa
jonkinlainen	jonkinlaisesta
jonkinlainen	jonkinlaista
jonkunlainen	jonkullaine
jonkunlainen	jonkunlaista
jonna	jonna
jonna	jonnaakin
jonna	jonnan
jonne	jonne
jonnekin	jonnekin
jonnekin	jonnekki
jonnekin	jonnekkii
jonnekin	jonnekkit
jono	jono
jono	jonoissa
jono	jonoon
jono	jonossa
jono	jonot
jonottaa	jonottaa
jonottaa	jonottamaan
jonottaja	jonottajat
jonotuttaa	jonotutetaan
joo	joo
jooa	jooalla
jooko	jooko
joonas	joonas
joopajoo	joopajoo
jopa	jopa
jordan	jordanin
jordania	jordanian
jordania	jordaniassa
jorge	jorge
jorma	jorma
jormalainen	jormalaisen
joronen	joronen
joronen	joroselta
jorpakko	jorpakosta
jorvik	jorvik
jos	ell
jos	joll
jos	jos
jos	joss
jos/kun	jos/kun
jose	jose
joseph	josephin
joskaan	joskaan
joskin	joskin
josko	josko
joskus	joskus
jospa	jospa
jossain	jossain
jossain	jossaiv
jossakin	jossakin
josta	josta
jostain	jostain
jostakin	jostakin
jot-tuote	jot-tuotteen
jotain	jotain
jotakuinkin	jotakuinkin
joten	joten
jotenkin	joteki
jotenkin	jotenki
jotenkin	jotenkin
jotta	jott
jotta	jotta
jotuni	jotunin
jouheva	jouheva
jouheva	jouhevaa
joukkio	joukkio
joukko	joukko
joukko	joukkoa
joukko	joukkojensa
joukko	joukkonsa
joukko	joukkoon
joukko	joukoin
joukko	joukoksi
joukko	joukon
joukko	joukossa
joukko	joukosta
joukko	joukot
joukko-osasto	joukko-osastossaan
joukkohautausmaa	joukkohautausmaahan
joukkoliike	joukkoliikettä
joukkoon	joukkoon
joukkotuhoase	joukkotuhoaseitaan
joukkovoima	joukkovoiman
joukkue	joukkue
joukkue	joukkueelleen
joukkue	joukkueen
joukkue	joukkueena
joukkue	joukkueeseen
joukkue	joukkueessa
joukkue	joukkueesta
joukkue	joukkueita
joukkue	joukkuetta
joukkue	joukkuettaan
joukkuepeli	joukkuepeliin
jouko	jouko
joukoittain	joukoittain
joukossa	joukossa
joukosta	joukosta
joukosta	joukostamme
joulu	joulu
joulu	joulua
joulu	jouluina
joulu	jouluksi
joulu	joululta
joulu	joulumme
joulu	joulun
joulu	jouluna
joulu	joulunakin
joulu	joulussa
joulu	joulusta
joulu	jouluun
jouluaatto	jouluaaton
jouluherkku	jouluherkut
jouluinen	jouluinen
joulujuhla	joulujuhlaa
joulukakku	joulukakkus
joulukampanja	joulukampanjasta
joulukinkku	joulukinkku
joulukinkku	joulukinkkua
joulukortti	joulukorteissa
joulukortti	joulukortit
joulukuu	joulukuulla
joulukuu	joulukuun
joulukuu	joulukuussa
joulukuu	joulukuuta
joululahjapaperi	joululahjapaperissa
joululaulu	joululauluja
joululeivonnainen	joululeivonnaisiin
joululoma	joululomalle
joululukeminen	joululukemiseksi
joulupukki	joulupukilta
joulupukki	joulupukin
joulupukki	joulupukki
joulupukki	joulupukkia
joulupäivä	joulupäivä
joulurauha	joulurauha
joulurauha	joulurauhaa
joulurekvisiitta	joulurekvisiitasta
jouluruoka	jouluruoat
jouluruoka	jouluruokia
joulutapa	joulutavat
joulutauko	joulutauon
jouluvinkki	jouluvinkkejä
jouni	jouni
journalismi	journalismin
journalismi	journalisminsa
journalisti	journalisteja
journalisti	journalisti
journalisti	journalistin
journalistikunta	journalistikunnan
journalistinen	journalistiseen
journalistisesti	journalistisesti
jousi	jousien
jousia	jousian
jousiammunta	jousiammunnan
jousisto	jousiston
joustaa	joustaa
joustaa	joustamaan
joustamattomuus	joustamattomuudellaan
jousto	joustoja
jousto	jouston
jousto	joustot
joutaa	jouda
joutaa	joutaa
joutaa	joutaisi
joutava	joutavia
joutsen	joutsenen
joutsen	joutsenet
joutsentie	joutsentie
joutua	jouduimme
joutua	jouduin
joutua	jouduinkaan
joutua	joudumme
joutua	joudun
joutua	joudutaan
joutua	jouduttaneen
joutua	joudutte
joutua	jouduttuaan
joutua	joutua
joutua	joutuakseen
joutua	joutui
joutua	joutuisi
joutua	joutuisit
joutua	joutuivat
joutua	joutumasta
joutua	joutunee
joutua	joutuneet
joutua	joutunut
joutua	joutuu
joutua	joutuuko
joutua	joutuvan
joutua	joutuvat
joutua	joutuvatko
joutua	jouvuinki
joutuisa	joutuisa
joutuminen	joutumista
joystick	joystick
jt	jt
juarez	juarezin
jubbum	jubbum
judit	judit
judoka	judokat
jugoslavia	jugoslavia
jugoslavia	jugoslavialle
jugoslavia	jugoslavian
juha	juha
juhakankkunen	juhakankkusen
juhani	juhani
juhannukselta	juhannukselta
juhannus	juhannukseen
juhannus	juhannuksen
juhannus	juhannuksena
juhannus	juhannusta
juhannusruusu	juhannusruusut
juhantalo	juhantalo
juhantalo	juhantaloa
juhla	juhla
juhla	juhlaa
juhla	juhlaan
juhla	juhlan
juhla	juhlat
juhla	juhlia
juhla	juhliani
juhla	juhlien
juhla	juhliin
juhla	juhlissa
juhla	juhlista
juhlahuone	juhlahuoneesta
juhlakausi	juhlakausi
juhlakiertue	juhlakiertueella
juhlakokous	juhlakokoukseen
juhlallinen	juhlallinen
juhlallinen	juhlalliset
juhlallinen	juhlallisin
juhlallisuus	juhlallisuuksia
juhlamaraton	juhlamaraton
juhlanäyttely	juhlanäyttely
juhlapaikka	juhlapaikalta
juhlapuhe	juhlapuheista
juhlapuhuja	juhlapuhujan
juhlapuhuja	juhlapuhujat
juhlapyhä	juhlapyhät
juhlapäivä	juhlapäivänä
juhlapäivällinen	juhlapäivälliselle
juhlateltta	juhlateltta
juhlatila	juhlatiloissa
juhlatilaisuus	juhlatilaisuus
juhlava	juhlava
juhlava	juhlavat
juhlaviikko	juhlaviikkojen
juhlaviikko	juhlaviikoilla
juhlaviikko	juhlaviikot
juhlavuosi	juhlavuoden
juhlia	juhli
juhlia	juhlia
juhlia	juhliessa
juhlia	juhliessaan
juhlia	juhlimaan
juhlia	juhlimme
juhlia	juhlittiin
juhlia	juhlituksi
juho	juho
jukka	jukalla
jukka	jukan
jukka	jukka
jukka-pekka	jukka-pekka
jukola	jukolan
julia	julia
julian	julian
juliana	julianan
julistaa	julistaa
julistaa	julistamaan
julistaa	julistaman
julistaa	julistetaan
julistaa	julistettiin
julistaa	julistettu
julistaminen	julistamiselle
juliste	julisteen
juliste	julisteita
julistetaide	julistetaiteelle
julius	juliuksen
julkaista	julkaise
julkaista	julkaiseman
julkaista	julkaisematonta
julkaista	julkaisematta
julkaista	julkaisi
julkaista	julkaisimme
julkaista	julkaissut
julkaista	julkaistaan
julkaista	julkaistavaksi
julkaista	julkaistiin
julkaista	julkaistu
julkaista	julkaistua
julkaista	julkaistujen
julkaista	julkaistun
julkaisu	julkaisu
julkaisu	julkaisuja
julkaisu	julkaisut
julkaisumuoto	julkaisumuotojen
julki	julki
julkilausuma	julkilausumasta
julkinen	julkinen
julkinen	julkiseen
julkinen	julkiselle
julkinen	julkisen
julkinen	julkiset
julkinen	julkisia
julkinen	julkista
julkisesti	julkisesti
julkisivu	julkisivuineen
julkisivu	julkisivujen
julkistaa	julkistanut
julkistaa	julkistetaan
julkistaa	julkistettiin
julkistaa	julkistettu
julkistaa	julkisti
julkistamishetki	julkistamishetkellä
julkisuus	julkisuuden
julkisuus	julkisuudessa
julkisuus	julkisuudessakin
julkisuus	julkisuudesta
julkisuus	julkisuus
julkisuus	julkisuuteen
julkisuus	julkisuutta
julkisuuskakku	julkisuuskakusta
julkkis	julkkiksilla
julkkisvapaa	julkkisvapaa
julklapp	julklapp
julma	julma
julma	julmalta
julma	julmemmaksi
julma	julmempana
julma	julmimpia
julma	julmin
julppea	julppea
jumala	jumala
jumala	jumalakin
jumala	jumalalla
jumala	jumalalle
jumala	jumalan
jumala	jumalat
jumala	jumalia
jumala	jumalten
jumalainen	jumalainen
jumalallinen	jumalallisen
jumalanpalvelus	jumalanpalvelukseen
jumalanpalvelus	jumalanpalvelus
jumalanäiti	jumalanäitinä
jumalaton	jumalaton
jumalattomasti	jumalattomasti
jumalauta	jumalauta
jumiutua	jumiutuminen
jumiutuminen	jumiutumisia
jumppa	jumppaan
jumppailla	jumppaillu
jumppasali	jumppasalin
juna	juna
juna	junaa
juna	junaan
juna	junalla
juna	junalle
juna	junan
juna	junassa
juna	junasta
junailuasia	junailuasia
junakiertue	junakiertue
junakuorma	junakuormiakin
junior	juniorit
junnu	junnuistani
juoda	joi
juoda	joimme
juoda	join
juoda	joisi
juoda	joivat
juoda	jua
juoda	juo
juoda	juoda
juoda	juodaan
juoda	juodakaan
juoda	juomaan
juoda	juomaanko
juoda	juomatta
juoda	juon
juoda	juonnu
juoda	juonu
juoda	juonut
juoda	juot
juoda	juotava
juoda	juotte
juoda	juovat
juoks-	juoks-
juokseminen	juokseminen
juokseminen	juoksemisellani
juokseminen	juoksemisen
juokseminen	juoksemista
juoksennella	juoksenteli
juoksentelu	juoksentelu
juoksija	juoksija
juoksija	juoksijaa
juoksija	juoksijalla
juoksija	juoksijat
juoksijatar	juoksijatar
juokslahti	juokslahden
juoksu	juoksu
juoksu	juoksuaan
juoksu	juoksulla
juoksu	juoksun
juoksuinnostus	juoksuinnostus
juoksukunto	juoksukuntoa
juoksulenkki	juoksulenkin
juoksuretki	juoksuretkiin
juoksutella	juoksuttelee
juoksuttaa	juoksutetaan
juoksuttaa	juoksutettavaksi
juoksuttaa	juoksuttaa
juolahtaa	juolahda
juolahtaa	juolahti
juoma	juoma
juoma	juomaa
juoma	juomaksi
juoma	juomansa
juoma	juomat
juoma	juomia
juoma	juomien
juoma	juomiksi
juoma	juomista
juomakelpoinen	juomakelpoisella
juomalasi	juomalasi
juomalaulu	juomalaulun
juomasekoitus	juomasekoituksen
juomasekoitus	juomasekoitusten
juomavesi	juomavedellä
juomavesi	juomavesi
juomavesi	juomavettä
juominen	juominen
juominen	juomiseen
juominen	juomisen
juominen	juomiset
juoni	juoneen
juoni	juonesta
juoni	juoni
juonittelu	juonittelua
juontaja	juontajana
juonti	juonti
juopotella	juopoteltu
juoppo	juopot
juoppo	juoppo
juoppo	juoppoja
juopponarkkarisankaritar	juopponarkkarisankarittarineen
juopua	juopuneen
juopua	juopuneet
juoruilu	juoruilu
juoruilu	juoruilun
juoruilu	juoruiluun
juosta	juokse
juosta	juoksee
juosta	juoksemaan
juosta	juoksemaisillani
juosta	juoksemalla
juosta	juoksematon
juosta	juoksen
juosta	juokseva
juosta	juoksevan
juosta	juoksevat
juosta	juoksi
juosta	juoksikin
juosta	juoksimme
juosta	juoksin
juosta	juoksisi
juosta	juoksivat
juosta	juosseet
juosta	juossut
juosta	juosta
juosta	juosten
juosta	juostiin
juosta	juostua
juotava	juotavaa
juottaa	juottaa
juovuksiin	juovuksiij
juovuksiin	juovuksiin
juovuksissa	juovuksissa
jupiter	jupiterin
juppe	juppe
jupperi	jupperissa
juppi	jupit
juridinen	juridisen
juridinen	juridisia
juristi	juristi
juristi	juristien
juristi	juristin
juristiromaani	juristiromaaneissakin
juristitar	juristitar
jurkka	jurkan
juro	juroksi
jursi	jursi
jussi	jussi
jussi	jussienkin
jussi	jussille
jussi	jussin
jussilainen	jussilainen
just	just
just	justhan
justiin	justii
justiin	justiin
justiin	justtii
justus	justuskin
juteini	juteini
jutella	jutella
jutella	jutellaan
jutella	juttel
jutella	juttelemaan
jutella	jutteli
jutella	juttelit
jutella	juttelivat
jutikkala	jutikkalan
jutila	jutila
juttelu	juttelu
juttelu	jutteluksi
juttu	juttu
juttu	juttua
juttu	juttuihin
juttu	juttuja
juttu	juttujaa
juttu	juttujen
juttu	juttuni
juttu	juttuu
juttu	juttuun
juttu	jutuissasi
juttu	jutun
juttu	jutussa
juttu	jutusta
juttu	jutut
juttupyyntö	juttupyynnöille
juttusilla	juttusilla
juttutuokio	juttutuokio
juttutupa	juttutupaa
jutustella	jutusteleva
jututtaa	juttuutettava
juu	juu
juu	juuta
juurella	juurella
juurelle	juurelle
juures	juurekset
juuressa	juures
juuri	juuremme
juuri	juuresta
juuri	juuret
juuri	juuri
juuri	juuria
juuri	juurineen
juuriverso	juuriversoillaan
juuso	juuson
juusto	juusto
juusto	juustoa
juusto	juustoja
juusto	juustokin
juusto	juustoo
juusto	juustot
juustohöylä	juustohöylä
juustoraaste	juustoraaste
juutalainen	juutalaiset
juutalainen	juutalaisten
juutalaissaksa	juutalaissaksa
juutalaisvitsi	juutalaisvitsi
juutalaisvitsi	juutalaisvitsissä
juutila	juutilan
juuttikankainen	juuttikankainen
juuttua	juuttuneita
juuttua	juuttuu
juva	juvan
juvonen	juvosen
jvc	jvc
jybby	jybby
jylhyys	jylhyys
jylistä	jylisevän
jymy	jymyn
jyp	jyp
jyp	jypiä
jypht	jypht:n
jyrkemmin	jyrkemmin
jyrki	jyrki
jyrki	jyrkiä
jyrkkä	jyrkemmät
jyrkkä	jyrkin
jyrkkä	jyrkkää
jyrkästi	jyrkästi
jyrsijä	jyrsijä
jyrsijä	jyrsijöitä
jyrä	jyrä
jyrähdellä	jyrähtelevät
jyrähdys	jyrähdys
jyrähtää	jyrähtää
jyskyttävä	jyskyttävä
jyskyttää	jyskytti
jyskyttää	jyskyttää
jytke	jytkettä
jyvä	jyvälle
jyväs-hyvä	jyväs-hyvälle
jyväskylä	jyväskylä
jyväskylä	jyväskylän
jyväskylä	jyväskylästä
jyväskylä	jyväskylään
jyväskylä-festivaali	jyväskylä-festivaalista
jyväskyläläinen	jyväskyläläinen
jyväskyläläinen	jyväskyläläisiä
jyväskyläläinen	jyväskyläläistä
jyväskyläläisväitös	jyväskyläläisväitös
jähmettyä	jähmetty
jähmettyä	jähmettyneenä
jäinen	jäinen
jäkälä	jäkälistämme
jäkättää	jäkättääkään
jäljelle	jäljelle
jäljellä	jäljellä
jäljen-	jäljen-
jäljennös	jäljennös
jäljentämö	jäljentämös
jäljessä	jäljessä
jäljettömiin	jäljettömiin
jäljiltä	jäljiltä
jäljitellä	jäljittelemätön
jäljittää	jäljittämään
jälkeen	jälkee
jälkeen	jälkeen
jälkeen	jälkeenkin
jälkeen	jälkeensä
jälkeenjääneisyys	jälkeenjääneisyys
jälkeenpäin	jälkeenpäin
jälkeentuleva	jälkeentuleville
jälkeinen	jälkeisillä
jälkeinen	jälkeisistä
jälkeläinen	jälkeläisemme
jälki	jäljen
jälki	jäljet
jälki	jälkensä
jälki	jälkeä
jälki	jälki
jälki	jälkiä
jälkiarvio	jälkiarvioissaan
jälkijunassa	jälkijunassa
jälkikaiunta-aika	jälkikaiunta-aika
jälkikäteen	jälkikäteen
jälkimmäinen	jälkimmäinen
jälkimmäinen	jälkimmäisen
jälkimmäinen	jälkimmäisestä
jälkimmäinen	jälkimmäisissä
jälkipuhe	jälkipuheita
jälkiruoka	jälkiruoaksi
jälkiruoka	jälkiruokaan
jälkiruoka	jälkiruokia
jälkiselvittely	jälkiselvittelyssä
jälkitauti	jälkitauteja
jälkkäri	jälkkärii
jälleen	jälleen
jämsä	jämsän
jämsä	jämsässä
jämsä	jämsää
jämsänkoski	jämsänkoskelta
jämsänkoski	jämsänkosken
jämtti	jämtti
jämähtää	jämähtää
jämäkkä	jämäkkä
jänis	jäniksellä
jänis	jänikseltä
jänis	jänikset
jänis	jäniksiä
jänishousu	jänishousuja
jänneväli	jännevälillä
jänneväli	jännevälin
jänneväli	jänneväliä
jännite	jännite
jännite	jännitteet
jännittyä	jännittyneenä
jännittyä	jännittyneinä
jännittävä	jännittävin
jännittävä	jännittäviä
jännittävämmin	jännittävämmin
jännittää	jännitettiin
jännittää	jännitin
jännittää	jännitti
jännittää	jännittää
jännittää	jännitämme
jännityksellä	jännityksellä
jännitys	jännityksen
jännitys	jännitys
jännitys	jännitystä
jännityssarja	jännityssarjaa
jännä	jännä
jännätä	jännäs
järeä	järeämmin
järeämmin	järeämmin
järin	järin
järisyttää	järisyttävän
järjenjuoksu	järjenjuoksua
järjestelmä	järjestelmissä
järjestelmä	järjestelmä
järjestelmä	järjestelmästä
järjestelmä	järjestelmää
järjestelmällinen	järjestelmällinen
järjestelmällinen	järjestelmällistä
järjestelmällisesti	järjestelmällisesti
järjestely	järjestely
järjestely	järjestelyistä
järjestely	järjestelyn
järjestely	järjestelyt
järjestelyosasto	järjestelyosastolla
järjestyminen	järjestymiseen
järjestys	järjestykseen
järjestys	järjestyksen
järjestys	järjestyksessä
järjestysmies	järjestysmiehiltä
järjestyssääntö	järjestyssääntö
järjestyä	järjesty
järjestyä	järjestyi
järjestyä	järjestyä
järjestäjä	järjestäjien
järjestäjä	järjestäjille
järjestäjä	järjestäjät
järjestäytyä	järjestäytyä
järjestää	järjestettiin
järjestää	järjestetty
järjestää	järjestettävissä
järjestää	järjestettävä
järjestää	järjestettäväkseen
järjestää	järjestettävät
järjestää	järjestettävään
järjestää	järjestetyistä
järjestää	järjestetyn
järjestää	järjestetään
järjestää	järjestivät
järjestää	järjestämiämme
järjestää	järjestämä
järjestää	järjestämän
järjestää	järjestämässä
järjestää	järjestämään
järjestää	järjestän
järjestää	järjestänette
järjestää	järjestäny
järjestää	järjestänyt
järjestää	järjestävät
järjestää	järjestää
järjestää	järjestääkseen
järjestö	järjestö
järjestö	järjestön
järjestö	järjestöt
järjestö	järjestöön
järjestöväki	järjestöväki
järjetön	järjettömältä
järjetön	järjetöntä
järkeistää	järkeistää
järkevä	järkeviä
järkevä	järkevässä
järkevä	järkevää
järkevämmin	järkevämmin
järki	järkeeni
järki	järkeensä
järki	järkeä
järki	järki
järkkynyt	järkkynyt
järkkyä	järkkyy
järkkäri	järkkärit
järkyttävä	järkyttäviä
järkyttävä	järkyttävä
järkyttää	järkyttää
järkyttää	järkytä
järkytys	järkytys
järnefelt	järnefelt
järvi	järveen
järvi	järvelle
järvi	järvellä
järvi	järveltä
järvi	järven
järvi	järvet
järvi	järveä
järvi	järvi
järvi	järviin
järvijää	järvijäät
järvikylä	järvikyästä
järvinahkiainen	järvinahkiaisia
järvinen	järvisen
järvinen	järvistä
jäsen	jäsen
jäsen	jäseneksi
jäsen	jäsenen
jäsen	jäsenet
jäsen	jäseniinsä
jäsen	jäsenille
jäsen	jäsenilleen
jäsen	jäseniä
jäsen	jäsenten
jäsen	jäsentä
jäsenistö	jäsenistön
jäsenliitto	jäsenliittoineen
jäsenmaa	jäsenmaiden
jäsenmaa	jäsenmaille
jäsenmaa	jäsenmaissa
jäsenmaksu	jäsenmaksut
jäsenmäärä	jäsenmäärään
jäsennellä	jäsennellyltä
jäsenseura	jäsenseuroja
jäsenyys	jäsenyydelle
jäsenyys	jäsenyys
jäsenyys	jäsenyyttä
jäte	jätteen
jäte	jätteet
jäte	jätteiden
jäte	jätteitä
jätehuolto	jätehuoltoon
jätemäärä	jätemäärät
jätesäkki	jätesäkin
jätesäkki	jätesäkkiin
jätetiedosto	jätetiedostosta
jätevaunukaappi	jätevaunukaapin
jätevesi	jätevesien
jätevesi	jätevesiä
jätevesikenttä	jätevesikentän
jätevesipuhdistamo	jätevesipuhdistamon
jätkä	jätkiä
jätkä	jätkä
jätkä	jätkältä
jätkä	jätkän
jätkä	jätkät
jätkä	jätkää
jätski	jätskiä
jättiaskel	jättiaskel
jättikokoinen	jättikokoiset
jättikuukunen	jättikuukunen
jättiläinen	jättiläinen
jättiläinen	jättiläisen
jättiläiskilpikonna	jättiläiskilpikonnia
jättiläismäinen	jättiläismäisen
jättiläismäinen	jättiläismäisiä
jättipotti	jättipotin
jättiputki	jättiputki
jättäminen	jättämisestä
jättäytyä	jättäytyä
jättää	jätettiin
jättää	jätetty
jättää	jätettäköön
jättää	jätettävä
jättää	jätetyistä
jättää	jätetyllä
jättää	jätetyt
jättää	jätetään
jättää	jätimme
jättää	jätin
jättää	jätit
jättää	jätti
jättää	jättivät
jättää	jättivätkö
jättää	jättäisi
jättää	jättämää
jättää	jättämään
jättää	jättäny
jättää	jättänyt
jättää	jättävät
jättää	jättää
jättää	jätä
jättää	jätän
jäyhä	jäyhäksi
jäyhäke	jäyhäkkeet
jäykistyä	jäykistyneet
jäykkyys	jäykkyyttä
jäykkä	jäykkinä
jäykähkö	jäykähköt
jäynääminen	jäynäämisen
jää	jäihin
jää	jäillä
jää	jäistä
jää	jäitä
jää	jää
jää	jäälle
jää	jäällä
jää	jäälläkin
jää	jäässä
jää	jäät
jää	jäätä
jäädyttäminen	jäädyttäminen
jäädä	jäi
jäädä	jäihän
jäädä	jäikin
jäädä	jäimme
jäädä	jäin
jäädä	jäisi
jäädä	jäisivät
jäädä	jäivät
jäädä	jäivätkö
jäädä	jää
jäädä	jäädä
jäädä	jäädää
jäädä	jäädään
jäädä	jääkin
jäädä	jääköön
jäädä	jäämässä
jäädä	jäämättä
jäädä	jäämään
jäädä	jään
jäädä	jääneen
jäädä	jääneenä
jäädä	jääneet
jäädä	jääneiden
jäädä	jääneitä
jäädä	jäänyt
jäädä	jäänyttä
jäädä	jäät
jäädä	jääty
jäädä	jäätyä
jäädä	jäätyään
jäädä	jääviin
jäädä	jäävän
jäädä	jäävänsä
jäädä	jäävät
jääesiintymä	jääesiintymä
jäähalli	jäähalli
jäähalli	jäähallia
jäähalli	jäähallin
jäähalli	jäähallissa
jäähdytellä	jäähdytellä
jäähdyttämö	jäähdyttämöön
jäähdyttää	jäähdytä
jäähile	jäähileisiin
jäähy	jäähyjä
jäähyaitio	jäähyaitiosta
jäähyväiset	jäähyväisensä
jäähyväiset	jäähyväiset
jääkaappi	jääkaapille
jääkaappi	jääkaapin
jääkaappi	jääkaapissa
jääkaappi	jääkaappi
jääkaappi	jääkaappiin
jääkaappi	jääkaappiinkin
jääkarhu	jääkarhuja
jääkausi	jääkaudelta
jääkausi	jääkauden
jääkiekko	jääkiekko
jääkiekko	jääkiekkoa
jääkiekko	jääkiekon
jääkiekko	jääkiekosta
jääkiekkoilija	jääkiekkoilija
jääkiekkoilu	jääkiekkoilu
jääkiekkoilu	jääkiekkoilun
jääkiekkojoukkue	jääkiekkojoukkueen
jääkylmä	jääkylmää
jäälautta	jäälauttaan
jäänne	jäänteitä
jäännös	jäännökset
jääpala	jääpaloja
jääpolte	jääpolte
jääprinsessa	jääprinsessa
jääräpäinen	jääräpäisiä
jääskeläinen	jääskeläinen
jäätee	jäätee
jäätelö	jäätelö
jäätelö	jäätelöö
jäätelöfani	jäätelöfaneja
jäätelötikku	jäätelötikku
jäätikkö	jäätikön
jäätteenmäki	jäätteenmäeltä
jäätteenmäki	jäätteenmäen
jäätteenmäki	jäätteenmäki
jäätyä	jäätyy
jäätyä	jäätyä
jäätää	jäädetty
jääurheilu	jääurheilu
jököttää	jököttävä
jörn	jörn
k	k
k	k.
k-	k-
k-18	k-18
k-eurooppa	k-euroopassa
k.	k.
k540te	k540te
k540te78	k540te78
ka	ka
kaadattaa	kaadattavat
kaahailu	kaahailun
kaahari	kaahari
kaahata	kaahaa
kaahata	kaahasi
kaakao	kaakaot
kaakkois-suomi	kaakkois-suomen
kaakku	kaakkua
kaakkuripari	kaakkuripari
kaali	kualit
kaalidolma	kaalidolmeja
kaamosaika	kaamosaika
kaaos	kaaoskin
kaapata	kaappaavat
kaapeli	kaapeli
kaapelitehdas	kaapelitehtaan
kaapisto	kaapistoja
kaapo	kaapo
kaappausvälikohtaus	kaappausvälikohtaus
kaappi	kaapeissa
kaappi	kaapin
kaappi	kaapista
kaappi	kaappeihin
kaappi	kaappi
kaappi	kaappia
kaappi	kaappien
kaappi	kaappinsa
kaari	kaaren
kaari	kaari
kaari	kaaria
kaarina	kaarina
kaarina	kaarinaa
kaarle	kaarle
kaarle	kaarlea
kaarle	kaarlelle
kaarlo	kaarlo
kaarnavene	kaarnavene
kaarnavene	kaarnavenettä
kaarre	kaarteeseen
kaarson	kaarsonia
kaartaa	kaartaen
kaartua	kaartuvassa
kaasu	kaasu
kaasu	kaasua
kaasu	kaasulla
kaasukehä	kaasukehässä
kaasukenttä	kaasukentät
kaasupilvi	kaasupilvi
kaasupullo	kaasupullot
kaasuputki	kaasuputket
kaasuuntua	kaasuuntuessaan
kaataa	kaada
kaataa	kaadetaan
kaataa	kaadettu
kaataa	kaadetuksi
kaataa	kaajoimme
kaataa	kaataa
kaataa	kaataessaan
kaataa	kaatamaan
kaataa	kaatamalla
kaataa	kaatamas
kaataa	kaatanut
kaataa	kaatoi
kaatajaiset	kaatajaisiin
kaataminen	kaataminen
kaato	kaatoon
kaatopaikka	kaatopaikan
kaatopaikka	kaatopaikat
kaatosade	kaatosadetta
kaatua	kaadu
kaatua	kaaduin
kaatua	kaadun
kaatua	kaaduttiin
kaatua	kaatu
kaatua	kaatua
kaatua	kaatuessa
kaatua	kaatuessaan
kaatua	kaatui
kaatua	kaatuis
kaatua	kaatumaisillaan
kaatua	kaatunut
kaatua	kaatuu
kaatua	kaatuvat
kaatua	kaavu
kaatua	kaavui
kaatuilla	kaatuilee
kaatunut	kaatuneita
kaava	kaava
kaava	kaavan
kaava	kaavat
kaavailla	kaavailemaan
kaavailla	kaavaillut
kaavailla	kaavailtu
kaavamainen	kaavamainen
kaavamainen	kaavamaista
kaavanmuutos	kaavanmuutos
kadar	kadar
kadehtia	kadehtisi
kadett	kadett
kadoksiin	kadoksiin
kadoksissa	kadoksissa
kadonnut	kadonneen
kadota	kadonneeksi
kadota	kadonneen
kadota	kadonneesta
kadota	kadonnut
kadota	kadonnutta
kadota	kadota
kadota	katoa
kadota	katoaa
kadota	katoamaan
kadota	katoamassa
kadota	katoavansa
kadota	katoavat
kadota	katosi
kadota	katosivat
kadottaa	kadotti
kadunkulma	kadunkulmassa
kadunpätkä	kadunpätkää
kaduttaa	kaduttaa
kaduttava	kaduttavaa
kaffe	kaffetta
kafka	kafkaan
kafka	kafkan
kafka-innostus	kafka-innostus
kago	kago
kahakoida	kahakoivat
kahdeksan	kahdeksaa
kahdeksan	kahdeksaan
kahdeksan	kahdeksalla
kahdeksan	kahdeksalle
kahdeksan	kahdeksalta
kahdeksan	kahdeksan
kahdeksan	kahdeksassa
kahdeksan	kahdeksasta
kahdeksan	kaheksaan
kahdeksan	kaheksalta
kahdeksankymmentä	kahdeksankymmenen
kahdeksankymmentä	kahdeksankymmentä
kahdeksankymmentä	kahdeksastakymmenestä
kahdeksankymmentäluku	kahdeksankymmentäluvun
kahdeksankymmentäsenttinen	kaheksankytsenttiset
kahdeksansataa	kahdeksansataa
kahdeksantoista	kahdeksantoist
kahdeksanvuotias	kahdeksanvuotiaani
kahdeksas	kahdeksannesta
kahdeksas	kaheksas
kahdeksasluokkalainen	kahdeksasluokkalaisen
kahdeksikko	kahdeksikkoja
kahdenvälinen	kahdenvälinen
kahdeskymmenes	kaheskys
kahdestaan	kahdestaan
kahdesti	kahdesti
kahdesti	kahdestikin
kaheli	kaheli
kahina	kahinat
kahina	kahinoissa
kahjo	kahjo
kahlaaja	kahlaajista
kahlitseva	kahlitsevana
kahma	kahman
kahr-	kahr-
kahtia	kahtia
kahva	kahva
kahva	kahvaan
kahvi	kahveelle
kahvi	kahvi
kahvi	kahvia
kahvi	kahvilla
kahvi	kahville
kahvi	kahvin
kahvi	kahvit
kahviaamiainen	kahviaamiaisen
kahvijauho	kahvijauho
kahvikuppi	kahvikupin
kahvikuppi	kahvikuppeinemme
kahvila	kahvila
kahvila	kahvilaa
kahvila	kahvilan
kahvila	kahvilasta-
kahvila	kahviloissa
kahvilarakennus	kahvilarakennus
kahvilatuote	kahvilatuotteet
kahvinjuonti	kahvinjuonti
kahvio	kahvion
kahvipuoti	kahvipuodin
kahvipöytä	kahvipöydissä
kahvipöytä	kahvipöytään
kahvitarjoilu	kahvitarjoilu
kahvitilaisuus	kahvitilaisuus
kahvitilkka	kahvitilkan
kahvituttaa	kahvituttanut
kai	kai
kai	kait
kaide	kaidetta
kaihoisa	kaihoisaa
kaihoisasti	kaihoisasti
kaiholla	kaiholla
kaihtaa	kaihda
kaihtaa	kaihtaa
kaihtaa	kaihtaen
kaija	kaija
kaija	kaijan
kaikenikäinen	kaikenikäiset
kaikenkattava	kaikenkattava
kaikenlainen	kaikenlaisen
kaikenlainen	kaikenlaiset
kaikenlainen	kaikenlaisia
kaikenlainen	kaikenlaista
kaikennäköinen	kaikennäköiset
kaikennäköinen	kaikennäköstä
kaiketi	kaiketi
kaikkein	kaikkein
kaikki	kaekkija
kaikki	kaikeksi
kaikki	kaikella
kaikki	kaikelle
kaikki	kaikelta
kaikki	kaiken
kaikki	kaikessa
kaikki	kaikesta
kaikki	kaikilla
kaikki	kaikille
kaikki	kaikilta
kaikki	kaikin
kaikki	kaikissa
kaikki	kaikist
kaikki	kaikista
kaikki	kaikkea
kaikki	kaikkee
kaikki	kaikkeen
kaikki	kaikkein
kaikki	kaikkemme
kaikki	kaikkeni
kaikki	kaikkensa
kaikki	kaikki
kaikki	kaikkia
kaikki	kaikkien
kaikki	kaikkihan
kaikki	kaikkii
kaikki	kaikkiin
kaikki	kaikkiko
kaikki	kaikkine
kaikki	kaikkis
kaikkiaan	kaikkiaan
kaikkialla	kaikkialla
kaikkialle	kaikkialle
kaikkialta	kaikkialta
kaikkiansa	kaikkiansa
kaikkineen	kaikkineen
kaikkitietävä	kaikkitietävälle
kaikota	kaikottua
kaiku	kaiku
kaiku	kaiun
kaikua	kaikuu
kaikua	kaikuvat
kaila	kailan
kainalo	kainaloon
kainalo	kainalossa
kainalo	kainalosta
kainalosauva	kainalosauvani
kainalosauva	kainalosauvat
kainalosauva	kainalosauvoja
kainous	kainous
kainulainen	kainulainen
kainuu	kainuussa
kaipaus	kaipausta
kaipiainen	kaipiainen
kaipuu	kaipuu
kaisa	kaisa
kaisa	kaisaa
kaisa	kaisalle
kaisa	kaisan
kaisaniemi	kaisaniemee
kaislikko	kaislikko
kaislikko	kaislikossa
kaista	kaista
kaista	kaistale
kaista	kaistalle
kaista	kaistat
kaista	kaistoilla
kaistapää	kaistapää
kaisu	kaisu
kaisu	kaisukaan
kaisu	kaisulla
kaisu	kaisun
kaisu	kaisusta
kaitainen	kaitaisella
kaitsenta	kaitsenta
kaitsu	kaitsu
kaiunta	kaiuntaa
kaiutella	kaiutellaan
kaiutin	kaiuttimet
kaivaa	kaivaa
kaivaa	kaivamassa
kaivaa	kaivan
kaivaa	kaivetaan
kaivaa	kaivoi
kaivaminen	kaivaminen
kaivari	kaivarille
kaivata	kaipaa
kaivata	kaipaamaan
kaivata	kaipaan
kaivata	kaipaavat
kaivata	kaipaisi
kaivata	kaipasi
kaivata	kaipasitko
kaivata	kaipasivat
kaivata	kaivannut
kaivata	kaivataan
kaivata	kaivattaisiin
kaivata	kaivattu
kaivaus	kaivaukset
kaivaus	kaivauksien
kaivella	kaivelee
kaivella	kaivelemassa
kaivella	kaivella
kaivertaa	kaivertaa
kaivo	kaivo
kaivo	kaivoon
kaivo	kaivosta
kaivohuone	kaivohuone
kaivos	kaivoksen
kaivos	kaivoksessa
kaivos	kaivos
kaivuutulos	kaivuutulokset
kaivuutulos	kaivuutuloksia
kaj	kaj
kajaani	kajaanin
kajaani	kajaanissa
kajahtaa	kajahti
kajahtanut	kajahtanut
kajanoja	kajanojan
kajauttaa	kajautan
kajo	kajo
kake	kake
kakka	kakkaakin
kakkonen	kakkoseen
kakkonen	kakkoseksi
kakkonen	kakkosesta
kakkonen	kakkosta
kakkosluokkalainen	kakkosluokkalaiset
kakku	kaakku
kakku	kakku
kakku	kakkua
kakku	kakun
kakku	kakusta
kakkukahvi	kakkukahvin
kakkukahvi	kakkukahvit
kaksi	kahdeksi
kaksi	kahdella
kaksi	kahdelle
kaksi	kahdelta
kaksi	kahden
kaksi	kahdessa
kaksi	kahdesta
kaksi	kahdet
kaksi	kahta
kaksi	kahteen
kaksi	kahtena
kaksi	kaks
kaksi	kaksi
kaksi	kaksikin
kaksi	kaksin
kaksi	kaksine
kaksi-kolme	kahteen-kolmeen
kaksihintajärjestelmä	kaksihintajärjestelmän
kaksikko	kaksikko
kaksikymmentä	kahdenkymmenen
kaksikymmentä	kahenkymmenen
kaksikymmentä	kahteenkyt
kaksikymmentä	kaksikymmentä
kaksikymmentätuhatta	kahdenkymmenentuhannen
kaksikymmentäviisi	kaksikymmentäviisi
kaksilitrainen	kaksilitrainen
kaksinkertainen	kaksinkertainen
kaksinkertainen	kaksinkertaiselle
kaksinkertaistaa	kaksinkertaistamaan
kaksinkertaistaa	kaksinkertaistamalla
kaksinkertaistua	kaksinkertaistuvan
kaksio	kaksiossa
kaksipyöräinen	kaksipyöräinen
kaksipyöräinen	kaksipyöräistä
kaksisataa	kaksisataa
kaksisataa	kakssattoo
kaksistaan	kaksistee
kaksitoista	kahdentoista
kaksitoista	kaksitoista
kaksituhatta	kakstuhatta
kaksoisleuka	kaksoisleuan
kaksoisvuode	kaksoisvuoteet
kaksonen	kaksoset
kaksonen	kaksosista
kaksospoika	kaksospoikien
kala	kala
kala	kalaa
kala	kalaan
kala	kalan
kala	kalansa
kala	kalassa
kala	kalat
kala	kalathan
kala	kaloja
kala-allas	kala-altaissa
kalahtaa	kalahtaa
kalahtaa	kalahti
kalaisa	kalaisalta
kalamies	kalamiehelle
kalamies	kalamiesten
kalareissu	kalareissuille
kalareissu	kalareissulla
kalastaa	kalastamaan
kalastaja	kalastaja
kalastaja	kalastajalla
kalastaja	kalastajat
kalastaja	kalastajien
kalastaja	kalastajille
kalastus	kalastuksella
kalastus	kalastukselle
kalastus	kalastus
kalastusbiologi	kalastusbiologina
kalastuskertomus	kalastuskertomuksissa
kalastusporukka	kalastusporukka
kalastusura	kalastusuraani
kalastusväline	kalastusvälineitä
kalasääski	kalasääski
kalenteri	kalenteri
kalenteri	kalenteriin
kaleva	kalevaa
kaleva	kalevan
kalevala	kalevalaa
kalevala	kalevalan
kalevi	kalevi
kalifornia	kaliforniaan
kalifornialainen	kalifornialaiselle
kalikka	kalikka
kalin	kalinin
kalja	kaljaa
kalja	kaljalla
kalja	kaljan
kalja	kaljasi
kalja	kaljat
kalju	kalju
kalkkeutunut	kalkkeutuneet
kalkkiviiva	kalkkiviivoilla
kalkkuna	kalkkunaa
kalkkuna	kalkkunoita
kallas	kallakselle
kallavesi	kallaveden
kalle	kalle
kalle	kallea
kalle	kallellahan
kalle	kallelta
kalle	kallen
kallellaan	kallellaan
kalleus	kalleuden
kalligrafia	kalligrafiaa
kalligrafia	kalligrafialla
kallio	kallio
kallio	kallioiden
kallio	kallioilta
kallio	kalliolle
kallio	kallion
kallio	kallioon
kallio	kalliot
kallio-seura	kallio-seura
kalliomaalaus	kalliomaalauksesta
kalliomuodostelma	kalliomuodostelmia
kalliomäki	kalliomäki
kallioperä	kallioperää
kallioperä	kallioperään
kalliotie	kalliotien
kalliovarasto	kalliovarastojen
kallis	kalleimman
kallis	kallein
kallis	kalliiksi
kallis	kalliimmalla
kallis	kalliimmat
kallis	kalliimpia
kallis	kalliina
kallis	kalliit
kallis	kalliita
kallis	kallis
kallis	kallista
kallisarvoinen	kallisarvoinen
kallistaa	kallisti
kallistelu	kallistelu
kalmisto	kalmistossa
kalossi	kalosseja
kalpa	kalpan
kalsarisillaan	kalsarisiltaan
kalsarit	kalsareis
kalsarit	kalsarinsa
kalsea	kalsea
kaltainen	kaltainen
kaltainen	kaltaiseksesi
kaltainen	kaltaiseni
kaltainen	kaltaisensa
kaltainen	kaltaisia
kaltainen	kaltaisille
kaltainen	kaltaisista
kaltainen	kaltaista
kalustaa	kalustettua
kaluste	kalusteet
kaluste	kalusteista
kalusto	kalusto
kalusto	kalustoa
kalusto	kalustollaan
kalusto	kaluston
kalvaa	kalvaa
kalvaa	kalvoi
kalvakka	kalvakkaa
kalvo	kalvoilla
kalvo	kalvojen
kalvo	kalvolla
kalvola	kalvolassa
kama	kamaa
kama	kamoja
kamala	kamala
kamala	kamalaa
kamala	kamalan
kamala	kamalia
kamalasti	kamalasti
kamara	kamaralla
kamarimusiikki	kamarimusiikin
kamariorkesteri	kamariorkesteri
kamariorkesteri	kamariorkesterin
kambodzha	kambodzha
kambodzhalainen	kambodzhalaiset
kamera	kamera
kamera	kameraa
kamera	kameran
kamera	kameroita
kamera	kameroitaan
kamerun	kamerunille
kamesaki	kamesakilta
kamiina	kamiinan
kamiina	kamiinat
kammari	kammarissa
kammata	kammatakkim
kammata	kampaisin
kammata	kampaisit
kammata	kampasi
kammottava	kammottava
kammottava	kammottavan
kammottava	kammottavilta
kampa	kampoihin
kampaaja	kampaajaa
kampaaja	kampaajalle
kampamaisesti	kampamaisesti
kampanja	kampanja
kampanja	kampanjaan
kampanja	kampanjan
kampanja	kampanjansa
kampanja	kampanjassa
kampanjointi	kampanjointiako
kampaus	kampaus
kampauspöytä	kampauspöytäni
kampe	kamppein
kampe	kamppeitakaan
kamppaari	kamppaari
kamppailla	kamppailtiin
kamppailu	kamppailun
kampsu	kampsuineen
kana	kana
kana	kanaa
kana	kanahan
kana	kanalle
kana	kanan
kana	kanassa
kana	kanasta
kana	kanat
kana	kanoja
kanada	kanada
kanada	kanadaan
kanada	kanadan
kanada	kanadassa
kanadalainen	kanadalaisesta
kanadalainen	kanadalaiset
kanahäkki	kanahäkille
kanalaji	kanalaji
kanankoipi	kanankoipia
kananmuna	kananmunan
kananmuna	kananmunia
kananmuna	kananmunien
kananmunantuottaja	kananmunantuottajien
kanaparvi	kanaparvi
kanaria	kanariallakin
kanaria	kanarian
kanarian-matka	kanarian-matka
kanava	kanava
kanava	kanavalla
kanava	kanavan
kanava	kanavat
kanava	kanavien
kanavahaku	kanavahaulla
kanerva	kanerva
kangas	kangas
kangas	kankaan
kangas	kankaasta
kangas	kankaiden
kangasala	kangasala
kangasala	kangasalla
kangasala	kangasalta
kangasalalainen	kangasalalaista
kangasvyö	kangasvyö
kangerrella	kangertelee
kani	kani
kani	kania
kani	kanin
kanisteri	kanisterin
kankaanniemi	kankaanniemi
kankaanpää	kankaanpään
kankaanpää	kankaanpäässä
kankaanpääläinen	kankaanpääläiset
kankea	kankeampi
kankea	kankeampina
kanki	kangen
kankkunen	kankkunen
kankkunen	kankkusen
kannalla	kannalla
kannalta	kannalta
kannanotto	kannanotolla
kannanotto	kannanottoja
kannas	kannas
kannatinpalkki	kannatinpalkeille
kannattaa	kannata
kannattaa	kannatan
kannattaa	kannatatko
kannattaa	kannattaa
kannattaa	kannattaako
kannattaa	kannattaisi
kannattaa	kannattamaan
kannattaa	kannattanut
kannattaa	kannattavaa
kannattaa	kannattavia
kannattaa	kannatti
kannattaa	kannattiko
kannattaja	kannattaja
kannattaja	kannattajansa
kannattaja	kannattajat
kannattaja	kannattajien
kannattaja	kannattajin
kannattava	kannattava
kannattava	kannattavaksi
kannattavuus	kannattavuuden
kannattavuus	kannattavuus
kannattelu	kannatteluun
kannatus	kannatuksensa
kannatus	kannatus
kannatus	kannatusta
kanne	kanteen
kannella	kanteli
kannellinen	kannelline
kannettava	kannettava
kannisto-maunula	kannisto-maunula
kannoilla	kannoilla
kannoille	kannoille
kannoille	kannoillesi
kannu	kannussa
kannu	kannusta
kannu	kannut
kannullinen	kannullinen
kannus	kannuksiin
kannustaa	kannustaa
kannustaa	kannustetuksi
kannustin	kannustinta
kannustus	kannustuksia
kannustus	kannustus
kansa	kansa
kansa	kansaa
kansa	kansakaan
kansa	kansalle
kansa	kansalta
kansa	kansan
kansa	kansansa
kansa	kansasta
kansa	kansoille
kansa	kansoista
kansainvälinen	kansainvälinen
kansainvälinen	kansainväliseen
kansainvälinen	kansainväliselle
kansainvälinen	kansainvälisen
kansainvälinen	kansainväliset
kansainvälinen	kansainvälisillä
kansainvälinen	kansainvälisiä
kansainvälinen	kansainvälistä
kansainvälis-poliittinen	kansainvälis-poliittisen
kansainvälisesti	kansainvälisesti
kansainvälistyminen	kansainvälistyminen
kansainvälisyyskasvatusaineisto	kansainvälisyyskasvatusaineistona
kansakoulu	kansakoulu
kansakoulu	kansakoulun
kansakoulu	kansakoulussa
kansakunnat	kansakuntia
kansakunta	kansakunnalle
kansakunta	kansakunnan
kansakunta	kansakunta
kansalainen	kansalainen
kansalainen	kansalaiselta
kansalainen	kansalaisen
kansalainen	kansalaiset
kansalainen	kansalaisetkin
kansalainen	kansalaisia
kansalainen	kansalaisille
kansalainen	kansalaisista
kansalainen	kansalaista
kansalainen	kansalaisten
kansalaisjärjestö	kansalaisjärjestöissä
kansalaiskunto	kansalaiskunnoltaan
kansalaistoiminta	kansalaistoiminnan
kansalaisuus	kansalaisuus
kansalaisuus	kansalaisuutta
kansalaisyhteiskunta	kansalaisyhteiskunta
kansallinen	kansallinen
kansallinen	kansallisen
kansallinen	kansallisia
kansallinen	kansallisiakin
kansallinen	kansallista
kansallinen	kansallisten
kansallisbaletti	kansallisbaletille
kansallisjuoma	kansallisjuomalla
kansalliskala	kansalliskalaamme
kansalliskiihkoinen	kansalliskiihkoisia
kansalliskiihkoinen	kansalliskiihkoisille
kansallispankki	kansallispankille
kansallispuku	kansallispukunsa
kansallispyhimys	kansallispyhimyksen
kansallispäivä	kansallispäiväänsä
kansallisrunoilija	kansallisrunoilijan
kansallisruoka	kansallisruoka
kansallisruoka	kansallisruokaa
kansallisurheilu	kansallisurheilua
kansallisuus	kansallisuuden
kansallisuus	kansallisuuksien
kansanedustaja	kansanedustaja
kansanedustaja	kansanedustajan
kansanedustaja	kansanedustajat
kansanedustaja	kansanedustajien
kansanedustaja	kansanedustajille
kansanedustajapaikka	kansanedustajapaikkaa
kansanjoukko	kansanjoukkojen
kansankoti	kansankoti
kansankäräjät	kansankäräjät
kansanluonne	kansanluonne
kansanmurha	kansanmurhaan
kansanmurha	kansanmurhasta
kansanmurre	kansanmurteet
kansannousu	kansannousun
kansanomainen	kansanomaisiksi
kansanpuolue	kansanpuolueen
kansanrintama	kansanrintama
kansantaide	kansantaide
kansantalous	kansantalouden
kansantanssi	kansantanssi
kansanterveyslaitos	kansanterveyslaitoksen
kansanäänestys	kansanäänestyksen
kansanäänestys	kansanäänestyksessä
kansi	kannelta
kansi	kannen
kansi	kannet
kansi	kansi
kansi	kanteen
kansio	kansio
kansio	kansiota
kanslia	kanslioilta
kansliapäällikkö	kansliapäällikkö
kansliapäällikköaika	kansliapäällikköaikansa
kanssa	kaa
kanssa	kans
kanssa	kansa
kanssa	kanssa
kanssa	kanssaan
kanssa	kanssani
kanssa	kanssanne
kanssa	kanssas
kanssa	kanssasi
kanssaihminen	kanssaihmisistä
kanssakäyminen	kanssakäymiseen
kanta	kannalla
kanta	kannalta
kanta	kannastaan
kanta	kannat
kanta	kantaa
kanta	kantaan
kanta	kantaansa
kanta	kantansa
kanta	kantoja
kanta	kantojaan
kanta	kantojani
kanta-asiakas	kanta-asiakkaat
kanta-tampella	kanta-tampellan
kantaa	kannetaan
kantaa	kannettavaksi
kantaa	kannettu
kantaa	kannoin
kantaa	kantaa
kantaa	kantaen
kantaa	kantakoon
kantaa	kantamaan
kantaa	kantamalla
kantaa	kantamassa
kantaa	kantanut
kantaa	kantava
kantaa	kantavat
kantaa	kantoi
kantaesittää	kantaesitettiin
kantaja	kantaja
kantaja	kantajaansa
kantaja	kantajia
kantamarajoitus	kantamarajoitus
kantamus	kantamuksensa
kantaohjelmisto	kantaohjelmistoon
kantapää	kantapää
kantapää	kantapään
kantapää	kantapäänsä
kantapöytä	kantapöydällä
kantautua	kantautui
kantautua	kantautunut
kantava	kantavampi
kantelija	kantelija
kantelu	kanteluista
kanto	kannon
kantola	kantola
kantola	kantolaa
kantola	kantolan
kantoraketti	kantorakettien
kantotapahtuma	kantotapahtumasta
kantti	kantilta
kanttori	kanttori
kapakka	kapakassa
kapakka	kapakasta
kapakka	kapakkaan
kapakka	kapakoissa
kapanen	kapanen
kapasiteetti	kapasiteetiltaan
kapea	kapea
kapea	kapeiden
kapea	kapeilla
kapeakasvoinen	kapeakasvoinen
kapeankapea	kapeankapeaan
kapeikko	kapeikkoa
kapellimestari	kapellimestari
kapellimestari	kapellimestarille
kapina	kapina
kapina	kapinaa
kapina	kapinaan
kapinallinen	kapinalliset
kapinallisjoukko	kapinallisjoukkojen
kapitalismi	kapitalismin
kapkaupunki	kapkaupunki
kaplan	kaplan
kapoinen	kapoisen
kappale	kappale
kappale	kappaleen
kappale	kappaleena
kappale	kappaleet
kappale	kappalein
kappale	kappaleita
kappale	kappaletta
kappeli	kappeliin
kapriisi	kapriisia
kapriskya	kapriskya
kapseli	kapselissa
kapteeni	kapteeni
kapuaminen	kapuamisesta
kapusta	kapustan
karahtaa	karahti
karaista	karaistuja
karaisu	karaisun
karajan	karajanin
karamelli	karamelli
karamelli-	karamelli-
karanteeni	karanteeni
karanteenimaksu	karanteenimaksu
karata	karanneet
karata	karannutta
karata	karkaa
karata	karkasi
karauttaa	karauttavat
karayalcin	karayalcin
kare	kare
karenssi	karenssi
karenssi	karenssiin
karhea	karheaa
karhi	karhi
karhi	karhin
karhu	karhu
karhu	karhuhan
karhu	karhujen
karhu	karhun
karhu	karhut
karhula	karhulassa
karhunpesä	karhunpesällä
kari	kari
karikko	karikoista
karimaa	karimaata
karisma	karisma
karismaattinen	karismaattinen
karismaattinen	karismaattiseen
karista	karisseet
karistaa	karistako
karistaa	karistamaan
karita	karitan
kariutua	kariutui
kariutuminen	kariutumisen
karja	karja
karja	karjaa
karja	karjan
karjahtaa	karjahti
karjala	karjalan
karjala	karjalassa
karjala-talo	karjala-talossa
karjalainen	karjalainen
karjalainen	karjalaisen
karjalainen	karjalaisessa
karjalainen	karjalaiset
karjalanpiirakka	karjalanpiirakka
karjaton	karjattomalla
karjaton	karjattoman
karjuntakilpailu	karjuntakilpailun
karkailla	karkailee
karkeammansorttinen	karkeammansorttista
karkeasti	karkeasti
karkki	karkki
karkki	karkkia
karkkikauppa	karkkikauppa
karkkila	karkkilan
karkkimaa	karkkimaa
karkkiraha	karkkirahoistaan
karkottaa	karkota
karkottaa	karkottaa
karkotus	karkotukset
karkuteillä	karkuteillä
karkuun	karkuun
karmea	karmea
karmea	karmean
karmea	karmeeta
karnevaali	karnevaaleissa
karpaasi	karpaasi
karpalo	karpaloista
karpela	karpela
karpov	karpov
karppinen	karppinen
karri	karri
karriääri	karriäärin
karsia	karsimaan
karsia	karsinu
karsia	karsittaessa
karsia	karsittavakseni
karsiminen	karsiminen
karsina	karsinaan
karsinta	karsinnan
karsinta	karsintaan
karsiutua	karsiutui
karsiutuja	karsiutuja
kartano	kartano
kartano	kartanon
kartio	kartio
kartoittaa	kartoitettiin
kartoittaa	kartoitetuksi
kartoittaa	kartoittaa
kartoittaa	kartoittivat
kartoittaminen	kartoittamista
kartongintuottaja	kartongintuottajien
kartta	kartan
kartta	kartoista
kartta	kartta
kartta	karttaa
karttaa	karttaa
karttaa	karttoi
karttaago	karttaago
karttaago	karttaagohan
karuselli	karuselliin
karuselli	karusellit
karva	karvaa
karvainen	karvaista
karvamato	karvamadoksi
karvanen	karvanen
karvas	karvas
karvatassu	karvatassu
karvaturri	karvaturri
karvia	karvian
karviainen	karviaisia
karvinen	karvinen
karvisto	karvistoa
karvoitus	karvoitusta
kas	kas
kasaan	kasaan
kasaantua	kasaantui
kasaantua	kasaantuu
kasapäin	kasapäin
kasarminikkuna	kasarminikkunasta
kasassa	kasassa
kasata	kasaama
kasata	kasatkoot
kasata	kasattu
kasautua	kasautunut
kasetti	kasetilla
kasetti	kasetin
kasetti	kasetteja
kasettinauhuri	kasettinauhurissa
kasettisoitin	kasettisoitin
kashmir	kashmirissa
kasi	kasia
kasinopeli	kasinopeliin
kasinovuosi	kasinovuosina
kaskelotti	kaskelotit
kasko	kasko
kassa	kassa
kassa	kassaan
kassa	kassalla
kassa	kassan
kassakriisi	kassakriisiltä
kassarouva	kassarouvan
kassi	kassi
kassi	kassia
kassi	kassiini
kassi	kassissa
kassi	kassist
kassi	kassistaan
kassila	kassila
kassillinen	kassillinen
kastaa	kastaa
kaste	kasteesta
kaste	kastetta
kastejuhla	kastejuhlaa
kastelija	kastelija
kastella	kastele
kastella	kasteli
kastella	kastelin
kastella	kastella
kasti	kastiin
kastike	kastike
kastua	kastu
kastua	kastua
kastua	kastuu
kastuminen	kastuminen
kasvaa	kasva
kasvaa	kasvaa
kasvaa	kasvaakseen
kasvaa	kasvaessa
kasvaa	kasvaisivat
kasvaa	kasvamaan
kasvaa	kasvamassa
kasvaa	kasvaneet
kasvaa	kasvanut
kasvaa	kasvava
kasvaa	kasvavat
kasvaa	kasvavia
kasvaa	kasvavista
kasvaa	kasvoi
kasvaa	kasvoin
kasvaa	kasvoivat
kasvaa	kasvoivatkin
kasvaminen	kasvaminen
kasvattaa	kasvatetaan
kasvattaa	kasvatettiin
kasvattaa	kasvattaa
kasvattaa	kasvattaisin
kasvattaa	kasvattamaan
kasvattaa	kasvattivat
kasvattaja	kasvattaja
kasvattaja	kasvattajaa
kasvattaja	kasvattajana
kasvattaminen	kasvattaminen
kasvattaminen	kasvattamiseen
kasvattaminen	kasvattamiseksi
kasvattaminen	kasvattamiselle
kasvatus	kasvatukseksi
kasvatus	kasvatuksessa
kasvatus	kasvatus
kasvatuslinja	kasvatuslinjaan
kasvi	kasveilta
kasvi	kasveineen
kasvi	kasvi
kasvi	kasvit
kasvimaa	kasvimaata
kasvimaailma	kasvimaailmassa
kasvinsyöjä	kasvinsyöjiä
kasvio	kasviolla
kasvis	kasviksia
kasviskeitto	kasviskeitolta
kasvisolu	kasvisolussa
kasvisruoka	kasvisruoan
kasvisruokakilpailu	kasvisruokakilpailun
kasvissyönti	kasvissyöntiä
kasvo	kasvoilla
kasvo	kasvoillaan
kasvo	kasvoille
kasvo	kasvoissakaan
kasvo	kasvoista
kasvo	kasvojaan
kasvo	kasvojen
kasvo	kasvonsa
kasvo	kasvot
kasvokkain	kasvokkain
kasvonpiirre	kasvonpiirteissä
kasvopuoli	kasvopuoli
kasvopyyhe	kasvopyyhkeitä
kasvot	kasvot
kasvotuksin	kasvotuksin
kasvotusten	kasvotusten
kasvu	kasvu
kasvu	kasvua
kasvu	kasvulle
kasvu	kasvun
kasvu	kasvuna
kasvu	kasvusta
kasvualusta	kasvualustana
kasvuennuste	kasvuennusteita
kasvuhormoni	kasvuhormonia
kasvuolosuhteet	kasvuolosuhteissa
kasvupaikka	kasvupaikassa
kasvuprosentti	kasvuprosentti
kasvuvauhti	kasvuvauhti
kat	kat
kata	katan
kataja	katajaa
katajanokka	katajanokalta
katalysaattori	katalysaattoria
katariina	katariina
katastrofaalinen	katastrofaaliseksi
katastrofi	katastrofi
katastrofi	katastrofia
katastrofi	katastrofista
katayama	katayaman
katedraalimainen	katedraalimaisen
kateellinen	kateellinen
kateellinen	kateellisia
kateissa	kateissa
katettu	katettu
kateus	kateusko
kati	kati
kati	katilla
katiska	katiskasta
katja	katja
katja	katjan
katja	katjasta
katkaisija	katkaisijaa
katkaista	katkaisee
katkaista	katkaisen
katkaista	katkaista
katkaista	katkaisten
katkaista	katkaistua
katkaista	katkaistulla
katkaista	katkas
katkarapukasari	katkarapukasari
katkeilu	katkeilu
katkelma	katkelma
katkelma	katkelmassa
katkera	katkeraa
katkera	katkeraksi
katkera	katkeria
katkerasti	katkerasti
katkeruus	katkeruus
katkeruus	katkeruuteni
katketa	katkean
katketa	katkeis
katketa	katkenneita
katketa	katkent
katketa	katkesi
katketa	katketessa
kato	kato
katoava	katoavaa
katolinen	katolisen
katolinen	katoliset
katonraja	katonrajassa
katos	katos
katovuosi	katovuosien
katovuosi	katovuotta
katri	katri
katri	katria
katri	katriin
katri	katrikin
katri	katrin
katri-helena	katri-helenaa
katriina	katriina
katsahtaa	katsahtaakaan
katsaus	katsauksessa
katse	katse
katse	katseeni
katse	katsetta
katse	katsettani
katselija	katselija
katselija	katselijoista
katsella	kahtelemmaan
katsella	kateltu
katsella	katle
katsella	katselee
katsella	katselemaan
katsella	katseli
katsella	katselin
katsella	katselivat
katsella	katsella
katsella	katselleensa
katsella	katselleet
katsella	katsellen
katsella	katsellessaan
katsella	katsellut
katsella	kattelemaan
katsella	kattelen
katsella	kattelin
katsella	kattellaan
katsella	katteltu
katseltava	katseltavaa
katselu	katselulla
katso	kato
katso	katso
katso	katsos
katsoa	kato
katsoa	katohan
katsoa	katoin
katsoa	katon
katsoa	katot
katsoa	katotaan
katsoa	katotaas
katsoa	katottukaa
katsoa	katottuna
katsoa	katso
katsoa	katsoa
katsoa	katsoen
katsoa	katsoessa
katsoa	katsoessani
katsoa	katsoi
katsoa	katsoin
katsoa	katsoisi
katsoa	katsoitko
katsoa	katsoivat
katsoa	katsokaa
katsoa	katsokaakin
katsoa	katsokaapa
katsoa	katsokaas
katsoa	katsomaan
katsoa	katsomalla
katsoa	katsomassa
katsoa	katsomasta
katsoa	katsomatta
katsoa	katsomme
katsoa	katson
katsoa	katsoneet
katsoa	katsonut
katsoa	katsoo
katsoa	katsopas
katsoa	katsot
katsoa	katsota
katsoa	katsotaan
katsoa	katsotaanpa
katsoa	katsotaas
katsoa	katsottaessa
katsoa	katsottavaa
katsoa	katsotte
katsoa	katsottiin
katsoa	katsottu
katsoa	katsottuna
katsoa	katsovat
katsoa	katto
katsoa	kattomaan
katsoa	kattomassa
katsoa	kattonukkaa
katsoa	kattoo
katsoa	kattoon
katsoja	katsoja
katsoja	katsojaa
katsoja	katsojaan
katsoja	katsojallaan
katsoja	katsojan
katsoja	katsojat
katsoja	katsojia
katsoja	katsojien
katsominen	katsominen
katsominen	katsomisemme
katsomo	katsomon
katsomo	katsomoon
katsomo	katsomossa
katsottu	katsotuimman
kattaa	katettu
kattaa	kattamaan
kattaa	kattava
kattaminen	kattamiseksi
kattava	kattava
kattavasti	kattavasti
katti	katti
kattila	kattila
kattila	kattilaan
kattila	kattilan
katto	katoilla
katto	katoilta
katto	katolla
katto	katolle
katto	katolta
katto	katon
katto	katossa
katto	katosta
katto	katot
katto	katto
katto	kattoon
katto-	katto-
kattohaikara	kattohaikara
kattohuoneisto	kattohuoneistosta
kattolamppu	kattolamppu
kattoparru	kattoparrujen
kattorakennelma	kattorakennelmat
kattoteline	kattoteline
katu	kaduilla
katu	kadulla
katu	kadullehan
katu	kadulta
katu	kadun
katu	katu
katu	katua
katu	katuja
katu	katujen
katu	katuuki
katua	katua
katua	katukoot
katua	katumaan
katua	katuu
katukuva	katukuvasta
katukäytävä	katukäytävälle
katukäytävä	katukäytävään
katulapsi	katulapset
katupiirustus	katupiirustus
katurata	katuradalla
katusoittaja	katusoittajan
katutaso	katutasossa
kauaa	kauaa
kauaksi	kauaksi
kauan	kaua
kauan	kauan
kauan	kauankin
kauan	kauanko
kauan	kauvan
kauas	kauas
kauasheijasteinen	kauasheijasteinen
kauemmaksi	kauemmaksi
kauemmas	kauemmas
kauempana	kauempana
kauha	kauhalla
kauha	kauhan
kauha	kauhasta
kauhea	kauhea
kauhea	kauheaa
kauhea	kauhean
kauhea	kauhee
kauhea	kauheen
kauhea	kauheessa
kauhea	kauheeta
kauhea	kauhein
kauhea	kauheinta
kauhea	kauhia
kauheasti	kauheesti
kauheus	kauheutta
kauhistella	kauhistelee
kauhistella	kauhisteli
kauhistella	kauhistella
kauhistua	kauhistuin
kauhistua	kauhistuisivat
kauhistua	kauhistun
kauhistus	kauhistuksen
kauhistus	kauhistus
kauhistuttaa	kauhistuttaa
kauhoa	kauhoi
kauhu	kauhu
kauhu	kauhun
kauhuissaan	kauhuissaan
kauhuissaan	kauhuissani
kaukaa	kaukaa
kaukaa	kaukaakin
kaukainen	kaukainen
kaukainen	kaukaisesta
kaukainen	kaukaisista
kaukajärvi	kaukajärvelle
kaukajärvi	kaukajärvellä
kaukakorpi	kaukakorvessa
kaukalo	kaukalon
kaukalo	kaukalossa
kaukalopallojoukkue	kaukalopallojoukkuetta
kaukana	kaukana
kauko	kauko
kauko	kaukoa
kauko-ohjain	kauko-ohjaimella
kauko-poppis	kauko-poppiksessa
kaukoitä	kaukoidän
kaukoitä	kaukoidässä
kaukoitä	kaukoidästä
kaukokuljetusväylä	kaukokuljetusväylänä
kaukolämpö	kaukolämmöllä
kaukolämpö	kaukolämpö
kaukonäköinen	kaukonäköisimmät
kaukoputki	kaukoputken
kaukosäädin	kaukosäätimen
kaula	kaulaa
kaula	kaulaan
kaula	kaulan
kaula	kaulassa
kaula	kaulassaan
kaulakettinki	kaulakettingin
kaulaosa	kaulaosan
kaulus	kaulukseensa
kaulus	kaulukset
kauna	kaunaa
kauna	kaunasta
kauneudentaju	kauneudentaju
kauneus	kauneuden
kauneus	kauneudesta
kauneus	kauneudestaan
kauneus	kauneus
kauneuslehti	kauneuslehdet
kauniainen	kauniaisissa
kauniainen	kauniaisten
kauniisti	kauniisti
kaunis	kauneimman
kaunis	kauneimmista
kaunis	kauneimpaan
kaunis	kauneimpia
kaunis	kaunein
kaunis	kauneinta
kaunis	kauniiden
kaunis	kauniilla
kaunis	kauniille
kaunis	kauniilta
kaunis	kauniissa
kaunis	kauniista
kaunis	kauniit
kaunis	kauniita
kaunis	kaunis
kaunis	kaunista
kaunispää	kaunispään
kaunistaa	kaunistaa
kaunistus	kaunistus
kaunokirjallinen	kaunokirjallista
kaunokirjallisuus	kaunokirjallisuutta
kaunokirjallisuuspalkinto	kaunokirjallisuuspalkinto
kaunotar	kaunotar
kaunotarpoliisi	kaunotarpoliisi
kaupallinen	kaupallinen
kaupallinen	kaupallisen
kaupallinen	kaupallisilla
kaupallinen	kaupallisista
kaupankäynti	kaupankäyntiin
kaupantekijäinen	kaupantekijäisinä
kaupanteko	kaupantekoon
kaupata	kaupattiin
kaupitella	kaupittelee
kaupittelu	kaupittelu
kauppa	kaupaksi
kauppa	kaupalla
kauppa	kaupan
kauppa	kaupassa
kauppa	kaupasta
kauppa	kaupat
kauppa	kaupoissa
kauppa	kauppa
kauppa	kauppaa
kauppa	kauppaan
kauppa	kauppoihin
kauppa	kauppoja
kauppa-	kauppa-
kauppaboikotti	kauppaboikotin
kauppahinta	kauppahintaa
kauppahuone	kauppahuoneeksi
kauppahuonetoiminta	kauppahuonetoiminnan
kauppala	kauppalassa
kauppalehti	kauppalehden
kauppalehti	kauppalehti
kauppamies	kauppamieheksi
kauppaopisto	kauppaopistoon
kauppapolitiikka	kauppapolitiikan
kauppasumma	kauppasumman
kauppatavara	kauppatavaraa
kauppatavara	kauppatavaran
kauppatiede	kauppatieteen
kauppatori	kauppatorilla
kauppatori	kauppatorilta
kauppias	kauppiaalle
kauppias	kauppiaalta
kauppias	kauppiaan
kauppias	kauppiaat
kauppias	kauppiaiden
kauppias	kauppiaita
kauppias	kauppiastakin
kauppila	kauppilaan
kaupunginhallitus	kaupunginhallituksen
kaupunginhallitus	kaupunginhallitus
kaupunginjohtaja	kaupunginjohtaja
kaupunginjohtaja	kaupunginjohtajaa
kaupunginkirjasto	kaupunginkirjastossa
kaupunginlahti	kaupunginlahteen
kaupunginosa	kaupunginosan
kaupunginosa	kaupunginosasta
kaupunginosalehti	kaupunginosalehtiä
kaupungintalo	kaupungintalon
kaupunginteatteri	kaupunginteatteri
kaupunginteatteri	kaupunginteatterin
kaupunginteatteri	kaupunginteatterissa
kaupunginvaltuusto	kaupunginvaltuustolle
kaupunginvaltuusto	kaupunginvaltuuston
kaupungistua	kaupungistui
kaupunki	kaupungeissa
kaupunki	kaupungeista
kaupunki	kaupungilla
kaupunki	kaupungin
kaupunki	kaupungissa
kaupunki	kaupungista
kaupunki	kaupunkeihin
kaupunki	kaupunki
kaupunki	kaupunkia
kaupunki	kaupunkien
kaupunki	kaupunkiin
kaupunki	kaupunkina
kaupunki-ilma	kaupunki-ilman
kaupunki-nimitys	kaupunki-nimitystä
kaupunkikuva	kaupunkikuva
kaupunkilainen	kaupunkilaisen
kaupunkilainen	kaupunkilaisille
kaupunkiluonto	kaupunkiluonto
kaupunkimaisema	kaupunkimaisemia
kaupunkisuunnittelu	kaupunkisuunnittelusta
kaura	kauraa
kauraleipä	kauraleipä
kauraleipä	kauraleipää
kauranen	kauranen
kaurismäki	kaurismäen
kausi	kaudella
kausi	kaudelle
kausi	kauden
kausi	kaudet
kausi	kausina
kausi	kauteen
kausi	kautena
kausi	kauteni
kausi	kautta
kaustinen	kaustisen
kautta	kautta
kauttaaltaan	kauttaaltaan
kaventua	kaventunut
kaveri	kavereiden
kaveri	kavereidensa
kaveri	kavereilleen
kaveri	kavereiltani
kaveri	kavereita
kaveri	kavereitaan
kaveri	kaveri
kaveri	kaveria
kaveri	kaveril
kaveri	kaverilleen
kaveri	kaverin
kaveri	kaverit
kaveripiiri	kaveripiirille
kaveripiiri	kaveripiirissä
kaverus	kaverukset
kaveta	kapenee
kavio	kavioista
kazakov	kazakovin
kehdata	kehdannut
kehdata	kehdataan
kehdata	kehtaa
kehdata	kehtaakin
kehdata	kehtaan
kehdata	kehtaat
kehdata	kehtaatkin
kehdata	kehtaavat
kehdata	kehtaisi
kehdata	kehtaisikaan
kehitellä	kehitellyt
kehitellä	kehitellä
kehitellä	kehiteltiin
kehitteillä	kehitteillä
kehittyminen	kehittyminen
kehittyminen	kehittymisen
kehittynyt	kehittyneempi
kehittyä	kehittyi
kehittyä	kehittynyt
kehittyä	kehittyvät
kehittyä	kehittyvää
kehittyä	kehittyy
kehittyä	kehittyä
kehittyä	kehity
kehittäminen	kehittäminen
kehittäminen	kehittämiseen
kehittäminen	kehittämiselle
kehittäminen	kehittämisen
kehittäminen	kehittämisestä
kehittäminen	kehittämistä
kehittää	kehitetty
kehittää	kehitettävä
kehittää	kehitetään
kehittää	kehittivät
kehittää	kehittäen
kehittää	kehittämässä
kehittää	kehittämään
kehittää	kehittänyt
kehittää	kehittää
kehittää	kehitämme
kehitys	kehitykseen
kehitys	kehitykselle
kehitys	kehityksen
kehitys	kehityksessä
kehitys	kehityksestä
kehitys	kehitys
kehitys	kehitystä
kehitysalue	kehitysalueen
kehitysaluerahasto	kehitysaluerahasto
kehitysapu	kehitysavun
kehityskulku	kehityskulkuja
kehitysmaa	kehitysmaat
kehitysmaa	kehitysmaiden
kehitysmaa	kehitysmaihin
kehitysmaa	kehitysmaissa
kehitysmaa	kehitysmaista
kehitysmaa	kehitysmaita
kehitysusko	kehitysuskon
kehitysvaihe	kehitysvaiheissaan
kehitysvammainen	kehitysvammaisia
kehitysvammainen	kehitysvammaisille
kehitysvammainen	kehitysvammaisten
kehitysvauhti	kehitysvauhtiin
kehitysyhteistyö	kehitysyhteistyön
kehkeytyä	kehkeytynyt
kehno	kehnolta
kehno	kehnossa
keho	keho
keho	kehon
keho	kehosi
kehottaa	kehotan
kehottaa	kehotetaan
kehottaa	kehotettiin
kehottaa	kehotettu
kehottaa	kehottaessaan
kehottaa	kehotti
kehrätä	kehrättiin
kehto	kehdoksi
kehto	kehdossa
kehto	kehto
kehua	kehua
kehua	kehui
kehua	kehuivat
kehua	kehuttiin
kehua	kehuu
kehua	kehuvat
kehuminen	kehumista
kehuttava	kehuttava
kehä	kehä
kehä	kehänä
keihäs	keihäs
keihäs	keihästä
keihäänhaava	keihäänhaavasta
keihäänheitto	keihäänheiton
keihäänheittäjä	keihäänheittäjää
keijo	keijo
keikka	keikalta
keikka	keikat
keikka	keikka
keikka	keikkaa
keikka	keikkoja
keikka	keikoilla
keikkabändi	keikkabändin
keikkua	keikkuen
keikuttaa	keikuttaa
keikutus	keikutus
keimailu	keimailua
keino	keino
keino	keinoa
keino	keinoilla
keino	keinoin
keino	keinoja
keino	keinojen
keino	keinolla
keino	keinot
keinotekoinen	keinotekoinen
keinotekoinen	keinotekoiselle
keinotekoinen	keinotekoista
keinotekoisuus	keinotekoisuudestaan
keinottelu	keinottelu
keinottelu	keinotteluun
keinu	keinu
keinu	keinun
keinu	keinussa
keinua	keinuva
keisari	keisari
keisari	keisarille
keisari	keisarin
keisarikunta	keisarikuntaa
keisarileikkaus	keisarileikkauksia
keisarillinen	keisarillinen
keitele	keiteleen
keitellä	keiteltiin
keitellä	keittelette
keitin	keittimellä
keitin	keittimessä
keitin	keittimissä
keitos	keitokselta
keittiö	keittiö
keittiö	keittiöihin
keittiö	keittiön
keittiö	keittiönsä
keittiö	keittiössä
keittiö	keittiöstä
keittiö	keittiöön
keittiöjäte	keittiöjätteen
keittiökeksintö	keittiökeksintö
keittiömestari	keittiömestareista
keittiömestari	keittiömestari
keittiötaito	keittiötaidoista
keittiötyö	keittiötyöt
keitto	keiton
keitto	keitto
keitto	keittoa
keitto	keittojen
keitto	keittoon
keittokirja	keittokirja
keittolaatikko	keittolaatikko
keittotaito	keittotaidon
keittäminen	keittämistä
keittää	keitettiin
keittää	keitettyjä
keittää	keitettyä
keittää	keitettäessä
keittää	keitettää
keittää	keitit
keittää	keittämää
keittää	keittämään
keittää	keittäneet
keittää	keittää
keittää	keitä
keituri	keiturin
kekkonen	kekkonen
kekkonen	kekkoselle
kekkonen	kekkosen
kekkonen	kekkosta
kekkos-kritiikki	kekkos-kritiikistä
keko	keko
kekseliäs	kekseliästä
keksi	keksejä
keksi	keksi
keksijä	keksijälle
keksijä	keksijänä
keksiminen	keksimisestä
keksintö	keksinnöin
keksintö	keksinnön
keksintö	keksintö
keksintö	keksintöjä
keksintö	keksintönä
keksiä	keksi
keksiä	keksii
keksiä	keksimä
keksiä	keksimässä
keksiä	keksimään
keksiä	keksin
keksiä	keksineeksi
keksiä	keksinyt
keksiä	keksisin
keksiä	keksittiin
keksiä	keksitty
keksiä	keksityn
keksiä	keksitäkään
keksiä	keksitään
keksiä	keksivät
keksiä	keksiä
kela	kelan
kela	kelasta
kela-kortti	kela-korttinne
kelata	kelaa
kelata	kelattavia
kelautua	kelautuvat
kelhä	kelhän
keli	keli
keliaakikko	keliaakikot
keljuttaa	keljuttaa
kelkanmäki	kelkanmäeltä
kelkka	kelkassa
kelkka	kelkkaan
kelkkailu	kelkkailu
kelkkasafarifirma	kelkkasafarifirma
kellari	kellariin
kellari	kellarissa
kellari	kellarista
kellastua	kellastuvat
kellastuminen	kellastuminen
kellastuminen	kellastumiseen
kellastuminen	kellastumista
kellertävä	kellertäväksi
kello	kello
kello	kelloa
kello	kelloaan
kello	kellojen
kello	kellon
kello	kelloo
kello	kelloon
kello	kellot
kellokas	kellokas
kellonaika	kellonaika
kellonaika	kellonaikaan
kellonaika	kellonaikoina
kellonsoitto	kellonsoittoa
kelloseppä	kellosepäksi
kelpo	kelpo
kelpoisuusvaatimus	kelpoisuusvaatimuksia
kelpuuttaa	kelpuutettu
kelpuuttaa	kelpuuttaa
keltainen	keltainen
keltainen	keltaisella
keltainen	keltaiselle
keltainen	keltaisilta
keltainen	keltaista
keltanokka	keltanokan
keltatauti	keltataudit
keltti	kelteillä
kelvata	kelpaa
kelvata	kelpaamattomia
kelvata	kelpaavan
kelvata	kelpaavia
kelvata	kelpasi
kelvata	kelvanneet
kelvata	kelvannut
kelvata	kelvata
kelvata	kelvatakseen
kelvollinen	kelvollinen
kelvollinen	kelvolliselta
kelvollinen	kelvollista
kemi	kemi
kemi	kemiin
kemia	kemian
kemia	kemiat
kemiallinen	kemiallinen
kemiallinen	kemiallisia
kemiläinen	kemiläinen
kemisti	kemistejä
kemisti	kemisti
keng-	keng-
kenguru	kenguru
kenguru	kengurua
kenguru	kenguruita
kengänkärki	kengänkärjellä
kengännauha	kengännauhat
kenia	kenian
kenkyys	kenkyydestä
kenkä	kengilä
kenkä	kengän
kenkä	kengät
kenkä	kenkiä
kenkä	kenkä
kenkä	kenkänne
kenkä	kenkänsä
kenkä	kenkää
kennedy	kennedyä
kennedy-veljes	kennedy-veljekset
kenossa	kenossa
kenraali	kenraaleja
kenraali	kenraali
kenraali	kenraalien
kenraalska	kenraalska
kensington	kensingtonin
kenties	kenties
kenttä	kenttä
kenttä	kenttänä
kenttä	kenttää
kenttä	kentälle
kenttä	kentällä
kenttä	kentän
kenttä	kentät
kenttäpuolisko	kenttäpuoliskoa
kenttäriippuvainen	kenttäriippuvaisten
keppi	kepillä
keppi	kepin
keppi	keppi
keppi	keppini
keppi	keppinsä
keppi	keppiä
kepu	kepu
kera	kera
keralla	keralla
kerava	keravalla
kerava	keravalle
kerettiläinen	kerettiläinen
keretä	kerenny
keretä	kerkee
kerholainen	kerholaista
keritä	kerinny
keritä	keritti
keritä	keritään
keritä	kerkiää
kerjäläinen	kerjäläinen
kerjäläinen	kerjäläisen
kerjäläinen	kerjäläisiä
kerjätä	kerjätä
kerjätä	kerjäämään
kerma	kermaa
kerma	kermaan
kerma	kerman
kerma	kermassa
kermakastike	kermakastikkeella
kermamaito	kermamaidon
kermanvalkoinen	kermanvalkoiselle
kerrakseen	kerrakseen
kerralla	kerralla
kerrallaan	kerrallaan
kerran	kerran
kerrankin	kerranki
kerrankin	kerrankin
kerrata	kerrataan
kerrata	kerrataanpa
kerrata	kertaa
kerrok-	kerrok-
kerroksittain	kerroksittain
kerros	kerrokseensa
kerros	kerroksen
kerros	kerroksena
kerros	kerroksessa
kerros	kerroksesta
kerros	kerroksina
kerros	kerroksista
kerros	kerros
kerros	kerrosta
kerrostalo	kerrostalo
kerrostalo	kerrostaloihin
kerrostalo	kerrostalojen
kerrostalo	kerrostalon
kerrostaloasunto	kerrostaloasuntojen
kerrostalohuoneisto	kerrostalohuoneisto
kerrostalokaksio	kerrostalokaksio
kerrottava	kerrottavaa
kerskailevasti	kerskailevasti
kerskakuluttaja	kerskakuluttajia
kerstin	kerstin
kerta	kerra
kerta	kerral
kerta	kerralla
kerta	kerran
kerta	kerrankos
kerta	kerrasta
kerta	kerrat
kerta	kerta
kerta	kertaa
kerta	kertaakaan
kerta	kertaan
kerta	kertoja
kertaheitolla	kertaheitolla
kertakaikkiaan	kertakaikkiaan
kertakaikkinen	kertakaikkisen
kertakäyttöisyys	kertakäyttöisyyteen
kertalippu	kertalippu
kertaluku	kertalukua
kertoa	kerro
kertoa	kerroin
kertoa	kerroit
kertoa	kerromme
kertoa	kerron
kertoa	kerronko
kertoa	kerrot
kertoa	kerrota
kertoa	kerrotaan
kertoa	kerrottaisi
kertoa	kerrottako
kertoa	kerrottakoon
kertoa	kerrottaman
kertoa	kerrottane
kertoa	kerrottavaksi
kertoa	kerrottavana
kertoa	kerrottavanaan
kertoa	kerrotte
kertoa	kerrottiin
kertoa	kerrottu
kertoa	kerrotuista
kertoa	kerto
kertoa	kertoa
kertoa	kertoakseen
kertoa	kertoen
kertoa	kertoessa
kertoa	kertoessaan
kertoa	kertoi
kertoa	kertoisi
kertoa	kertoisiko
kertoa	kertoisimme
kertoa	kertoisit
kertoa	kertoivat
kertoa	kertokaa
kertoa	kertoko
kertoa	kertokoon
kertoa	kertoma
kertoa	kertomaan
kertoa	kertone
kertoa	kertoneeksi
kertoa	kertoneessa
kertoa	kertoneet
kertoa	kertonu
kertoa	kertonut
kertoa	kertoo
kertoa	kertovat
kertoilla	kertoili
kertoja	kertoja
kertoja	kertojaan
kertolasku	kertolasku
kertoma	kertoman
kertoma	kertomansa
kertominen	kertomista
kertomus	kertomukseen
kertomus	kertomuksensa
kertomus	kertomuksesi
kertomus	kertomukset
kertomus	kertomuksiin
kertomus	kertomus
kertomus	kertomusten
kertotaulu	kertotaulu
kertyä	kertyi
kertyä	kertymään
kertyä	kertynyt
kertyä	kertyvät
kertyä	kertyy
keräillä	keräile
keräillä	keräillessään
keräillä	keräillä
kerätä	keränneet
kerätä	keräsi
kerätä	keräsivät
kerätä	kerätessään
kerätä	kerätty
kerätä	kerättyjä
kerätä	kerätyistä
kerätä	kerätyt
kerätä	kerätä
kerätä	kerää
kerätä	keräämässä
kerätä	keräämään
kerätä	keräävän
kerätä	keräävät
keräys	keräykseen
keräys	keräyksen
keräys	keräys
kerääntyä	kerääntyy
keskeinen	keskeinen
keskeinen	keskeisemmästä
keskeinen	keskeisen
keskeinen	keskeisessä
keskeinen	keskeisin
keskeinen	keskeistä
keskelle	keskeen
keskelle	keskelle
keskellä	keskellä
keskellä	keskelläkin
keskeltä	keskeltä
kesken	kesken
keskeneräinen	keskeneräisiä
keskenään	keskenään
keskeyttäminen	keskeyttämiseen
keskeyttäminen	keskeyttämisen
keskeyttäminen	keskeyttämisten
keskeyttää	keskeytettiin
keskeyttää	keskeytettyä
keskeyttää	keskeytti
keskeyttää	keskeyttäneestä
keskeyttää	keskeyttänyt
keskeyttää	keskeyttävät
keskeyttää	keskeytä
keskeytys	keskeytyksittä
keski-	keski-
keski-eurooppa	keski-euroopan
keski-eurooppa	keski-euroopassa
keski-eurooppa	keski-euroopasta
keski-ikä	keski-ikään
keski-ikä	keski-iässä
keski-ikäinen	keski-ikäinen
keski-suomi	keski-suomen
keski-suomi	keski-suomessa
keskiaika	keskiajan
keskiaikainen	keskiaikaisten
keskialue	keskialueelle
keskiarvo	keskiarvon
keskiarvo	keskiarvoo
keskiarvo	keskiarvoon
keskiarvo	keskiarvot
keskieurooppalainen	keskieurooppalaisiin
keskieurooppalainen	keskieurooppalaista
keskikaupunki	keskikaupungilla
keskikoulu	keskikoulussa
keskilattia	keskilattialla
keskilattia	keskilattialle
keskiluokka	keskiluokan
keskiluokkainen	keskiluokkaisen
keskiluokkainen	keskiluokkaisille
keskilänsi	keskilännessä
keskimmäinen	keskimmäiseen
keskimmäinen	keskimmäiset
keskimäärin	keskimäärin
keskimääräinen	keskimääräinen
keskimääräinen	keskimääräisen
keskimääräinen	keskimääräistä
keskinen	keskinen
keskinen	keskiseltä
keskinkertainen	keskinkertainen
keskinäinen	keskinäiseen
keskinäinen	keskinäisen
keskinäinen	keskinäisenä
keskinäinen	keskinäisessä
keskiolut	keskioluen
keskiolut	keskiolut
keskiolut	keskiolutta
keskiolutasia	keskiolutasia
keskipiste	keskipiste
keskisormi	keskisormen
keskisuomalainen	keskisuomalaisen
keskisuomalainen	keskisuomalaisina
keskitaso	keskitasoa
keskitie	keskitietä
keskittyminen	keskittymistään
keskittymiskyky	keskittymiskykyä
keskittymisvaikeus	keskittymisvaikeuksia
keskittyä	keskittyi
keskittyä	keskittyneenä
keskittyä	keskittyy
keskittyä	keskittyykö
keskittyä	keskittyä
keskittyä	keskitytään
keskittää	keskitetty
keskittää	keskittävät
keskittää	keskittää
keskivauhti	keskivauhtia
keskiviikko	keskiviikko
keskiviikko	keskiviikkoa
keskiviikko	keskiviikkona
keskiviikkoiltaisin	keskiviikkoiltaisin
keskiviiva	keskiviivaa
keskiyö	keskiyön
keskiyö	keskiyötä
kesko	kesko
keskonen	keskosia
keskonen	keskosista
keskus	keskuksen
keskus	keskuksessa
keskus	keskus
keskus	keskusta
keskus	keskusten
keskushyökkääjä	keskushyökkääjä
keskusjärjestö	keskusjärjestöt
keskusliike	keskusliikkeiden
keskusliitto	keskusliiton
keskuslukitus	keskuslukitus
keskuslukitus	keskuslukitusta
keskusmuisti	keskusmuistiin
keskuspankki	keskuspankissa
keskuspoliisi	keskuspoliisi
keskuspuisto	keskuspuisto
keskusrikospoliisi	keskusrikospoliisi
keskusta	keskusta
keskusta	keskustaa
keskusta	keskustaan
keskusta	keskustalle
keskusta	keskustan
keskusta	keskustassa
keskusta	keskustasta
keskusta	keskustoissa
keskustalainen	keskustalainen
keskustapuolue	keskustapuolueen
keskustavoittoinen	keskustavoittoinen
keskustavoittoinen	keskustavoittoisen
keskusteleleminen	keskusteleleminen
keskustella	keskustele
keskustella	keskustelekaan
keskustella	keskustelevat
keskustella	keskusteli
keskustella	keskustella
keskustella	keskustellaan
keskustella	keskustelluista
keskustella	keskustellut
keskustella	keskusteltiin
keskustella	keskusteltu
keskustelu	keskustelu
keskustelu	keskustelua
keskustelu	keskusteluissa
keskustelu	keskusteluistamme
keskustelu	keskustelujen
keskustelu	keskustelulle
keskustelu	keskustelun
keskustelu	keskustelusta
keskustelu	keskusteluun
keskusteluilmapiiri	keskusteluilmapiirin
keskustelukierros	keskustelukierroksen
keskustelunaihe	keskustelunaihe
keskustelutilaisuus	keskustelutilaisuuden
keskustoimikunta	keskustoimikunnan
keskustori	keskustorilla
keskustori	keskustorille
keskustori	keskustorin
keskusvankila	keskusvankilasta
keskusvirasto	keskusvirasto
keskuudessa	keskuudessa
keskuudessa	keskuudessamme
kestilä	kestilä
kestitys	kestitystä
kesto	kesto
kesto-onni	kesto-onneen
kestoistuja	kestoistujalle
kestävyysjuoksija	kestävyysjuoksija
kestävä	kestävä
kestävä	kestävällä
kestää	kestettäväksi
kestää	kesti
kestää	kestin
kestää	kestä
kestää	kestämätön
kestää	kestän
kestää	kestänyt
kestää	kestäs
kestää	kestävä
kestää	kestävän
kestää	kestää
kestää	kestääkö
kesä	kesiä
kesä	kesä
kesä	kesäksi
kesä	kesällä
kesä	kesälläkinkö
kesä	kesälläkäänkö
kesä	kesän
kesä	kesänä
kesä	kesässä
kesä	kesästä
kesä	kesät
kesä	kesää
kesä	kesään
kesä-	kesä-
kesä-elokuu	kesä-elokuussa
kesäaika	kesäaika
kesäaika	kesäaikaan
kesäasua	kesäasui
kesäasukas	kesäasukkaiden
kesäheila	kesäheilasta
kesähelle	kesähelteellä
kesäilta	kesäilta
kesäinen	kesäisen
kesäinen	kesäisille
kesäisin	kesäisin
kesäkuu	kesäkuulta
kesäkuu	kesäkuun
kesäkuu	kesäkuussa
kesäkuu	kesäkuuta
kesäkuukausi	kesäkuukaudet
kesäloma	kesäloma
kesäloma	kesälomaa
kesäloma	kesälomalla
kesäloma	kesälomalle
kesäloma	kesälomansa
kesälomailla	kesälomaileva
kesälomittaja	kesälomittajana
kesämekko	kesämekko
kesämökki	kesämökillä
kesämökki	kesämökin
kesämökki	kesämökki
kesämökki	kesämökkiin
kesämökkiläinen	kesämökkiläiselle
kesämökkipitäjä	kesämökkipitäjäsi
kesänaapuri	kesänaapuriemme
kesäolympialainen	kesäolympialaisten
kesäparta	kesäparta
kesäparta	kesäpartoineen
kesäpäivä	kesäpäivä
kesätauko	kesätauolle
kesäteatteri	kesäteattereineen
kesäteatteritapahtuma	kesäteatteritapahtuma
kesätyö	kesätöitä
kesätyöllistäminen	kesätyöllistämiseen
kesävaate	kesävaatteissa
kesävaatetus	kesävaatetus
kesävinkki	kesävinkki
kesäyö	kesäyönä
ketju	ketjujen
ketju	ketjut
ketju	ketjuun
ketjukirje	ketjukirje
ketjukirje	ketjukirjeeseen
ketjukuoppa	ketjukuoppaa
ketola	ketola
ketola	ketolan
ketonen	ketonen
ketterä	ketterämpi
kettinki	kettingistä
kettinki	kettinki
kettu	kettu
kettu	ketun
kettujahti	kettujahdeissa
kettumainen	kettumainen
kettunen	kettunen
kettutarhaus	kettutarhauksesta
kettutyttö	kettutytöiltä
ketunpoikanen	ketunpoikasta
keuhko	keuhkoihinsa
keuhko	keuhkoihisi
keuhko	keuhkoista
keuhko	keuhkojeni
keuhko	keuhkonsa
keula	keula
keula	keulaan
keula	keulansa
keulakuva	keulakuvana
keulaköysi	keulaköydestä
keulaportti	keulaportin
keuruu	keuruulla
keventää	keventämättä
keventää	keventämään
keventää	keventää
kevetä	kevenisivät
keveys	keveys
keveä	keveä
keveästi	keveästi
kevyesti	kevyesti
kevyt	kevyeltä
kevyt	kevyen
kevyt	kevyenä
kevyt	kevyet
kevyt	kevyt
kevyt	kevyttä
kevytkerma	kevytkermaan
kevytliikenne	kevyenliikenteen
keväinen	keväisessä
keväisin	keväisin
kevät	kevät
kevät	kevättä
kevät	keväällä
kevät	kevään
kevät	keväänä
kevät	kevääseen
kevät	keväästä
kevätaurinko	kevätaurinko
kevätesikko	kevätesikko
keväthuutokauppa	keväthuutokauppa
kevätjuhla	kevätjuhlaa
kevätkausi	kevätkaudellakin
kevättalvi	kevättalvesta
kevättalvi	kevättalvi
kevättyö	kevättyöt
kg	kg
kg	kg:n
khiikhiitellä	khiikhiitteli
khmer	khmerit
kho	kho:n
kho	kho:ta
kide	kide
kidman	kidman
kidnappaus	kidnappauksensa
kiduttaa	kidutetuksi
kiduttaa	kiduttaa
kiduttaja	kiduttaja
kidutus	kidutus
kidutus	kidutusta
kiehauttaa	kiehauta
kiehauttaa	kiehauttaa
kiehtova	kiehtovaa
kiehua	kiehui
kiekko	kiekko
kiekko	kiekon
kiekko	kiekot
kiekko-espoo	kiekko-espoolla
kiekkoilija	kiekkoilijat
kiekkoilu	kiekkoilulta
kiekkoleijona	kiekkoleijonia
kiekkomaajoukkue	kiekkomaajoukkueessa
kieku	kieku
kiekua	kiekui
kielellinen	kielellinen
kielellinen	kielellisen
kielellinen	kielelliset
kielellinen	kielellistä
kielenhuolto	kielenhuolto
kielenkehitys	kielenkehityksen
kieli	kieleen
kieli	kielelle
kieli	kielellä
kieli	kielen
kieli	kielestä
kieli	kielet
kieli	kieli
kieli	kielien
kieli	kieliltä
kieli	kielistä
kieli	kieliä
kieli	kielten
kieli	kieltä
kieli	kieltäni
kieli	kieltäänkään
kieli-	kieli-
kieliasu	kieliasultaan
kielikuva	kielikuvat
kielimuoto	kielimuotonsa
kielimuuri	kielimuurin
kieliohjelma	kieliohjelmineen
kieliolo	kieliolot
kieliongelma	kieliongelma
kielioppi	kieliopin
kielioppi	kieliopissa
kielioppi	kielioppi
kielioppi	kielioppia
kielisoitin	kielisoitin
kielistudio	kielistudioilla
kielitiede	kielitieteen
kielitieteellinen	kielitieteellistä
kielitoimisto	kielitoimiston
kielletty	kielletyn
kielo	kielon
kielteinen	kielteinen
kielteinen	kielteisen
kielteinen	kielteisten
kielteisesti	kielteisesti
kielto	kielto
kielto	kieltoa
kieltola	kieltolassa
kieltolaki-suomi	kieltolaki-suomessa
kieltäminen	kieltäminen
kieltäminen	kieltämiseksi
kieltävästi	kieltävästi
kieltäytyminen	kieltäytyminen
kieltäytyä	kieltäytyi
kieltäytyä	kieltäytynyt
kieltäytyä	kieltäytyy
kieltäytyä	kieltäytyä
kieltää	kiellettiin
kieltää	kielletty
kieltää	kiellettyjä
kieltää	kiellä
kieltää	kielsi
kieltää	kieltänyt
kieltää	kieltävät
kieltää	kieltää
kiemurrella	kiemurtelee
kiepahtaa	kiepahti
kieppua	kieppuu
kieputtaa	kieputtaa
kierre	kierrettä
kierre	kierteeltään
kierre	kierteeseen
kierrellä	kierrellä
kierrellä	kiertelimme
kierros	kierroksella
kierros	kierrokselle
kierros	kierrokselta
kierros	kierroksen
kierros	kierrosta
kierrosaika	kierrosaikoja
kierrättäjä	kierrättäjinä
kierrättää	kierrätettävien
kierrätys	kierrätykseen
kierrätys	kierrätyksen
kierrätyskulttuuri	kierrätyskulttuuri
kierrätysmerkki	kierrätysmerkki
kiertoajelu	kiertoajelu
kiertokanki	kiertokanget
kiertokirje	kiertokirje
kiertue	kiertue
kiertue	kiertueella
kiertue	kiertueelle
kiertue	kiertueelta
kiertäminen	kiertämisen
kiertää	kierretään
kiertää	kierrä
kiertää	kiersi
kiertää	kierteekkiis
kiertää	kiertäen
kiertää	kiertäessä
kiertää	kiertämään
kiertää	kiertää
kiertää	kiärtämää
kietoa	kietoi
kihara	kihara
kihara	kiharat
kihistä	kihisi
kihla	kihloihin
kihlakuntauudistus	kihlakuntauudistus
kihlata	kihlannut
kihlattu	kihlattu
kihti	kihti
kiihdytellä	kiihdyttelee
kiihdyttää	kiihdyttivät
kiihdyttää	kiihdyttää
kiihkeä	kiihkeä
kiihkeä	kiihkeää
kiihkeästi	kiihkeästi
kiihko	kiihko
kiihottaa	kiihottavaa
kiihottaa	kiihotti
kiihotus	kiihotusta
kiihtyvyys	kiihtyvyys
kiihtyä	kiihdy
kiihtyä	kiihtynyt
kiihtyä	kiihtynyttä
kiihtyä	kiihtyvillä
kiihtyä	kiihtyy
kiihtyä	kiihtyä
kiikari	kiikarilla
kiikari	kiikarin
kiikka	kiikan
kiikoislainen	kiikoislainen
kiilata	kiilasi
kiillottaa	kiillottaa
kiillotuttaa	kiillotuttaa
kiilopää	kiilopää
kiiltokuvamainen	kiiltokuvamaiset
kiiltovaha	kiiltovahaa
kiiltävä	kiiltävine
kiiltävä	kiiltävällä
kiiltää	kiilsivät
kiiltää	kiiltäen
kiiltää	kiiltävinä
kiilua	kiiluvine
kiiluva	kiiluvin
kiima-	kiima-
kiina	kiina
kiina	kiinaa
kiina	kiinaksi
kiina	kiinalla
kiina	kiinan
kiina	kiinassa
kiina	kiinasta
kiinalainen	kiinalaiset
kiinalainen	kiinalaisten
kiinalaisalue	kiinalaisalueilla
kiinalaisnainen	kiinalaisnainen
kiinankaali	kiinankaali
kiinni	kii
kiinni	kiinni
kiinniottoapu	kiinniottoapua
kiinnitellä	kiinnitteli
kiinnittyä	kiinnittynyt
kiinnittäminen	kiinnittämisensä
kiinnittää	kiinnitettiin
kiinnittää	kiinnitetty
kiinnittää	kiinnitettyinä
kiinnittää	kiinnitettynä
kiinnittää	kiinnitettävä
kiinnittää	kiinnitetyiksi
kiinnittää	kiinnitetyssä
kiinnittää	kiinnitetään
kiinnittää	kiinnittämään
kiinnittää	kiinnittävät
kiinnittää	kiinnittää
kiinnostaa	kiinnostaa
kiinnostaa	kiinnostaisi
kiinnostaa	kiinnostanut
kiinnostaa	kiinnostavan
kiinnostaa	kiinnostavat
kiinnostaa	kiinnosti
kiinnostava	kiinnostava
kiinnostava	kiinnostavampaa
kiinnostua	kiinnostui
kiinnostua	kiinnostunut
kiinnostunut	kiinnostuneena
kiinnostunut	kiinnostuneiden
kiinnostunut	kiinnostuneina
kiinnostunut	kiinnostuneita
kiinnostunut	kiinnostunu
kiinnostunut	kiinnostunut
kiinnostunut	kiinnostunutta
kiinnostus	kiinnostuksensa
kiinnostus	kiinnostus
kiinnostus	kiinnostusta
kiinteistö	kiinteistöstä
kiinteistö	kiinteistöt
kiinteistöjohtaja	kiinteistöjohtajan
kiinteistökauppa	kiinteistökaupan
kiinteistökeinottelu	kiinteistökeinottelu
kiinteistöt	kiinteistöjen
kiinteistövero	kiinteistövero
kiinteistövälitysliike	kiinteistövälitysliike
kiinteytyä	kiinteytyi
kiinteä	kiinteä
kiinteä	kiinteän
kiinteä	kiinteää
kiinteästi	kiinteästi
kiintiö	kiintiö
kiintiö	kiintiön
kiintiö	kiintiötä
kiintiö	kiintiöön
kiintiöiminen	kiintiöiminen
kiintiöperiaate	kiintiöperiaatetta
kiintoisa	kiintoisa
kiintoisa	kiintoisaa
kiintoisasti	kiintoisasti
kiintolevy	kiintolevyjen
kiintolevy	kiintolevyn
kiintyä	kiintyy
kiintyä	kiintyä
kiipeillä	kiipeilisiks
kiire	kiire
kiire	kiireemmäksi
kiire	kiireiltään
kiire	kiireistään
kiire	kiirettä
kiireesti	kiireesti
kiirehtijä	kiirehtijöiden
kiirehtiä	kiirehdin
kiirehtiä	kiirehtivät
kiirehtiä	kiirehtiä
kiireinen	kiireinen
kiireinen	kiireisessä
kiireinen	kiireisimmät
kiireinen	kiireistä
kiiriä	kiiriä
kiiruhtaminen	kiiruhtamisen
kiista	kiista
kiista	kiistaa
kiista	kiistaan
kiistaton	kiistatonta
kiistellä	kiistelemässä
kiistellä	kiisteli
kiistellä	kiistellylle
kiistellä	kiistellä
kiistäminen	kiistäminen
kiistää	kiisti
kiistää	kiistämättä
kiistää	kiistävät
kiistää	kiistää
kiitellä	kiitelty
kiitollinen	kiitollinen
kiitollinen	kiitollisena
kiitollinen	kiitollisia
kiitollisuus	kiitollisuus
kiitos	kiitoksen
kiitos	kiitoksenne
kiitos	kiitokset
kiitos	kiitoksia
kiitos	kiitos
kiitos	kiitosta
kiitospäivä	kiitospäiväksi
kiittäminen	kiittäminen
kiittää	kiitin
kiittää	kiitti
kiittää	kiittäkäämme
kiittää	kiittää
kiitää	kiisi
kiitää	kiiti
kiivaasti	kiivaasti
kiivas	kiivaalta
kiivetä	kiipesi
kiivetä	kiipesin
kiivetä	kiipeän
kiivetä	kiipeää
kiivetä	kiivenyt
kiivetä	kiivetä
kikatella	kikatteli
kikattaa	kikattaen
kikka	kikka
kikkailu	kikkailu
kilahdus	kilahdus
kilahtaa	kilahti
kilistä	kilisevät
kilisyttää	kilisytti
kiljahtaa	kiljahti
kiljua	kiljua
kiljua	kiljuen
kiljua	kiljui
kiljua	kiljuivat
kiljuhanhi	kiljuhanhien
kilo	kilo
kilo	kiloa
kilo	kiloja
kilo	kilon
kilo	kiloo
kilo	kilotkin
kilohinta	kilohinta
kilometri	kilometrejä
kilometri	kilometri
kilometri	kilometrien
kilometri	kilometrii
kilometri	kilometrillä
kilometri	kilometrin
kilometri	kilometrit
kilometri	kilometriä
kilovoltti	kilovoltin
kilpa	kilpaakin
kilpa	kilvan
kilpa-autoilu	kilpa-autoilulla
kilpa-autokuski	kilpa-autokuski
kilpahiihtäjä	kilpahiihtäjiä
kilpailija	kilpailija
kilpailija	kilpailijaa
kilpailija	kilpailijoista
kilpailija	kilpailijoitaan
kilpailijamaa	kilpailijamaissa
kilpailla	kilpailee
kilpailla	kilpailemaan
kilpailla	kilpaileva
kilpailla	kilpaili
kilpailla	kilpailla
kilpailla	kilpailtiin
kilpailla	kilpailtu
kilpailu	kilpailu
kilpailu	kilpailua
kilpailu	kilpailuako
kilpailu	kilpailuihin
kilpailu	kilpailuista
kilpailu	kilpailuita
kilpailu	kilpailuja
kilpailu	kilpailulle
kilpailu	kilpailun
kilpailu	kilpailunsa
kilpailu	kilpailussa
kilpailu	kilpailusta
kilpailu	kilpailuun
kilpailufiilis	kilpailufiilistä
kilpailukielto	kilpailukielto
kilpailukielto	kilpailukieltoaan
kilpailukokemus	kilpailukokemuksen
kilpailukykyinen	kilpailukykyinen
kilpailukykyinen	kilpailukykyiseksi
kilpailukykyinen	kilpailukykyisiksi
kilpailulaji	kilpailulajin
kilpailuneuvosto	kilpailuneuvosto
kilpailupäivä	kilpailupäivän
kilpailutilanne	kilpailutilanne
kilpailuvirasto	kilpailuviraston
kilpalatu	kilpaladuilla
kilpasille	kilpasille
kilpi	kilpien
kilpikonnapunkkilaji	kilpikonnapunkkilajia
kilpirauhaskoe	kilpirauhaskoe
kilta	kiltan
kiltisti	kiltisti
kiltti	kiltit
kiltti	kilttejä
kiltti	kiltti
kiltti	kilttikin
kim	kim
kim	kimin
kimaltelija	kimaltelija
kimittää	kimittävä
kimma	kimmat
kimmastua	kimmastuivat
kimmeltävähampainen	kimmeltävähampaisella
kimmo	kimmo
kimmo	kimmon
kimmoke	kimmokkeeksi
kimmoke	kimmokkeen
kimppu	kimppuun
kimppu	kimppuunsa
kimppuun	kimppuun
kimpsu	kimpsuineen
kimpussa	kimpussa
kimurantti	kimuranttia
kinastella	kinasteltiin
kinata	kinas
kingi	kingi
kinkku	kinkku
kinkku	kinkkujen
kinkku	kinkusta
kinkkuviipale	kinkkuviipaleet
kinnock	kinnockin
kinnunen	kinnunen
kino-helo	kino-helon
kinos	kinoksessa
kintereillä	kintereillä
kinuskikakku	kinuskikakku
kioski	kioskilta
kioski	kioskin
kioski	kioskista
kiova	kiovassa
kipakka	kipakka
kiperä	kiperä
kipeä	kipee
kipeä	kipeenä
kipeä	kipeä
kipeä	kipeäksi
kipeä	kipeän
kipeä	kipeänä
kipeä	kipeää
kipinä	kipinästä
kipinä	kipinöitä
kipittää	kipitti
kipparitakki	kipparitakit
kippo	kippo
kippo	kippokin
kippurainen	kippuraista
kipsi	kipsi
kipsi	kipsin
kiptanui	kiptanuin
kipu	kipu
kipu	kipua
kipu	kipuja
kipu	kipukin
kipu	kivusta
kireä	kireä
kireä	kireänä
kireä	kireää
kiristys	kiristys
kiristyä	kiristynyt
kiristyä	kiristyttyä
kiristyä	kiristyvää
kiristyä	kiristyy
kiristäjä	kiristäjäksi
kiristäminen	kiristämistä
kiristää	kiristä
kiristää	kiristäen
kiristää	kiristämättä
kiristää	kiristän
kiristää	kiristävät
kiristää	kiristää
kirja	kirja
kirja	kirjaa
kirja	kirjaan
kirja	kirjamme
kirja	kirjan
kirja	kirjani
kirja	kirjansa
kirja	kirjassa
kirja	kirjassaan
kirja	kirjasta
kirja	kirjat
kirja	kirjoihin
kirja	kirjoilla
kirja	kirjoina
kirja	kirjoja
kirja	kirjojen
kirjaamo	kirjaamoon
kirjaamo	kirjaamosta
kirjahylly	kirjahylly
kirjailija	kirjailija
kirjailija	kirjailijalla
kirjailija	kirjailijan
kirjailija	kirjailijana
kirjailija	kirjailijoiden
kirjailija	kirjailijoita
kirjailija-toimittaja	kirjailija-toimittaja
kirjailijakokous	kirjailijakokoukseen
kirjaimellisesti	kirjaimellisesti
kirjain	kirjaimet
kirjakauppa	kirjakaupan
kirjakauppa	kirjakaupasta
kirjakauppa	kirjakaupoissa
kirjakauppa	kirjakauppojen
kirjakerho	kirjakerhojen
kirjakieli	kirjakielestä
kirjallinen	kirjallinen
kirjallinen	kirjallisen
kirjallinen	kirjallisena
kirjallinen	kirjalliset
kirjallisesti	kirjallisesti
kirjallisuudentutkimus	kirjallisuudentutkimusta
kirjallisuus	kirjallisuuden
kirjallisuus	kirjallisuudessa
kirjallisuus	kirjallisuuksista
kirjallisuus	kirjallisuus
kirjallisuus	kirjallisuutta
kirjallisuuspiiri	kirjallisuuspiireihin
kirjallisuuspolitiikka	kirjallisuuspolitiikan
kirjamarkkina	kirjamarkkinoille
kirjamyynti	kirjamyynti
kirjanpito	kirjanpito
kirjanpitäjä	kirjanpitäjäksi
kirjapaino	kirjapainossa
kirjasto	kirjasto
kirjasto	kirjastoa
kirjasto	kirjastoissa
kirjasto	kirjastolle
kirjasto	kirjaston
kirjasto	kirjastoon
kirjasto	kirjastoonsa
kirjasto	kirjastossa
kirjasto	kirjastosta
kirjastonhoitaja	kirjastonhoitajasta
kirjata	kirjasi
kirjata	kirjataan
kirjatilanne	kirjatilanteen
kirjaton	kirjattoman
kirjava	kirjava
kirjava	kirjavin
kirje	kirje
kirje	kirjee
kirje	kirjeellä
kirje	kirjeen
kirje	kirjeeni
kirje	kirjeet
kirje	kirjeiden
kirje	kirjeistä
kirje	kirjeitä
kirje	kirjettä
kirjekuori	kirjekuoren
kirjekuori	kirjekuoressa
kirjelmä	kirjelmä
kirjelmä	kirjelmän
kirjo	kirjosta
kirjoitella	kirjoittele
kirjoitella	kirjotellu
kirjoittaa	kirjoita
kirjoittaa	kirjoitettu
kirjoittaa	kirjoitettua
kirjoittaa	kirjoitettujen
kirjoittaa	kirjoitettukaan
kirjoittaa	kirjoitimme
kirjoittaa	kirjoitin
kirjoittaa	kirjoittaa
kirjoittaa	kirjoittaessani
kirjoittaa	kirjoittaisin
kirjoittaa	kirjoittaisitte
kirjoittaa	kirjoittamaan
kirjoittaa	kirjoittamaani
kirjoittaa	kirjoittamassa
kirjoittaa	kirjoittamassaan
kirjoittaa	kirjoittamasta
kirjoittaa	kirjoittamastaan
kirjoittaa	kirjoittaneensa
kirjoittaa	kirjoittaneet
kirjoittaa	kirjoittanut
kirjoittaa	kirjoittavansa
kirjoittaa	kirjoitti
kirjoittaa	kirjoittiko
kirjoittaa	kirjotan
kirjoittaa	kirjotettaa
kirjoittaa	kirjotettu
kirjoittaa	kirjotin
kirjoittaa	kirjottaa
kirjoittaa	kirjottakoon
kirjoittaa	kirjottamassa
kirjoittaa	kirjotti
kirjoittaja	kirjoittaja
kirjoittaja	kirjoittajamme
kirjoittaja	kirjoittajan
kirjoittaja	kirjoittajien
kirjoittaminen	kirjoittaminen
kirjoittaminen	kirjoittamiseen
kirjoittaminen	kirjoittamisesta
kirjoittaminen	kirjoittamista
kirjoitus	kirjoituksellani
kirjoitus	kirjoituksen
kirjoitus	kirjoituksessaan
kirjoitus	kirjoitukset
kirjoitus	kirjoituksia
kirjoitus	kirjoitus
kirjoitus	kirjoitustani
kirjoitus-	kirjoitus-
kirjoituskone	kirjoituskoneensa
kirjoituskone	kirjoituskonetta
kirjoituspöytä	kirjoituspöytänsä
kirjoitusvirhe	kirjoitusvirheineen
kirjoituttaa	kirjoituttamaan
kirjolohi	kirjolohen
kirjolohi	kirjolohta
kirjolohilaitos	kirjolohilaitoksista
kirjuri	kirjuri
kirkas	kirkas
kirkas	kirkasta
kirkas	kirkkaalle
kirkas	kirkkaampia
kirkas	kirkkaimmassa
kirkas	kirkkain
kirkas	kirkkaisiin
kirkastua	kirkastuneista
kirkastua	kirkastuvat
kirkkaus	kirkkaudelta
kirkko	kirkko
kirkko	kirkkoa
kirkko	kirkkoihin
kirkko	kirkkoon
kirkko	kirkoista
kirkko	kirkolla
kirkko	kirkon
kirkko	kirkossa
kirkko	kirkossakaan
kirkko	kirkot
kirkkoherra	kirkkoherraa
kirkkoherra	kirkkoherraksi
kirkkohää	kirkkohäät
kirkkokatu	kirkkokatua
kirkkokonsertti	kirkkokonsertin
kirkkonummi	kirkkonummella
kirkkonummi	kirkkonummelle
kirkkopuistikko	kirkkopuistikko
kirkkopuistikko	kirkkopuistikolla
kirkkorakennus	kirkkorakennuksia
kirkkosali	kirkkosaliin
kirkonkylä	kirkonkylällä
kirkonkylä	kirkonkylään
kirkonkävijä	kirkonkävijöitä
kirkonpenkki	kirkonpenkillä
kirkua	kirkuvat
kirnu	kirnussa
kirnu	kirnusta
kiroilla	kiroile
kiroilla	kiroilemaan
kiroilla	kiroilemalla
kiroilla	kiroili
kiroilla	kiroilla
kiroilla	kiroillen
kirosana	kirosanat
kirosana	kirosanoja
kirota	kiroavat
kirota	kirosin
kirottu	kirottu
kirottu	kirotun
kirous	kirouksen
kirous	kirous
kirpaista	kirpaisi
kirpakka	kirpakkaat
kirpeä	kirpeitä
kirpeä	kirpeä
kirppis	kirppiksissä
kirppu	kirppu
kirpputori	kirpputori
kirsi	kirsi
kirsi	kirsikin
kirsi	kirsin
kirsi	kirsiä
kirsikankokoinen	kirsikankokoisiksi
kirsti	kirsti
kirurgia	kirurgian
kirvellä	kirveli
kirvesmies	kirvesmies
kirvesniemi	kirvesniemen
kirvesniemi	kirvesniemi
kisa	kisa
kisa	kisaa
kisa	kisaan
kisa	kisan
kisa	kisat
kisa	kisoihin
kisa	kisoissa
kisa	kisoista
kisa	kisoja
kisapaikka	kisapaikkojen
kisastudio	kisastudion
kisaturisti	kisaturistia
kiskaista	kiskaisin
kiskoa	kiskoi
kiskoa	kiskoin
kiskoa	kiskonut
kiskoa	kiskoo
kiskoa	kiskottiin
kismittää	kismittää
kiss	kiss
kissa	kissa
kissa	kissaa
kissa	kissalla
kissa	kissan
kissa	kissani
kissa	kissasta
kissa	kissat
kissa	kissoja
kissa	kissojen
kissamerkkisarja	kissamerkkisarja
kissankello	kissankelloihin
kissanmakkara	kissanmakkaroita
kissannaukujaiset	kissannaukujaisia
kissanpentu	kissanpentuja
kita	kita
kitaisa	kitaisa
kitara	kitaraa
kitara	kitaralla
kitara	kitaran
kitee	kitee
kiteytyä	kiteytyy
kitistä	kitise
kitkentä	kitkennässä
kitkerästi	kitkerästi
kitkeä	kitkemään
kitkeä	kitkettäviksi
kitsch	kitschiksi
kitua	kitumaan
kiuas	kiukaan
kiuas	kiukaisiin
kiuasartikkeli	kiuasartikkeliinne
kiukustua	kiukustui
kiukutella	kiukuttele
kiukutella	kiukuttelemaan
kiukuttaa	kiukutti
kiuru	kiuru
kiuruvetinen	kiuruvetiset
kiusa	kiusakseni
kiusa	kiusana
kiusaaja	kiusaajiinkaan
kiusallinen	kiusallinen
kiusallinen	kiusallisen
kiusallinen	kiusallisia
kiusallinen	kiusallista
kiusata	kiusaa
kiusata	kiusaat
kiusata	kiusaavat
kiusata	kiusanneet
kiusata	kiusannut
kiusata	kiusataksesi
kiusata	kiusatko
kiusata	kiusattiin
kiusata	kiusattu
kiusata	kiusattuihin
kiusaus	kiusaus
kiusaus	kiusausta
kiva	kiva
kiva	kivaa
kiva	kivan
kiva	kivat
kiva	kivemmalta
kiva	kivoja
kivekäs	kivekkäällä
kivennäisvesi	kivennäisvedet
kives	kives
kivettyä	kivettyneet
kivetä	kipeni
kivi	kiveen
kivi	kiven
kivi	kivestä
kivi	kivestäkö
kivi	kivet
kivi	kiveä
kivi	kivi
kivi	kiviin
kivi	kiville
kivi	kiviä
kivi-juhla	kivi-juhlat
kivihalli	kivihallin
kivijalka	kivijalasta
kivikala	kivikala
kivikasa	kivikasoja
kivikasvo	kivikasvoille
kivikasvoinen	kivikasvoisena
kivikausi	kivikaudella
kivikkoryhmä	kivikkoryhmiin
kivikova	kivikova
kivikuume	kivikuume
kivikäs	kivikkään
kivilinna	kivilinnojen
kivimuuri	kivimuuria
kivinen	kivisillä
kivinen	kivistä
kiviniemi	kiviniemen
kivipiira	kivipiira
kivireki	kivirekeä
kivisaari	kivisaari
kivistö	kivistön
kivitalo	kivitalossa
kivittää	kivitti
kivityö	kivitöitä
kivivuori	kivivuori
kivulias	kivuliain
kivuta	kipuavan
kivuta	kipusi
kivuttomasti	kivuttomasti
kivääri	kivääri
kivääri	kiväärin
kivääri	kivääriä
kk	kk
klaarata	klaaraamaan
klaffipöytä	klaffipöydän
klamydia	klamydia
klassikko	klassikko
klassikko	klassikoita
klassikko	klassikon
klassikko	klassikot
klassikkoteksti	klassikkoteksti
klassinen	klassisen
klassinen	klassisessa
klassinen	klassisista
klassinen	klassista
klaukkala	klaukkalassa
klaus	klaus
klemetti	klemetin
klemetti-kuorokilpailu	klemetti-kuorokilpailusta
klenberg	klenbergin
kliininen	kliinisiä
klik	klik
klikata	klikkaa
klinga	klinga
klinge	klinge
klinikka	klinikalle
klisee	kliseitä
klo	klo
klompsuttaa	klompsuttaen
kloorifenolijäämä	kloorifenolijäämiä
klubi	klubi
klubi	klubilla
km	km:n
km/h	km/h
knin	kninin
knin	kninistä
know-how	know-how
ko	ko
ko.	ko.
koch	koch
kocinski	kocinskin
kodikkuus	kodikkuudeksi
kodinhoitaja	kodinhoitaja
kodinkone	kodinkoneen
kodinkone	kodinkoneita
koditon	koditon
koe	koe
koe	kokeesta
koe	kokeet
koe	kokeisiin
koeajaa	koeajamaan
koeajaa	koeajettu
koekatos	koekatokset
koetella	koeteltiin
koetella	koettelee
koetella	koetteli
koettaa	koeta
koettaa	koetan
koettaa	koetettu
koettaa	koettanu
koettaa	koettanut
koettaa	koetti
koetus	koetukseen
koetus	koetukselle
koetusaika	koetusajalla
kofeiinipitoinen	kofeiinipitoisia
kohdalla	kohdalla
kohdalla	kohdallani
kohdalle	kohdalle
kohdalta	kohdalta
kohdalta	kohdaltaan
kohdata	kohdannut
kohdata	kohdata
kohdata	kohdatessa
kohdata	kohtaa
kohdata	kohtaamaan
kohdata	kohtaamat
kohdata	kohtaavat
kohde	kohteeksi
kohde	kohteen
kohde	kohteena
kohde	kohteina
kohde	kohteisiin
kohde	kohteita
kohde	kohteitaan
kohdekieli	kohdekieleen
kohdella	kohdella
kohdella	kohdellaan
kohdella	kohdeltavan
kohdella	kohdeltiin
kohdella	kohdeltu
kohdella	kohtelet
kohden	kohden
kohderyhmä	kohderyhmä
kohdistaa	kohdistavat
kohdistaa	kohdistetaan
kohdistin	kohdistimella
kohdistua	kohdistu
kohdistua	kohdistunee
kohdistua	kohdistunut
kohdistua	kohdistuva
kohennus	kohennusta
kohentaa	kohentaa
kohentaa	kohentamaan
kohentaminen	kohentaminen
kohentua	kohentuu
koheta	kohenemassa
kohina	kohinaa
kohina	kohinat
kohista	kohisten
kohkaus	kohkaus
kohl	kohl
kohmea	kohmeat
koho	koho
kohokohta	kohokohta
kohokohta	kohokohtia
kohokuorinen	kohokuorinen
kohota	kohoaa
kohota	kohoavat
kohota	kohosi
kohottaa	kohotti
kohottavasti	kohottavasti
kohotteleksen	kohotteleksen
kohta	kohdalla
kohta	kohdan
kohta	kohdasta
kohta	kohdin
kohta	kohta
kohta	kohtaa
kohta	kohtaan
kohtaaminen	kohtaaminen
kohtaaminen	kohtaamisesta
kohtaan	kohtaan
kohtalainen	kohtalaisen
kohtalainen	kohtalaisena
kohtalo	kohtalo
kohtalo	kohtaloa
kohtalo	kohtalon
kohtalo	kohtalonsa
kohtalo	kohtalosta
kohtalokas	kohtalokkaaksi
kohtalokas	kohtalokkaana
kohtalokas	kohtalokkaaseen
kohtalotoveri	kohtalotovereittensa
kohtalotoveri	kohtalotoveria
kohtapuoliin	kohtapuoliin
kohtaus	kohtauksen
kohtaus	kohtauksessa
kohtaus	kohtaus
kohtaus	kohtausten
kohtauspaikka	kohtauspaikalle
kohtauspaikka	kohtauspaikassa
kohteliaasti	kohteliaasti
kohteliaisuus	kohteliaisuuden
kohteliaisuus	kohteliaisuuttaan
kohtelias	kohteliaampi
kohtelias	kohtelias
kohtelu	kohtelu
kohti	kohti
kohtu	kohdun
kohtu	kohtu
kohtuuhintainen	kohtuuhintaista
kohtuullinen	kohtuullinen
kohtuullinen	kohtuullisen
kohtuullinen	kohtuulliset
kohtuullinen	kohtuullista
kohtuullisesti	kohtuullisesti
kohtuus	kohtuutta
kohtuuton	kohtuuton
kohtuuton	kohtuutonta
kohtuuton	kohtuuttomat
kohu	kohu
kohu	kohusta
koikkari	koikkarin
koillinen	koillinen
koipi	koipeni
koira	koira
koira	koiraa
koira	koiralle
koira	koiramme
koira	koiran
koira	koirani
koira	koiransa
koira	koirasta
koira	koirat
koira	koiria
koira	koirien
koira	koirille
koira	koirineni
koira	koirista
koiraihminen	koiraihmiset
koirankakka	koirankakat
koirannäköinen	koirannäköinen
koiranpaska	koiranpaskassa
koiranputki	koiranputkiin
koiranpää	koiranpäitä
koirapuisto	koirapuiston
koirapää	koirapää
koirarotu	koirarotua
koirasafariyritys	koirasafariyritys
koirasukupolvi	koirasukupolvea
koisia	koisimaan
koistinen	koistinen
koitos	koitoksessa
koittaa	koitan
koittaa	koittaa
koittaa	koittivat
koitua	koitui
koitua	koitunee
koivisto	koivisto
koivisto	koivistoa
koivisto	koivistolla
koivisto	koiviston
koivu	koivu
koivu	koivujenkin
koivu	koivulla
koivu	koivun
koivu	koivut
koivunen	koivunen
koivuniemi	koivuniemelle
koivuniemi	koivuniemen
koivusalo	koivusalo
koivuselkä	koivuselästä
kojo	kojo
kojola	kojola
koju	koju
koju	kojun
kok	kok
kokea	koe
kokea	koetaan
kokea	koettavaa
kokea	koettavissa
kokea	koettiin
kokea	koettu
kokea	kokea
kokea	kokee
kokea	kokemaan
kokea	kokemaani
kokea	kokeneet
kokea	kokeneetkaan
kokea	kokenut
kokea	kokenutta
kokea	kokevan
kokea	kokevat
kokea	koki
kokea	kokisi
kokea	kokivat
kokeileva	kokeileva
kokeilija	kokeilijoiden
kokeilla	kokeilee
kokeilla	kokeilemaan
kokeilla	kokeileva
kokeilla	kokeili
kokeilla	kokeilin
kokeilla	kokeilisikohan
kokeilla	kokeilkaapa
kokeilla	kokeilla
kokeilla	kokeillakseen
kokeilla	kokeillut
kokeilla	kokeiltavana
kokeilu	kokeilu
kokeilu	kokeilua
kokeilu	kokeilun
kokelas	kokelaat
kokelas	kokelasta
kokematon	kokematon
kokematon	kokemattomalle
kokematon	kokemattoman
kokematon	kokemattomat
kokematon	kokemattomiin
kokemattomuus	kokemattomuus
kokeminen	kokemiseen
kokeminen	kokemiseksi
kokeminen	kokemisesta
kokemuksellinen	kokemuksellisessa
kokemus	kokemukseen
kokemus	kokemuksella
kokemus	kokemuksen
kokemus	kokemukseni
kokemus	kokemuksesta
kokemus	kokemuksestasi
kokemus	kokemukset
kokemus	kokemuksia
kokemus	kokemuksista
kokemus	kokemuksistamme
kokemus	kokemus
kokemus	kokemusta
kokemus	kokemusten
kokemusvarasto	kokemusvarastooni
kokenut	kokeneempana
kokenut	kokeneen
kokenut	kokeneet
kokenut	kokenein
kokija	kokijan
kokka	kokasta
kokki	kokin
kokki	kokkeina
kokki	kokki
kokki	kokkien
kokkihattu	kokkihattu
kokkola	kokkolaan
kokkola	kokkolassa
koko	koko
koko	kokoa
koko	kokonsa
koko	koolle
koko	kooltaan
koko	koon
kokoaminen	kokoamista
kokoelma	kokoelma
kokoelma	kokoelman
kokoelma	kokoelmansa
kokoinen	kokoinen
kokoinen	kokoiseksi
kokoinen	kokoisella
kokoinen	kokoiselle
kokoinen	kokoiseni
kokoinen	kokoisessa
kokoinen	kokoisia
kokoinen	kokoisista
kokoinen	kokoista
kokolihapala	kokolihapalat
kokoluokka	kokoluokan
kokoluokka	kokoluokassa
kokonaan	kokonaan
kokonainen	kokonainen
kokonainen	kokonaiselta
kokonainen	kokonaisemmaksi
kokonainen	kokonaisen
kokonainen	kokonaisessa
kokonainen	kokonaisia
kokonainen	kokonaisiin
kokonaiskapasiteetti	kokonaiskapasiteetista
kokonaiskapasiteetti	kokonaiskapasiteetti
kokonaislipputulo	kokonaislipputuloillaan
kokonaismeno	kokonaismenoista
kokonaismyynti	kokonaismyyntiä
kokonaisratkaisu	kokonaisratkaisun
kokonaisratkaisu	kokonaisratkaisussa
kokonaissisältö	kokonaissisältöä
kokonaissumma	kokonaissummasta
kokonaisuudessaan	kokonaisuudessaan
kokonaisuudistus	kokonaisuudistuksesta
kokonaisuudistus	kokonaisuudistus
kokonaisuus	kokonaisuuteen
kokoomaohjelma	kokoomaohjelmaa
kokoomateos	kokoomateosten
kokoomus	kokoomuksen
kokoomus	kokoomus
kokoomus	kokoomusta
kokoomusedustaja	kokoomusedustajaa
kokoon	kokoon
kokoonpano	kokoonpanoltaan
kokoontua	kokoonnuimme
kokoontua	kokoontua
kokoontua	kokoontuivat
kokoontua	kokoontumaan
kokoontua	kokoontunut
kokoontua	kokoontuu
kokoontua	kokoontuvat
kokoperuna	kokoperunoilla
kokos-tehdas	kokos-tehtaan
kokous	kokoukseen
kokous	kokoukselle
kokous	kokouksen
kokous	kokouksessa
kokous	kokouksesta
kokous	kokouksia
kokous	kokouksissa
kokous	kokous
kokous	kokousta
kokousmatka	kokousmatkan
kokouspalkkio	kokouspalkkio
kokouspäivä	kokouspäivä
kolahtaa	kolahti
kolakka	kolakka
kolari	kolari
kolari	kolaria
kolari	kolarista
kolaus	kolaus
kolbe	kolbe
kolea	koleaa
kolehmainen	kolehmaisen
kolesteroli	kolesterolia
kolesterolipitoisuus	kolesterolipitoisuudet
koleus	koleudessa
kolhia	kolhi
kolhiintua	kolhiintui
kolhiintua	kolhiintuivat
kolhiutua	kolhiutunut
kolhoosi	kolhoosi
kolhu	kolhuitta
kolibri	kolibri
koliikkivauva	koliikkivauva
kolikko	kolikoita
kolina	kolina
kolina	kolinaa
kolivaara	kolivaaran
koljonen	koljonen
kolkko	kolkkoa
kollaanjoki	kollaanjoella
kollaasi	kollaasit
kolleega	kolleega
kollega	kollegalleni
kollega	kollegansa
kollega	kollegoihinsa
kollega	kollegoilleen
kollegio	kollegio
kollektivisointi	kollektivisointi
kollottava	kollottavaan
kolmannes	kolmanneksellakin
kolmannes	kolmanneksen
kolmannes	kolmannes
kolmannes	kolmannesta
kolmas	kolmanneksi
kolmas	kolmannella
kolmas	kolmannen
kolmas	kolmannenkin
kolmas	kolmannessa
kolmas	kolmannesta
kolmas	kolmantena
kolmas	kolmas
kolmas	kolmatta
kolmaskymmenes	kolmaskyt
kolmaskymmenes	kolmattakymmentäkin
kolmaskymmenesensimmäinen	kolmaskymmenesensimmäinen
kolmasosa	kolmasosaa
kolmattasataa	kolmattasattaa
kolme	kolme
kolme	kolmea
kolme	kolmee
kolme	kolmeen
kolme	kolmella
kolme	kolmelta
kolme	kolmen
kolme	kolmenkin
kolme	kolmessa
kolme	kolmesta
kolme	kolmin
kolme	kolmine
kolmekymmentä	kolkyt
kolmekymmentä	kolmekymmentä
kolmekymmentä	kolmenkymmenen
kolmekymmentä	kolmissakymmenissä
kolmekymmentä	kolomeenkymmeneen
kolmekymmentäluku	kolmekymmentäluvulta
kolmekymppinen	kolmekymppisillä
kolmekymppinen	kolmekymppisistä
kolmekymppiä	kolmenkympin
kolmenkinlainen	kolmenkinlaisia
kolmenlainen	kolmenlaisia
kolmesataa	kolmeasataa
kolmesataa	kolmesataa
kolmesti	kolmesti
kolmikko	kolmikko
kolmikko	kolmikosta
kolmilapainen	kolmilapainen
kolmiloikka	kolmiloikassa
kolmiloikkaaja	kolmiloikkaaja
kolmiloikkaaja	kolmiloikkaajan
kolmimastoinen	kolmimastoinen
kolminkertainen	kolminkertainen
kolmio	kolmion
kolmio	kolmiot
kolmiotaiteilija	kolmiotaiteilija
kolmisen	kolmisen
kolmisensataa	kolmisensataa
kolmisentuhatta	kolmisentuhatta
kolmistaan	kolmistaan
kolmitahoinen	kolmitahoista
kolmonen	kolmoselta
kolmonen	kolmosestaan
kolmos-	kolmos-
kolmostie	kolmostien
kolo	kolossa
kolo	kolosta
kolonen	kolosesta
kolottaa	kolottaa
koltta	kolttien
koluaminen	koluamisen
kolumbia	kolumbian
kolumbia	kolumbiassa
kolumni	kolumnia
kolumni	kolumnissa
kolumni	kolumnissaan
kolumnisti	kolumnisti
koluta	koluaa
koluta	koluta
kombo	kombo
komea	komea
komea	komeaan
komea	komeaksi
komea	komean
komea	komeat
komeasti	komeasti
komedia	komedia
komedia	komediaa
komeiluväline	komeiluväline
komennella	komennella
komentaa	komensit
komentaja	komentaja
komentaja	komentajan
komenteleva	komentelevasta
komero	komero
komero	komeron
komero	komeroon
komero	komerossa
komero	komerosta
komiikka	komiikan
komiikka	komiikka
komisario	komisario
komissio	komissio
komissio	komissioita
komissio	komission
komistus	komistus
komitea	komitea
komitea	komitean
komitea	komiteassa
kommentaattori	kommentaattorin
kommentoida	kommentoi
kommentoida	kommentoida
kommentoida	kommentoimaan
kommentoida	kommentoimasta
kommentoida	kommentoisin
kommentti	kommentteja
kommentti	kommenttejanne
kommentti	kommentti
kommentti	kommenttia
kommentti	kommenttien
kommunikaatio	kommunikaatio
kommunikaatio	kommunikaatiota
kommunikoida	kommunikoimaan
kommunikointi	kommunikointiin
kommunismi	kommunismista
kommunisti	kommunistien
kommunisti	kommunistina
kommunisti	kommunistit
kommunistijohtaja	kommunistijohtajan
kommunistijohtaja	kommunistijohtajana
kommunistimaa	kommunistimaista
kommunistinen	kommunistinen
komorit	komoreille
kompassi	kompassi
kompassi	kompassia
kompastella	kompastelee
kompastella	kompastelen
kompastuskivi	kompastuskiveksi
komposti	kompostiin
kompostointi	kompostointiin
kompostointitarve	kompostointitarve
komppania	komppania
komppania	komppanian
kompromissi	kompromissi
kompuroida	kompuroi
kompuroida	kompuroidessa
komulainen	komulainen
kondenssireikä	kondenssireikien
kondis	kondiksessa
kondomi	kondomien
kone	kone
kone	koneella
kone	koneelle
kone	koneeltaan
kone	koneen
kone	koneensa
kone	koneessa
kone	koneesta
kone	koneiden
kone	koneille
kone	koneisiin
kone	koneissa
kone	koneita
kone	konetta
koneellinen	koneellinen
koneisto	koneisto
konepajakoulu	konepajakoulussa
konepäivä	konepäivät
konesali	konesalissa
konetyyppi	konetyyppiin
konferenssi	konferenssi
konflikti	konfliktien
kongressi	kongressi
kongressi	kongressille
kongressi	kongressissa
kongressikaupunki	kongressikaupunki
kongressipuolue	kongressipuolue
konjakki	konjakki
konkari	konkari
konkreettinen	konkreettisen
konkreettinen	konkreettisten
konkurssi	konkurssiin
konkurssi	konkurssin
konkurssipesä	konkurssipesän
konna	konnia
konnunsuo	konnunsuon
konnuus	konnuudesta
konnuus	konnuuksiin
kononen	konoselle
kononen	konosen
konsanaan	konsanaan
konsensus-suomi	konsensus-suomen
konserni	konsernin
konsertti	konsertin
konsertti	konsertista
konsertti	konsertit
konsertti	konsertteihin
konsertti	konsertteja
konsertti	konsertti
konserttiesitys	konserttiesitykset
konserttimatka	konserttimatkalle
konserttisarja	konserttisarja
konsertto	konsertto
konsertto	konserttoa
konservatiivinen	konservatiivinen
konservatiivinen	konservatiivista
konsonantti	konsonanttia
konstaapeli	konstaapeli
konstaapeli	konstaapelista
konsti	konsti
konsti	konstit
konsulaatti	konsulaatissa
konsultti	konsulteiksi
kontakti	kontakteihin
kontakti	kontakteja
kontakti	kontaktia
kontakti	kontaktit
kontrahti	kontrahtien
kontratenori	kontratenorit
kontrolli	kontrolli
kontrolli	kontrollin
kontti	kontti
konttori	konttori
konttori	konttorin
konttori	konttorissa
konttorituoli	konttorituoli
kontturi	kontturin
konvehti	konvehteja
koo	koo
koodi	koodista
kooditus	kooditusten
kookas	kookas
kookas	kookkaasta
kookas	kookkaissa
kookas	kookkaita
kookospallo	kookospalloja
koolla	koolla
koominen	koominen
koominen	koomisilta
koommin	koommin
koordinaatio	koordinaatiot
koossa	koossa
koostaa	koostaa
kooste	koosteina
koostua	koostuen
koostua	koostuu
koostua	koostuva
koota	kokoamaan
koota	kokosi
koota	koonnut
koota	koottavaksi
koota	koottavien
koota	koottiin
koota	koottuja
koovee	kooveen
kop	kop:n
kopata	kopata
kopio	kopio
kopio	kopion
kopio	kopioon
kopio	kopiota
kopioida	kopioitavaksi
kopiointi	kopiointi
kopioituja	kopioitujan
kopiokone	kopiokoneiden
koppi	kopissa
kopteri	kopterin
kopukka	kopukat
koputella	koputtelemaan
koputella	koputteli
koputtaa	koputtaa
koputtaa	koputtaminen
koputtaa	koputti
koputtaa	koputtivat
koputtaminen	koputtamisesta
koputus	koputukset
kõrb	kõrb
kordelin	kordelinin
korea	korea
korea	koreaan
korea	korean
korealainen	korealaiset
korealaismerkki	korealaismerkki
koreografia	koreografia
koreografia	koreografian
korhola	korholan
korhonen	korhonen
kori	koreihin
kori	koriin
kori	korin
kori	korista
korihait	korihait
korillinen	korillinen
korillinen	korillista
korinttolainen	korinttolaisiin
koripallo	koripalloa
koripallofani	koripallofania
koripalloilija	koripalloilija
koripalloilu	koripalloilulle
koripalloilu	koripalloilun
koristaa	koristivat
koristaja	koristajiksikin
koriste	koristeena
koristeellinen	koristeelliseen
koristeellinen	koristeellisia
koristella	koristelluksi
koristella	koristellut
korjaaminen	korjaamiseksi
korjasta	korjasta
korjata	korjaa
korjata	korjaamme
korjata	korjaat
korjata	korjannut
korjata	korjasi
korjata	korjasivat
korjata	korjata
korjata	korjataan
korjata	korjattava
korjata	korjattavissa
korjata	korjattiin
korjata	korjattu
korjaus	korjauksessa
korjaus	korjauksia
korjaus	korjauksista
korjaustyö	korjaustöistä
korkea	korkea
korkea	korkeaa
korkea	korkeaan
korkea	korkeaksi
korkea	korkeammalle
korkea	korkeammalta
korkea	korkeammaltakin
korkea	korkeammat
korkea	korkeampaa
korkea	korkeampi
korkea	korkean
korkea	korkeassa
korkea	korkeat
korkea	korkeimmalle
korkea	korkeimman
korkea	korkeimmasta
korkea	korkein
korkea	korkeissa
korkea	korkeista
korkea	korkeita
korkea-aktiivinen	korkea-aktiiviset
korkea-arvoinen	korkea-arvoisen
korkeakorkoinen	korkeakorkoiset
korkeakoulu	korkeakoulu
korkeakoulu	korkeakoulun
korkeakoulu	korkeakoulussa
korkeakoulu	korkeakoulusta
korkeakoulu	korkeakoulut
korkeakoulu-	korkeakoulu-
korkealla	korkealla
korkealle	korkealle
korkealle	korkeallepa
korkealta	korkealta
korkeapalkkainen	korkeapalkkainen
korkeaselkänojainen	korkeaselkänojainen
korkeasti	korkeasti
korkeatasoinen	korkeatasoiseen
korkeatasoinen	korkeatasoisia
korkeatasoinen	korkeatasoista
korkeimmillaan	korkeimmillaan
korkeintaan	korkeintaan
korkeus	korkeudelle
korkeus	korkeudelta
korkeus	korkeus
korkeusero	korkeuseroa
korko	korko
korko	korkoja
korko	korkojen
korko	koroista
korko	koron
korko	korot
korkoavustushakemus	korkoavustushakemus
korkomeno	korkomenot
korkotaso	korkotaso
korkotuki	korkotuesta
korkotulo	korkotulojen
korkotulo	korkotulon
korkuinen	korkuinen
korkuinen	korkuisista
koroke	korokkeella
koroke	korokkeellakin
korostaa	korostaa
korostaa	korostamalla
korostaa	korostavampana
korostaa	korosti
korostua	korostuivatkaan
korostua	korostuu
korottaa	korota
korottaa	korotetaan
korottaminen	korottaminen
korotus	korotukseen
korotus	korotus
korotus	korotusta
korotusprosentti	korotusprosentti
korpela	korpelan
korpi	korpeen
korpi	korvessa
korpikylä	korpikyliä
korpinen	korpinen
korpisalo	korpisalo
korpisusi	korpisusi
korpraali	korpraali
korrekti	korrektia
korrektisti	korrektisti
korruptio	korruptio
korsetti	korsetti
korso	korson
kortteeri	kortteeria
kortteinen	kortteisen
kortteleittain	kortteleittain
kortteli	korttelin
kortteli	korttelista
kortti	korteilla
kortti	kortin
kortti	kortissa
kortti	kortit
kortti	kortitta
kortti	kortti
kortti	korttia
kortti	korttinsa
korttihinta	korttihinnan
korttipeli-ilta	korttipeli-ilta
koru	koruja
koruommella	koruommella
korva	korva
korva	korvaa
korva	korvaan
korva	korvaani
korva	korvaanikaan
korva	korvallaan
korva	korvaltaan
korva	korvan
korva	korvastaan
korva	korvat
korva	korvatkin
korva	korvii
korva	korviinsa
korva	korville
korva	korvilleni
korva	korvissa
korvaaminen	korvaaminen
korvaläpällinen	korvaläpällinen
korvata	korvaa
korvata	korvaavaa
korvata	korvaavat
korvata	korvaisi
korvata	korvannut
korvata	korvata
korvata	korvattaviksi
korvatulehdus	korvatulehdus
korvatulppa	korvatulppia
korvatunturi	korvatunturilla
korvaus	korvauksen
korvaus	korvaukset
korvaus	korvauksia
korvaus	korvauksista
korvaus	korvaus
korvaus	korvausta
korvauskysymys	korvauskysymykset
korvausvastuu	korvausvastuut
korvautua	korvautuvat
korvela	korvela
korventaa	korventaa
korvike	korvike
korvike	korvikkeeksi
korvike	korvikkeena
korvilla	korvilla
korvissa	korvissa
kosgei	kosgeita
kosiskella	kosiskeltu
koska	kosk
koska	koska
koska	koskahan
koska	koskapa
koska	koskas
koskaan	koskaa
koskaan	koskaan
koskea	koske
koskea	koskea
koskea	koskee
koskea	koskeeko
koskea	koskemaan
koskea	koskematta
koskea	koskenut
koskea	koskeva
koskea	koskevat
koskea	koskevia
koskea	koskevien
koskea	koskevissa
koskea	koski
koskea	koskien
koskela	koskela
koskemattomuus	koskemattomuus
koskenkorva	koskenkorvalla
koskenlaskukisa	koskenlaskukisa
koskenlaskuyrittäjä	koskenlaskuyrittäjä
kosketella	koskettelivat
koskettaa	kosketa
koskettaa	kosketin
koskettaa	koskettaa
koskettaa	koskettaisi
koskettaa	koskettamaan
koskettaa	koskettavan
koskettaa	koskettihan
kosketuksissa	kosketuksissa
kosketus	kosketuksen
kosketus	kosketuksiin
kosketus	kosketus
kosketus	kosketusta
kosketuspinta	kosketuspintaa
koski	kosken
koski	koski
koski	koskiin
koski	koskikin
koski	koskille
koskilainen	koskilaisten
koskivaara	koskivaara
kosmeettinen	kosmeettinen
kosmeettinen	kosmeettisista
kosminen	kosminen
kosolti	kosolti
kosonen	kososesta
kossamaki	kossamakin
kossu	kossua
kossuvissy	kossuvissyä
kostaa	kostaa
kostaa	kostamme
kostea	kosteaa
kostea	kosteana
kosteahko	kosteahkossa
kosteus	kosteudelle
kosteus	kosteus
kosteus	kosteutta
kosteusvoide	kosteusvoiteissa
kosti	kosti
kostja	kostjaa
kosto	kosto
kosto	koston
kostua	kostuivat
kota	kota
kotelo	koteloon
kotelo	kotelossa
koti	kodeistaan
koti	kodin
koti	kodissa
koti	kodissaan
koti	kodissamme
koti	kodissani
koti	koti
koti	kotia
koti	kotien
koti	kotihin
koti	kotii
koti	kotiin
koti	kotiinkin
koti	kotiinne
koti	kotimme
koti	kotinsa
koti	kotio
koti	kottii
koti	kottiin
koti-	koti-
koti-ilta	koti-illat
kotieläin	kotieläin
kotihoidontuki	kotihoidontuki
kotihoito	kotihoito
kotijuusto	kotijuusto
kotikalja	kotikaljaakin
kotikatu	kotikadun
kotikaupunki	kotikaupungissaan
kotikaupunki	kotikaupunki
kotikaupunki	kotikaupunkiani
kotikieli	kotikielenä
kotikisa	kotikisoissaan
kotikontu	kotikonnuilleen
kotikoti	kotikoti
kotikulma	kotikulmiensa
kotikylä	kotikylällään
kotikylä	kotikylään
kotikylä	kotikyläänsä
kotilainen	kotilainen
kotilaite	kotilaitteella
kotilehto	kotilehdon
kotilinna	kotilinnakin
kotimaa	kotimaahan
kotimaa	kotimaahanne
kotimaa	kotimaahansa
kotimaa	kotimaan
kotimaa	kotimaassa
kotimaa	kotimaassaan
kotimaa	kotimaassakaan
kotimaa	kotimaastaan
kotimaa	kotimaihinsa
kotimainen	kotimainen
kotimainen	kotimaisen
kotimainen	kotimaisessa
kotimainen	kotimaiset
kotimainen	kotimaisia
kotimainen	kotimaista
kotimikro	kotimikroissa
kotimikro	kotimikronkin
kotimurre	kotimurrettaan
kotiolo	kotioloissasi
kotiompelija	kot´ompelijana
kotiottelu	kotiottelua
kotiottelu	kotiotteluissa
kotiovi	kotiovi
kotipiha	kotipihallaan
kotipizza-opisto	kotipizza-opistossa
kotirintama	kotirintamalla
kotirouva	kotirouvaa
kotiruoka	kotiruokaa
kotisatama	kotisatama
kotiseutu	kotiseudulla
kotiseutukulttuuri	kotiseutukulttuurin
kotisivu	kotisivut
kotitalo	kotitalo
kotitalo	kotitalonsa
kotitalous	kotitalouksien
kotitalous	kotitalouksissa
kotitalous	kotitaloutta
kotitehtävä	kotitehtävien
kotityö	kotitöitä
kotiutua	kotiutunut
kotiutusprosentti	kotiutusprosenteilla
kotivideo	kotivideotko
kotiväki	kotiväelle
kotiyleisö	kotiyleisön
kotiäitiys	kotiäitiys
kotka	kotka
kotka	kotkan
kotka	kotkassa
koto-suomi	koto-suomessa
kotoa	kotoa
kotoa	kotoaan
kotoinen	kotoinen
kotoisin	kotoisin
kotoisin	kotosin
kotola	kotolalle
kotona	kotona
kotona	kotonaan
kotona	kotonakin
kotona	kotonanne
kotoutumissuunnitelma	kotoutumissuunnitelmaa
koukata	koukkaa
koukata	koukkasin
koukku	koukkuun
koukkuinen	koukkuinen
koukkuniemi	koukkuniemessä
koulu	koulu
koulu	koulua
koulu	kouluille
koulu	kouluissa
koulu	kouluja
koulu	koulukin
koulu	koululla
koulu	koululle
koulu	koulum
koulu	koulun
koulu	kouluni
koulu	koulunsa
koulu	koulussa
koulu	koulusta
koulu	koulut
koulu	kouluun
koulu-uudistaja	koulu-uudistajaa
kouluaika	kouluaikana
kouluajo	kouluajoilta
kouluihastus-henki	kouluihastus-henkeen
kouluikäinen	kouluikäisistä
koulukaslinja	koulukaslinjasa
koululainen	koululainen
koululainen	koululaisilla
koululainen	koululaista
koululaitos	koululaitosta
koululiikuntalaji	koululiikuntalaji
koulumaailma	koulumaailmassa
koulunkäynti	koulunkäynti
koulupohja	koulupohjan
koulupoika	koulupoikana
koulupuutarhahomma	koulupuutarhahommaan
koulupäivä	koulupäivällä
koulupäivä	koulupäivän
kouluruokamääräraha	kouluruokamäärärahoja
koulutavara	koulutavaroita
kouluttaa	koulutetaan
kouluttaa	koulutettavaksi
kouluttaa	koulutettu
kouluttaa	koulutettuja
kouluttaa	koulutetut
kouluttaa	kouluttamalla
kouluttaa	kouluttamattomat
kouluttaja	kouluttaja
kouluttaja	kouluttajalta
kouluttaja	kouluttajan
kouluttaja	kouluttajat
kouluttaja	kouluttajia
kouluttamaton	kouluttamattomimmista
koulutuksellisesti	koulutuksellisesti
koulutunti	koulutunnilla
koulutus	koulutukseltaan
koulutus	koulutuksen
koulutus	koulutukseni
koulutus	koulutuksessa
koulutus	koulutus
koulutus	koulutusta
koulutuslaitos	koulutuslaitosten
koulutusmeno	koulutusmenot
koulutuspäällikkö	koulutuspäälliköistä
koulutustausta	koulutustaustaa
koulutustavoite	koulutustavoitettaan
koulutustilaisuus	koulutustilaisuuksiin
koulutusvaihe	koulutusvaiheessa
koulutusväylä	koulutusväylään
kouluvaikeus	kouluvaikeuksissa
koura	kouran
koura	kourassa
koura	kourasta
kourallinen	kourallinen
kourallinen	kourallisesta
kourallinen	kourallista
kouria	kouriikin
kouriintuntuva	kouriintuntuva
kouristus	kouristuksissa
kouvo	kouvot
kouvola	kouvolan
kova	kova
kova	kovaa
kova	kovaakin
kova	kovaan
kova	kovaksi
kova	kovalla
kova	kovan
kova	kovankin
kova	kovassa
kova	kovat
kova	kovemmaksi
kova	kovemman
kova	kovempaan
kova	kovempi
kova	kovia
kova	kovien
kovaa	kovaa
kovahko	kovahko
kovakorvaisuus	kovakorvaisuus
kovakuntoinen	kovakuntoisempi
kovakuntoinen	kovakuntoisinta
kovaotteinen	kovaotteisena
kovapintainen	kovapintainen
kovaraha	kovanrahan
kovasti	kovasti
kovasti	kovastikin
kovasti	kovastis
kovatasoinen	kovatasoinen
kovemmalle	kovemmalle
kovempikourainen	kovempikourastakin
koventua	koventuneen
kovero	koveron
koveta	kovenee
kovettua	kovettuneeni
kovettua	kovettunut
kovin	kovin
kovin	kovinkaan
kraateri	kraaterin
krajina	krajinan
kraka	kraka
kramppi	kramppi
kranich	kranich
kranttu	kranttuja
krapula	krapula
krapula	krapulan
krausz	krausz
kravatti	kravatti
kravatti	kravattia
kreeta	kreetalla
kreikka	kreikassa
kreikka	kreikassahan
kreikka	kreikka
kreikkalainen	kreikkalaiseksi
kreikkalainen	kreikkalaiset
kreivi	kreivistään
kreivikunta	kreivikuntiin
kremer	kremerin
kreml	kremlin
kreml	kremlissä
kreshatik	kreshatikin
kresse	kressen
krestovski	krestovskin
kriisi	kriisi
kriisi	kriisiin
kriisi	kriisissä
kriisialue	kriisialueille
kriitikko	kriitikko
kriitikko	kriitikon
kriitikko	kriitikot
kriittinen	kriittinen
kriittinen	kriittisellä
kriittinen	kriittisen
kriittinen	kriittisenkin
kriittinen	kriittisiä
kriittisesti	kriittisesti
kriittisyys	kriittisyys
krikettijoukkue	krikettijoukkue
kriminaali	kriminaalit
kriminaalihuoltoyhdistys	kriminaalihuoltoyhdistys
kristiina	kristiina
kristiinankaupunki	kristiinankaupungin
kristillinen	kristillisten
kristitty	kristittyjen
kristitty	kristityksi
kristitty	kristityt
kristus-aiheinen	kristus-aiheinen
kriteeri	kriteerit
kriteeri	kriteeriä
kritiikki	kritiikistä
kritiikki	kritiikki
kritiikki	kritiikkinsä
kritiikki	kritiikkiä
kroaatti	kroaattien
kroatia	kroatialle
kroatia	kroatian
kroatia	kroatiasta
kroatialainen	kroatialaiset
krogh	kroghilta
kromi	kromia
kromosomi	kromosomia
krooninen	krooninen
krooninen	kroonisista
kroppa	groban
kroppa	kroppa
kroppa	kroppaa
kross	kross
krunikka	krunikassa
kruunu	kruunu
kruunu	kruunuja
kruunu	kruunun
kruununprinsessa	kruununprinsessa
kruunupyy	kruunupyyn
kröller-müllerin	kröller-müllerin
kt	ktn
ktp	ktp:n
kude	kuteet
kudos	kudoksiin
kudos	kudoksissa
kuha	kuha
kuhista	kuhisee
kuhista	kuhisi
kuhista	kuhisikin
kuhmo	kuhmo
kuhmo	kuhmon
kuhmoinen	kuhmoisissa
kuhmu	kuhmuja
kuikka	kuikkia
kuilu	kuilu
kuilu	kuiluun
kuin	ko
kuin	ku
kuin	kuin
kuin	kun
kuinka	kuinka
kuinka	kuinkahan
kuinka	kuinkas
kuinkaan	kuinkaan
kuiskailla	kuiskaillen
kuiskata	kuiskasi
kuiskia	kuiski
kuiskia	kuiskia
kuiskuttelu	kuiskuttelu
kuisma	kuisma
kuisti	kuistilla
kuitata	kuittaa
kuitenkaan	kuitenkaan
kuitenkin	kuitenki
kuitenkin	kuitenkin
kuitti	kuitteja
kuitu	kuitujen
kuiva	kuiva
kuiva	kuivaa
kuiva	kuivaksi
kuiva	kuivan
kuiva	kuivana
kuiva	kuivia
kuiva	kuivilla
kuiva	kuivin
kuiva	kuivina
kuivahko	kuivahkon
kuivakas	kuivakas
kuivakiskoinen	kuivakiskoisimmista
kuivakka	kuivakasta
kuivakka	kuivakka
kuivalainen	kuivalainen
kuivamuona	kuivamuonalla
kuivata	kuivaa
kuivata	kuivas
kuivata	kuivasi
kuivata	kuivasin
kuivata	kuivataan
kuivata	kuivattuja
kuivatella	kuivatellut
kuivatella	kuivattelemaan
kuivattaa	kuivata
kuivausaika	kuivausaikana
kuivua	kuivui
kuivua	kuivumaa
kuivua	kuivumaan
kuivua	kuivumassa
kuivua	kuivunut
kuivuminen	kuivuminen
kuivuminen	kuivumisesta
kuivuus	kuivuudesta
kuivuus	kuivuus
kujanpää	kujanpää
kujansalo	kujansalossa
kuka	kehen
kuka	keiden
kuka	keitä
kuka	kenelle
kuka	kenellä
kuka	keneltä
kuka	kenen
kuka	kenet
kuka	ketkä
kuka	ketä
kuka	kuka
kuka	kukahan
kuka	kukako
kuka	kukakohan
kuka	kukapa
kuka	kukas
kukaan	kehenkään
kukaan	kellään
kukaan	kenellekään
kukaan	kenelläkään
kukaan	kenellään
kukaan	keneltäkään
kukaan	kenenkään
kukaan	kettää
kukaan	ketää
kukaan	ketääm
kukaan	ketään
kukaan	kukaam
kukaan	kukaan
kukaan	kukkaam
kukakin	kenellekin
kukakin	ketäkin
kukikas	kukikkaita
kukin	kukin
kukin	kullekin
kukin	kunkin
kukin	kustakin
kukin	kutakin
kukinta	kukinta
kukinta	kukintansa
kukistaa	kukisti
kukistaja	kukistajansa
kukka	kukalleni
kukka	kukan
kukka	kukat
kukka	kukka
kukka	kukkaa
kukka	kukkia
kukka	kukkien
kukka	kukkii
kukka-amppeli	kukka-amppeleita
kukkaislapsi	kukkaislapsia
kukkakauppa	kukkakauppaa
kukkapaketti	kukkapaketti
kukkaro	kukkaron
kukkatapetti	kukkatapetit
kukkia	kukkineet
kukkia	kukkivat
kukkia	kukkivien
kukkula	kukkuloilla
kukkura	kukkuraksi
kukoistaa	kukoistaa
kukoistaa	kukoistaessa
kukoistava	kukoistavammaksi
kulauttaa	kulautti
kulinaarinen	kulinaariset
kuljeksia	kuljeksimassa
kuljeskella	kuljeskele
kuljetin	kuljettimia
kuljettaa	kuljetetaan
kuljettaa	kuljetettavat
kuljettaa	kuljetettiin
kuljettaa	kuljettaa
kuljettaa	kuljettaisi
kuljettaa	kuljettamaan
kuljettaa	kuljettaneet
kuljettaa	kuljettanut
kuljettaa	kuljettavat
kuljettaa	kuljetti
kuljettaja	kuljettaja
kuljettaja	kuljettajaa
kuljettaja	kuljettajalla
kuljettaja	kuljettajalle
kuljettaja	kuljettajalta
kuljettaja	kuljettajan
kuljettaja	kuljettajat
kuljettaja	kuljettajista
kuljettaminen	kuljettamiseen
kuljetus	kuljetuksen
kuljetus	kuljetukset
kuljetus	kuljetuksineen
kuljetus	kuljetus
kuljetus	kuljetusten
kuljetusauto	kuljetusauto
kuljetushomma	kuljetushommia
kuljetuslava	kuljetuslavoja
kuljetuspalvelu	kuljetuspalveluja
kuljetuspalvelu	kuljetuspalveluna
kuljetustoiminto	kuljetustoimintonsa
kulju	kuljuun
kulkea	kuljen
kulkea	kuljet
kulkea	kuljettava
kulkea	kuljettavaksi
kulkea	kuljettiin
kulkea	kuljimme
kulkea	kuljin
kulkea	kulkea
kulkea	kulkee
kulkea	kulkemaan
kulkea	kulkeneen
kulkea	kulkeneet
kulkea	kulkenut
kulkea	kulkevat
kulkea	kulki
kulkea	kulkiessa
kulkea	kulkiessaan
kulkea	kulkisi
kulkea	kulkivat
kulkea	kulukee
kulkea	kulukkoo
kulkeminen	kulkemisen
kulkeutua	kulkeutuneet
kulkija	kulkija
kulkija	kulkijalle
kulkija	kulkijoista
kulkija	kulkijoita
kulku	kulku
kulku	kulkuaan
kulku-	kulku-
kulkue	kulkue
kulkue	kulkueen
kulkulupa	kulkuluvankin
kulkuneuvo	kulkuneuvoni
kulkuväline	kulkuvälineeksi
kulkuyhteys	kulkuyhteyksiä
kulkuyhteys	kulkuyhteyttä
kulloinkin	kulloinkin
kulma	kulmaan
kulma	kulmalla
kulma	kulmalle
kulma	kulmassa
kulma	kulmasta
kulma	kulmilla
kulmahuone	kulmahuoneessa
kulmakivi	kulmakivi
kulmilla	kulmilla
kulmittain	kulmittain
kulosaari	kulosaaren
kulta	kullan
kulta	kullassa
kulta	kullasta
kulta	kulta
kulta	kultaa
kultahippu	kultahippu
kultainen	kultaisen
kultainen	kultaiset
kultainen	kultaisia
kultainen	kultaisilla
kultainen	kultaista
kultakaulustyöntekijä	kultakaulustyöntekijöitä
kultakoru	kultakorujen
kultakoru	kultakorunsa
kultala	kultala
kultamitali	kultamitalia
kultamitali	kultamitalit
kultanen	kultaseni
kultaranta	kultarantaan
kultareunus	kultareunukset
kultasepänliike	kultasepänliikkeen
kulttimaine	kulttimainetta
kulttuuri	kulttuureissa
kulttuuri	kulttuuri
kulttuuri	kulttuuria
kulttuuri	kulttuuriin
kulttuuri	kulttuurillemme
kulttuuri	kulttuurin
kulttuuri	kulttuurissa
kulttuuri	kulttuurissamme
kulttuuri	kulttuurista
kulttuuri	kulttuurit
kulttuuri-identiteetti	kulttuuri-identiteettiä
kulttuuriantropologi	kulttuuriantropologit
kulttuuriasiainkeskus	kulttuuriasiainkeskus
kulttuurieliitti	kulttuurieliittiin
kulttuurihistoria	kulttuurihistoriaa
kulttuurihistoriallisesti	kulttuurihistoriallisesti
kulttuurillisesti	kulttuurillisesti
kulttuurimaisema	kulttuurimaisemia
kulttuuriministeriö	kulttuuriministeriön
kulttuurinautinto	kulttuurinautintoja
kulttuuripalkinto	kulttuuripalkinto
kulttuuripohja	kulttuuripohjaa
kulttuuripääkaupunkius	kulttuuripääkaupunkiudestakin
kulttuurirahasto	kulttuurirahasto
kulttuuriraja	kulttuurirajoja
kulttuurisesti	kulttuurisesti
kulttuurisivu	kulttuurisivuilla
kulttuuritekijä	kulttuuritekijäksi
kulttuuritilaisuus	kulttuuritilaisuuksissa
kulttuuritoimitus	kulttuuritoimitus
kulttuurivaihto	kulttuurivaihdon
kulttuurivirtaus	kulttuurivirtaukset
kulttuurivuosi	kulttuurivuoden
kulttuurivyöhyke	kulttuurivyöhykkeeseen
kulttuuriympäristö	kulttuuriympäristöjen
kulu	kuluista
kulu	kuluja
kulu	kulujen
kulua	kulua
kulua	kului
kulua	kulumaan
kulua	kuluneeksi
kulua	kuluneen
kulua	kuluneiden
kulua	kuluneista
kulua	kulut
kulua	kuluu
kulua	kuluvan
kulua	kuluvat
kuluessa	kuluessa
kuluma	kuluma
kulunut	kuluneet
kuluttaa	kulutettiin
kuluttaa	kuluttaa
kuluttaa	kuluttavat
kuluttaa	kulutti
kuluttaja	kuluttaja
kuluttaja	kuluttajaa
kuluttaja	kuluttajalle
kuluttaja	kuluttajat
kuluttaja	kuluttajia
kuluttaja	kuluttajien
kuluttaja	kuluttajille
kuluttajansuojalainsäädäntö	kuluttajansuojalainsäädäntö
kuluttua	kuluttua
kulutus	kulutuksen
kulutus	kulutus
kulutuselektroniikka	kulutuselektroniikka
kulutuspinta	kulutuspinnan
kulutustavara	kulutustavarat
kuluva	kuluvasta
kumahtaminen	kumahtamista
kumara	kumarassa
kumarassa	kumarassa
kumartaa	kumartaa
kumartaa	kumartaen
kumartaa	kumartavat
kumartua	kumartua
kumartua	kumartui
kumartua	kumartuu
kumi	kumia
kumina	kumina
kumiplantaasi	kumiplantaasille
kumisaapas	kumisaappaat
kumlinge	kumlingen
kumma	kumma
kumma	kummaa
kumma	kummasta
kumma	kummempaa
kumma	kummempia
kummallinen	kummallisempia
kummallinen	kummallisen
kummallinen	kummallisia
kummallinen	kummallisiksi
kummallinen	kummallisimmissa
kummallinen	kummallista
kummallisesti	kummallisesti
kummallisuus	kummallisuudet
kummastella	kummastelevat
kummastella	kummasteli
kummasti	kummasti
kummastus	kummastusta
kumminkaan	kumminkaan
kumminkin	kumminki
kumminkin	kumminkin
kummissaan	kummissaan
kummitäti	kummitäti
kummoinen	kummoinen
kummoinen	kummoistakaan
kummola	kummola
kumoon	kumoon
kumota	kumotaan
kumoutua	kumoutua
kumoutua	kumoutuu
kumpi	kumman
kumpi	kumpaa
kumpi	kumpaanko
kumpi	kumpi
kumpikaan	kummankaan
kumpikaan	kummassakaan
kumpikaan	kummastakaan
kumpikaan	kumpaakaan
kumpikaan	kumpikaan
kumpikin	kummallai
kumpikin	kummallakin
kumpikin	kummankin
kumpikin	kummassakin
kumpikin	kummastakin
kumpikin	kummatkin
kumpikin	kumpaakin
kumpikin	kumpaankin
kumpikin	kumpanakin
kumpikin	kumpiakin
kumpikin	kumpikin
kumppani	kumppani
kumppani	kumppaniksi
kumppani	kumppanina
kumppani	kumppaninani
kumpu	kumpuja
kumpula	kumpulan
kumpumäki	kumpumäki
kun	k´
kun	ko
kun	kon
kun	ku
kun	kun
kun	kunn
kun	kup
kun	kus
kundi	kundi
kunhan	kuha
kunhan	kuhan
kunhan	kunhan
kuningas	kuningas
kuningatar	kuningatar
kuningataräiti	kuningataräiti
kuningattaruus	kuningattaruutta
kuninkaallinen	kuninkaallisen
kuninkaallinen	kuninkaallisesta
kuninkaallinen	kuninkaallisten
kuninkaanlinna	kuninkaanlinnasta
kuninkuusraviprojekti	kuninkuusraviprojektia
kunnallinen	kunnallinen
kunnallinen	kunnalliset
kunnallisvaali	kunnallisvaalien
kunnallisvaali	kunnallisvaalit
kunnanhallitus	kunnanhallituksen
kunnanhallitus	kunnanhallitus
kunnanjohtaja	kunnajjohtaja
kunnanjohtaja	kunnanjohtaja
kunnanjohtaja	kunnanjohtajan
kunnanvaltuusto	kunnanvaltuusto
kunnanvirasto	kunnanviraston
kunnes	kunnes
kunnia	kunnia
kunnia	kunniaa
kunnia	kunniaani
kunnia-asia	kunnia-asia
kunniakirja	kunniakirjoineen
kunniamaininta	kunniamaininnan
kunnianhimo	kunnianhimojensa
kunnianhimoinen	kunnianhimoisen
kunnianhimoinen	kunnianhimoiset
kunnianhimoisesti	kunnianhimoisesti
kunnianhimoton	kunnianhimoton
kunnianloukkaus	kunnianloukkauksesta
kunniavieras	kunniavieras
kunnioitettava	kunnioitettava
kunnioittaa	kunnioitettu
kunnioittaa	kunnioittaa
kunnioittaa	kunnioittaen
kunnioittaa	kunnioittamaton
kunnioittaa	kunnioittava
kunnioittava	kunnioittava
kunnioitus	kunnioituksella
kunnioitus	kunnioitusta
kunnittainen	kunnittaiset
kunnolla	kunnolla
kunnollinen	kunnollinen
kunnollinen	kunnolliset
kunnollinen	kunnollista
kunnollisesti	kunnollisesti
kunnollisuus	kunnollisuudestaan
kunnossa	kunnossa
kunnostaa	kunnostaman
kunnostaa	kunnostetaan
kunnostaa	kunnostettu
kunnostautua	kunnostautunut
kunnostus	kunnostuksesta
kunnostus	kunnostus
kunnostus-	kunnostus-
kunnostustyö	kunnostustöitä
kunpa	kunpa
kunta	kunnalle
kunta	kunnan
kunta	kunnassa
kunta	kunnat
kunta	kunnissa
kunta	kunta
kunta	kuntaa
kunta	kuntana
kunta	kuntia
kunta	kuntien
kunta	kuntiin
kunta-ala	kunta-alan
kuntalainen	kuntalaisen
kuntalainen	kuntalaiset
kuntalainen	kuntalaisia
kuntalainen	kuntalaista
kuntalainen	kuntalaisten
kuntaliitto	kuntaliiton
kuntayhtymä	kuntayhtymän
kuntayhtymä	kuntayhtymää
kunto	kunnon
kunto	kunnossa
kunto	kunnossahan
kunto	kunto
kunto	kuntonsa
kunto	kuntoon
kuntoilija	kuntoilijoista
kuntoilla	kuntoilemaan
kuntoilulaji	kuntoilulaji
kuntolaji	kuntolajia
kuntonyrkkeilijä	kuntonyrkkeilijät
kuntonyrkkeily	kuntonyrkkeilystä
kuntoon	kuntoon
kuntosali	kuntosalille
kuntotesti	kuntotestiin
kuntoutettava	kuntoutettavani
kuntoutus	kuntoutuksen
kuntoutusjakso	kuntoutusjaksonsa
kuntoutuslaitos	kuntoutuslaitoksissa
kuntoutusraha	kuntoutusrahaa
kuntoutustyöntekijä	kuntoutustyöntekijän
kuohkea	kuohkeaksi
kuohkea	kuohkeampaa
kuohkea	kuohkean
kuohu	kuohun
kuohuisa	kuohuisassa
kuohunta	kuohunta
kuohuviini	kuohuviinii
kuohuviini	kuohuviiniä
kuokka	kuokka
kuokkala	kuokkalan
kuokkamies	kuokkamiehet
kuokkavieras	kuokkavieraan
kuokkia	kuokkimaa
kuokkia	kuokkimassa
kuola	kuolan
kuolema	kuolema
kuolema	kuolemaa
kuolema	kuolemaansa
kuolema	kuoleman
kuolema	kuolemansa
kuolema	kuolemasta
kuolema	kuolemastaan
kuolema	kuolemat
kuolemanjälkeinen	kuolemanjälkeinen
kuolemanrangaistus	kuolemanrangaistus
kuolemanselli	kuolemansellistä
kuolemansynti	kuolemansynneistä
kuolettaa	kuolettaa
kuoliaaksi	kuoliaaksi
kuolintodistus	kuolintodistuksessani
kuolla	kuali
kuolla	kuole
kuolla	kuolee
kuolla	kuolemaisillaan
kuolla	kuolemaisillaankin
kuolla	kuolemassa
kuolla	kuolemattomia
kuolla	kuolet
kuolla	kuolevat
kuolla	kuoli
kuolla	kuolivat
kuolla	kuolkoon
kuolla	kuolla
kuolla	kuollakseni
kuolla	kuolleen
kuolla	kuolleena
kuolla	kuolleet
kuolla	kuolleiden
kuolla	kuolleina
kuolla	kuolleita
kuolla	kuolliis
kuolla	kuollu
kuolla	kuollut
kuolla	kuolluthan
kuolla	kuollutta
kuolleisuus	kuolleisuus
kuollut	kuolleena
kuollut	kuolleet
kuollut	kuolleista
kuollutmeri	kuolleenmeren
kuolonkolari	kuolonkolareita
kuolonkolari	kuolonkolarin
kuolonuhri	kuolonuhrien
kuomu	kuomun
kuontalo	kuontalonsa
kuopio	kuopio
kuopio	kuopion
kuopio	kuopioon
kuopio	kuopiossa
kuopio	kuopiosta
kuopiolainen	kuopiolaisesta
kuopiolainen	kuopiolaiset
kuoppa	kuopan
kuoppa	kuoppia
kuoppainen	kuoppainen
kuoppainen	kuoppaisen
kuopus	kuopuksenkin
kuori	kuoren
kuori	kuoret
kuori	kuori
kuori	kuoria
kuoriainen	kuoriaista
kuoriutua	kuoriutua
kuoriutua	kuoriutuu
kuorma-auto	kuorma-auto
kuorma-auto	kuorma-autoa
kuorma-auto	kuorma-auton
kuorma-autoliikenne	kuorma-autoliikennettä
kuorma-autonyrittäjä	kuorma-autonyrittäjät
kuormaaminen	kuormaaminen
kuoro	kuoro
kuoro	kuoroksi
kuoro	kuoron
kuoro	kuorossa
kuorsata	kuorsaa
kuortane	kuortaneella
kuovi	kuovin
kuparilantti	kuparilantti
kuparinen	kuparisen
kupariteollisuus	kupariteollisuus
kupillinen	kupillista
kuplatalous	kuplatalouden
kuponkilehti	kuponkilehtien
kuppi	kupeista
kuppi	kupin
kuppi	kupissa
kuppi	kupistaan
kuppi	kupit
kuppi	kuppeja
kuppi	kuppia
kuppila	kuppiloiden
kuppila	kuppiloissa
kupponen	kupposelle
kupponen	kupposet
kups	kups
kups	kups:n
kups	kupsin
kupu	kupu
kupura	kupuraksi
kurainen	kuraiset
kurauttaa	kurauttamalla
kuravesi	kuravettä
kurdi	kurdeja
kurditerroristi	kurditerroristien
kurdivähemmistö	kurdivähemmistöä
kuresaari	kuresaaren
kuri	kuriin
kuri	kurissa
kurikka	kurikassa
kurikka	kurikkaan
kurikka-seura	kurikka-seuran
kurin	kurin
kurinalaisuus	kurinalaisuutta
kuristaa	kuristi
kuristava	kuristavan
kuriton	kurittomat
kurja	kurja
kurja	kurjalta
kurjuus	kurjuudessa
kurjuus	kurjuutta
kurkistaa	kurkistaa
kurkistella	kurkistelimme
kurkistella	kurkistelivat
kurkistella	kurkistellaan
kurkkia	kurkki
kurkku	kurkkua
kurkku	kurkkunsa
kurkku	kurkkuun
kurkku	kurkkuuni
kurkku	kurkkuunsa
kurkku	kurkun
kurkku	kurkussa
kurkku	kurkustaan
kurkottaa	kurkottaa
kurottua	kurottuivat
kurssi	kursseille
kurssi	kursseja
kurssi	kurssi
kurssi	kurssia
kurssi	kurssiin
kurssi	kurssille
kurssi	kurssin
kurssi	kurssista
kuru	kurun
kurvata	kurvaa
kuseskella	kuseskella
kusettaa	kusettaa
kusiainen	kusiaisten
kusiaismäki	kusiaismäestä
kusikouru	kusikourulla
kusikulma	kusikulmat
kusipää	kusipää
kuskata	kuskaavat
kuskata	kuskattu
kuski	kuski
kuski	kuskimme
kuski	kuskin
kuski	kuskit
kusta	kusevat
kustaa	kustaa
kustannuksella	kustannuksella
kustannus	kustannukset
kustannus	kustannuksista
kustannus	kustannusten
kustannusosuuskunta	kustannusosuuskunta
kustantaa	kustansivat
kustantaja	kustantajansa
kustavilainen	kustavilaista
kustos	kustos
kuten	kuten
kutinlahti	kutinlahti
kutista	kutisevat
kutistua	kutistuvat
kutittaa	kutittaa
kutoa	kudottiin
kutoa	kutoi
kutoa	kutomalla
kutoa	kuttoo
kutsu	kutsun
kutsu	kutsusta
kutsu	kutsut
kutsua	kutsu
kutsua	kutsua
kutsua	kutsui
kutsua	kutsuisin
kutsua	kutsumatta
kutsua	kutsun
kutsua	kutsunut
kutsua	kutsutaan
kutsua	kutsuttakoon
kutsua	kutsuttavan
kutsua	kutsuttiin
kutsua	kutsuttu
kutsua	kutsuttuja
kutsua	kutsutut
kutsua	kutsuukin
kutsua	kuttun
kutsuminen	kutsumistaan
kutsunta	kutsunnoissa
kutsuvierasnäytäntö	kutsuvierasnäytännössä
kutvonen	kutvosen
kuu	kuu
kuu	kuuhun
kuu	kuun
kuu	kuuna
kuu	kuussa
kuu	kuuta
kuuba	kuuban
kuuba	kuubassa
kuubalainen	kuubalaisen
kuudes	kuudennella
kuudes	kuudes
kuukausi	kuukaudelta
kuukausi	kuukauden
kuukausi	kuukaudessa
kuukausi	kuukausi
kuukausi	kuukausia
kuukausi	kuukausien
kuukausi	kuukausina
kuukausi	kuukaut
kuukausi	kuukauteen
kuukausi	kuukautena
kuukausi	kuukautta
kuukausi	kuukkautteenkaa
kuukausikaupalla	kuukausikaupalla
kuukausikokous	kuukauskokkous
kuukausipalkkainen	kuukausipalkkaisista
kuukausittain	kuukausittain
kuukausittainen	kuukausittainen
kuukautiset	kuukautisensa
kuukautiset	kuukautisia
kuula	kuula
kuula	kuulaa
kuula	kuulat
kuulakaari	kuulakaaret
kuulakas	kuulakkaana
kuulantyöntäjä	kuulantyöntäjä
kuulantyöntäjätär	kuulantyöntäjätär
kuulantyöntö	kuulantyönnön
kuule	kuule
kuule	kuules
kuulema	kuulemalta
kuulema	kuuleman
kuuleminen	kuuleminen
kuulemma	kuulemaa
kuulemma	kuulemma
kuulemma	kuulemma-
kuuliainen	kuuliaiseksi
kuulija	kuulija
kuulija	kuulijaa
kuulija	kuulijalla
kuulija	kuulijalle
kuulija	kuulijallekin
kuulija	kuulijan
kuulija	kuulijat
kuulija	kuulijoita
kuulkaa	kuulkaa
kuulla	kuule
kuulla	kuulee
kuulla	kuuleekin
kuulla	kuulekaan
kuulla	kuulemaan
kuulla	kuulemani
kuulla	kuulemansa
kuulla	kuulemiaan
kuulla	kuulen
kuulla	kuulet
kuulla	kuuletko
kuulla	kuuli
kuulla	kuulin
kuulla	kuulisin
kuulla	kuulit
kuulla	kuulitkos
kuulla	kuulkaahan
kuulla	kuulkaapa
kuulla	kuulkaapas
kuulla	kuulkaas
kuulla	kuulla
kuulla	kuulleensa
kuulla	kuulleet
kuulla	kuullen
kuulla	kuullos
kuulla	kuullu
kuulla	kuullut
kuulla	kuultavaa
kuulla	kuultavana
kuulla	kuultavissa
kuulla	kuultiin
kuulla	kuultu
kuulla	kuultuaan
kuullen	kuulteni
kuuloinen	kuuloinen
kuuloinen	kuuloset
kuuloke	kuulokkeet
kuuloke	kuulokkeineen
kuulopuhe	kuulopuheen
kuulostaa	kuulosta
kuulostaa	kuulostaa
kuulostaa	kuulostaakin
kuulostaa	kuulostaako
kuulostaa	kuulostaisi
kuulostaa	kuulostava
kuulostaa	kuulosti
kuulosuojain	kuulosuojaimet
kuulovamma	kuulovammaan
kuultava	kuultavaa
kuulu	kuulu
kuulu	kuulun
kuulua	kuulu
kuulua	kuulua
kuulua	kuului
kuulua	kuuluiko
kuulua	kuuluivat
kuulua	kuulukaan
kuulua	kuulumatta
kuulua	kuulumattomat
kuulua	kuulumattomissa
kuulua	kuulunu
kuulua	kuulunut
kuulua	kuulutaan
kuulua	kuulutteko
kuulua	kuuluttekste
kuulua	kuuluu
kuulua	kuuluukin
kuulua	kuuluuko
kuulua	kuuluva
kuulua	kuuluvaan
kuulua	kuuluvaks
kuulua	kuuluvaksi
kuulua	kuuluvalla
kuulua	kuuluvan
kuulua	kuuluvat
kuulua	kuuluville
kuuluisa	kuuluisa
kuuluisa	kuuluisaksi
kuuluisa	kuuluisalla
kuuluisa	kuuluisan
kuuluisa	kuuluisat
kuuluisa	kuuluisia
kuuluisa	kuuluisien
kuuluisa	kuuluisiksi
kuuluisa	kuuluisimman
kuuluisa	kuuluisimpia
kuuluisuus	kuuluisuutta
kuulumaton	kuulumattomien
kuulumiset	kuulumisia
kuulustella	kuulusteli
kuulustella	kuulusteltavaksi
kuulustelu	kuulusteluissa
kuulustelu	kuulusteluista
kuuluttaa	kuulutti
kuulutus	kuulutukset
kuuluu	kuuluu
kuuluva	kuuluvalla
kuuluvasti	kuuluvasti
kuuma	kuuma
kuuma	kuumaa
kuuma	kuumaan
kuuma	kuumalla
kuuma	kuuman
kuuma	kuumana
kuuma	kuumille
kuuma	kuumimpia
kuuma	kuumin
kuuma	kuuminta
kuuma	kuumista
kuumakomero	kuumakomero
kuume	kuume
kuume	kuumeessa
kuume	kuumetta
kuumentaa	kuumenna
kuumentaa	kuumennettaessa
kuumentaa	kuumennettu
kuunari	kuunari
kuunnella	kuunnella
kuunnella	kuunnellaan
kuunnella	kuunnelleet
kuunnella	kuunnellen
kuunnella	kuunnellut
kuunnella	kuunneltava
kuunnella	kuunneltu
kuunnella	kuuntele
kuunnella	kuuntelee
kuunnella	kuuntelemaan
kuunnella	kuuntelen
kuunnella	kuuntelepa
kuunnella	kuuntelevat
kuunnella	kuunteli
kuunnella	kuuntelin
kuunnella	kuuntelisi
kuunnella	kuuntelivat
kuunnelma	kuunnelmaa
kuunnelma	kuunnelman
kuuntelija	kuuntelija
kuuntelija	kuuntelijaa
kuuntelija	kuuntelijat
kuuntelijamäärä	kuuntelijamäärä
kuuntelu	kuuntelu
kuuntelu	kuuntelun
kuuntelukuva	kuuntelukuvia
kuuntelupuoli	kuuntelupuolella
kuuntelutentti	kuuntelutenttejä
kuurna	kuurna
kuuro	kuuroilla
kuurosokea	kuurosokean
kuusamo	kuusamon
kuusamo	kuusamoon
kuusenoksa	kuusenoksalla
kuusentaimi	kuusentainta
kuusi	kuudeks
kuusi	kuudelle
kuusi	kuudelta
kuusi	kuuden
kuusi	kuudessa
kuusi	kuudesta
kuusi	kuus
kuusi	kuusen
kuusi	kuusi
kuusi	kuusta
kuusi	kuutee
kuusi	kuuteen
kuusikymmentä	kuusikymmentä
kuusikymmentäluku	kuusikymmentäluvulta
kuusikymppiä	kuusikymppiä
kuusipalo	kuusipalo
kuusisto	kuusisto
kuusisto	kuusiston
kuusitoista	kuudentoista
kuusivuotias	kuusivuotiaanako
kuusivuotias	kuusivuotiaat
kuusivuotias	kuusivuotias
kuusivuotias	kuusivuotiasta
kuusivuotias	kuusvuotias
kuustonen	kuustonen
kuusysi	kuusysin
kuutiometri	kuutiometriltä
kuutisensataa	kuutisensataa
kuutisentuhatta	kuutisentuhatta
kuutti	kuutti
kuva	kuva
kuva	kuvaa
kuva	kuvaan
kuva	kuvan
kuva	kuvassa
kuva	kuvasta
kuva	kuvat
kuva	kuvia
kuva	kuviaan
kuva	kuvista
kuva	kuvistani
kuvaaja	kuvaajaa
kuvaaja	kuvaajankin
kuvaamataide	kuvaamataiteessa
kuvaaminen	kuvaamiseen
kuvaaminen	kuvaamisen
kuvailla	kuvailemani
kuvailla	kuvaileva
kuvailla	kuvailevat
kuvailla	kuvailisi
kuvalehti	kuvalehtien
kuvanauha	kuvanauhan
kuvankaunis	kuvankaunis
kuvanlaatu	kuvanlaatuun
kuvaruutu	kuvaruudun
kuvaruutu	kuvaruudusta
kuvaruutu	kuvaruutua
kuvaruutu	kuvaruutuun
kuvaruutunäyttö	kuvaruutunäyttö
kuvastaa	kuvastaa
kuvastin	kuvastin
kuvata	kuvaa
kuvata	kuvaava
kuvata	kuvaavaa
kuvata	kuvaavat
kuvata	kuvaavia
kuvata	kuvanneet
kuvata	kuvasin
kuvata	kuvasivat
kuvata	kuvata
kuvata	kuvaten
kuvata	kuvatessamme
kuvata	kuvatkaamme
kuvata	kuvattavakseni
kuvata	kuvattavia
kuvata	kuvattu
kuvata	kuvatun
kuvata	kuvatut
kuvataide	kuvataide
kuvateksti	kuvatekstinne
kuvaus	kuvauksen
kuvaus	kuvaus
kuvaus	kuvausta
kuvaus	kuvausten
kuvausryhmä	kuvausryhmä
kuvaustilanne	kuvaustilanteessa
kuvio	kuvio
kuvio	kuvioita
kuvio	kuviossa
kuvitella	kuvitelkaapa
kuvitella	kuvitella
kuvitella	kuvitellaan
kuvitella	kuvitellun
kuvitella	kuvitellut
kuvitella	kuviteltu
kuvitella	kuvittele
kuvitella	kuvittelee
kuvitella	kuvittelematta
kuvitella	kuvittelen
kuvitella	kuvittelet
kuvitella	kuvittelevat
kuvitella	kuvittelin
kuvitella	kuvittelivat
kuvitelma	kuvitelma
kuvitteleminen	kuvitteleminen
kuvitus	kuvitus
kuwait	kuwaitiin
kuwait	kuwaitissa
kvanttimekaniikka	kvanttimekaniikkaa
ky	ky
kyetä	kyennyt
kyetä	kyetty
kyetä	kyettävä
kyetä	kyetäkseen
kyetä	kyetään
kyetä	kykene
kyetä	kykenee
kyetä	kykenemme
kyetä	kykenemättömäksi
kyetä	kykeneviä
kyetä	kykenevät
kyetä	kykenisi
kyetä	kykenivät
kyhjöttää	kyhjötti
kyky	kyky
kyky	kykyjä
kyky	kyvyiltään
kyljelleen	kyljelleen
kylki	kyljestä
kylki	kyljet
kylki	kyljiltä
kylki	kyljissä
kylki	kyljistä
kylki	kylkeen
kylki	kylkiä
kylkiluu	kylkiluu
kylkiäinen	kylkiäisenä
kylli	kylli
kylliksi	kylliksi
kyllin	kyllin
kyllä	kyl
kyllä	kylhän
kyllä	kyllä
kyllä	kyllähän
kyllä	kylläkin
kyllä	kylläkään
kyllä	kylläpä
kyllä	kylläpäs
kyllä	kylä
kyllästynyt	kyllästyneenä
kyllästyä	kyllästyi
kyllästyä	kyllästyisi
kyllästyä	kyllästyisin
kyllästyä	kyllästyneet
kyllästyä	kyllästynyt
kyllästyä	kyllästytte
kyllästyä	kyllästyy
kyllästäminen	kyllästämistä
kyllästämö	kyllästämöstä
kylmiltään	kylmiltään
kylmissään	kylmissään
kylmyys	kylmyys
kylmyys	kylmyyttä
kylmä	kylmempi
kylmä	kylmillä
kylmä	kylmimpänä
kylmä	kylmin
kylmä	kylminä
kylmä	kylmä
kylmä	kylmällä
kylmä	kylmältä
kylmä	kylmän
kylmä	kylmänä
kylmä	kylmässä
kylmä	kylmää
kylmä	kylmään
kylmäkiskoisuus	kylmäkiskoisuus
kylmäkomero	kylmästäkomerosta
kylmäominaisuus	kylmäominaisuuksien
kylmäsavukasleri	kylmäsavukaslerista
kylmätä	kylmäsi
kylpeä	kylypee
kylpijämies	kylpijämiehen
kylpijätär	kylpijättäriä
kylpy	kylvyssä
kylpyhuone	kylpyhuone
kylpyhuone	kylpyhuoneeseen
kylpyhuone	kylpyhuoneet
kylpytakki	kylpytakki
kyltti	kyltti
kylvettäjämummo	kylvettäjämummo
kylvettää	kylvettää
kylväjä	kylväjät
kylvää	kylvetyillä
kylvää	kylvetään
kylvää	kylvin
kylvö	kylvö
kylä	kyliä
kylä	kylä
kylä	kylälle
kylä	kylällä
kylä	kylän
kylä	kyläs
kylä	kylässä
kylä	kyläst
kylä	kylät
kylä	kylää
kylä	kylään
kylähullu	kylähulluiksi
kylähullu	kylähullun
kyläkauppa	kyläkauppaan
kyläkirja	kyläkirjoja
kyläläinen	kyläläinen
kyläläinen	kyläläiset
kyläläinen	kyläläisten
kyläraitti	kyläraitin
kymmen	kymmen
kymmenen	kymmene
kymmenen	kymmenellä
kymmenen	kymmeneltä
kymmenen	kymmenen
kymmenen	kymmenestä
kymmenen	kymmenhiv
kymmenen	kymmenien
kymmenen	kymmenin
kymmenen	kymmeniä
kymmenen	kymmentä
kymmenentuhatta	kymmeniätuhansia
kymmenes	kymmenennellä
kymmenes	kymmenennen
kymmenes	kymmenes
kymmenesosa	kymmenesosaa
kymmenesosa	kymmenesosaakaan
kymmenisen	kymmenisen
kymmenkertainen	kymmenkertainen
kymmenkunta	kymmenkunnalle
kymmenkunta	kymmenkunta
kymmenluku	kymmenluvullaan
kymmenminuuttinen	kymmenminuuttisen
kymmenottelu	kymmenottelua
kymppi	kympillä
kymppi	kympin
kymppi	kympit
kymppi	kymppi
kymppi	kymppini
kymppikesäinen	kymppikesäisenä
kymppitonni	kymppitonnien
kymppitonni	kymppitonnin
kynnys	kynnyksen
kynnysmatto	kynnysmatoksi
kynnysmatto	kynnysmattoon
kynsi	kynnen
kynsi	kynnet
kynsi	kynsin
kynsilevy	kynsilevy
kynsäisy	kynsäisy
kynteli	kynteli
kynttilä	kynttilän
kynttilä	kynttilät
kynttilä	kynttilää
kynttilä	kynttilöitä
kyntö	kynnön
kyntötyö	kyntötyöt
kynä	kyniä
kynä	kynä
kynä	kynän
kynä	kynäni
kynä	kynää
kynänpää	kynänpäitä
kypros	kyproksella
kypros	kyproksesta
kyproslainen	kyproslaisia
kypsennysjärjestys	kypsennysjärjestyksen
kypsennyslaatikko	kypsennyslaatikkoon
kypsyinen	kypsynen
kypsytellä	kypsytellään
kypsytys	kypsytyksen
kypsyä	kypsymäisillään
kypsyä	kypsymässä
kypsyä	kypsyneitä
kypsyä	kypsynyt
kypsyä	kypsytty
kypsyä	kypsyvä
kypsyä	kypsyvät
kypsyä	kypsyy
kypsä	kypsempi
kypsä	kypsä
kypsä	kypsää
kypsähkö	kypsähkössä
kypärä	kypärä
kypärä	kypärättä
kyrel	kyrelin
kyrez	kyrez
kyrö	kyrö
kyröskoski	kyröskoskella
kyse	kyse
kyse	kyseessä
kyseenalainen	kyseenalaiseksi
kyseenalainen	kyseenalaista
kyseessä	kyseessä
kyseinen	kyseinen
kyseinen	kyseisen
kyseinen	kyseisestä
kyseinen	kyseiset
kyseinen	kyseisinä
kyseinen	kyseisistä
kyselijä	kyselijöillä
kysellä	kysele
kysellä	kyselee
kysellä	kyselemätön
kysellä	kyselemään
kysellä	kyselevät
kysellä	kyseli
kysellä	kyselimme
kysellä	kyselin
kysellä	kyselisivät
kysellä	kyselleet
kysellä	kysellyt
kysely	kysely
kysely	kyselyssä
kysely	kyselyyn
kysely	kyselyä
kysyjä	kysyjien
kysyjä	kysyjä
kysyjä	kysyjää
kysymys	kysymykseen
kysymys	kysymyksen
kysymys	kysymykseni
kysymys	kysymyksensä
kysymys	kysymyksessä
kysymys	kysymykset
kysymys	kysymyksiin
kysymys	kysymyksistä
kysymys	kysymyksiä
kysymys	kysymys
kysymys	kysymysten
kysymys	kysymystä
kysymysmerkki	kysymysmerkiksi
kysymysmerkki	kysymysmerkkiä
kysyntä	kysynnästä
kysyntä	kysyntä
kysyntä	kysyntää
kysyntä	kysyntään
kysytty	kysyttyä
kysyä	kysy
kysyä	kysyi
kysyä	kysyimme
kysyä	kysyin
kysyä	kysyipä
kysyä	kysyisi
kysyä	kysyisin
kysyä	kysyit
kysyä	kysymässä
kysyä	kysymästä
kysyä	kysymättä
kysyä	kysymään
kysyä	kysyn
kysyä	kysynkin
kysyä	kysyny
kysyä	kysynyt
kysyä	kysypäs
kysyä	kysytkin
kysyä	kysyttiin
kysyä	kysytty
kysyä	kysyttäessä
kysyä	kysyttäis
kysyä	kysyttävä
kysyä	kysytä
kysyä	kysytään
kysyä	kysyvät
kysyä	kysyy
kysyä	kysyä
kysäistä	kysäisemään
kysäistä	kysäistä
kytkeminen	kytkeminen
kytkentä	kytkennästä
kytkentä	kytkentöjä
kytkeä	kytketty
kytkeä	kytkettynä
kytkeä	kytketyn
kytkeä	kytketään
kytkin	kytkintä
kytkös	kytkökset
kyttä	kyttien
kytäjä	kytäjällä
kytätä	kyttäävät
kyvytön	kyvytön
kyy	kyyt
kyyhöttää	kyyhöttivät
kyykistellä	kyykistelee
kyykky	kyykkyyn
kyykäärme	kyykäärme
kyynel	kyynel
kyynel	kyyneleet
kyynel	kyynelten
kyynistyä	kyynistyneeni
kyynisyys	kyynisyydestä
kyynärpää	kyynärpäällään
kyynärvarsi	kyynärvarresta
kyynärvarsi	kyynärvarsia
kyyry	kyyryssä
kyyti	kyydissä
kyyti	kyytiin
kyyti	kyytinsä
kyyti	kyytiä
kyytipoika	kyytipoika
kyösti	kyösti
kädenjälki	kädenjälki
kädenpuristus	kädenpuristuksen
kädenpuristus	kädenpuristus
kädenselkä	kädenselkää
kädentaito	kädentaitojen
käheä	käheäksi
kähmiä	kähminy
kähveltää	kähvellettiin
kähärä	kähärän
käly	käly
kämmen	kämmenellä
kämmen	kämmenensä
kämmen	kämmenillä
kämmen	kämmentä
kämmenselkä	kämmenselkäänsä
kämp	kämpissä
kämppä	kämpilleen
kämppä	kämppä
kämppä	kämppänsä
kämppä	kämpän
kämppä	kämpässä
känni	kännissä
kännikala	kännikalaa
kännipäissä	kännipäissä
kännykkä	kännykkä
kännykkä	kännykkää
kännykkäpuhelin	kännykkäpuhelimensa
känsäkoura	känsäkoura
käpristyä	käpristyi
käpylä	käpylästä
käpyläntie	käpyläntiellä
käpynahkia	käpynahkialle
kärheä	kärheä
kärhämä	kärhämiin
kärkevyys	kärkevyydellä
kärkevä	kärkevää
kärki	kärjessä
kärki	kärkeen
kärki	kärki
kärkikahina	kärkikahinoihin
kärkikamppailu	kärkikamppailu
kärkimaa	kärkimaista
kärkimaa	kärkimaita
kärkipää	kärkipäässä
kärkitulos	kärkituloksen
kärkkyä	kärkkymään
kärkölä	kärkölään
kärpijoki	kärpijoki
kärppä	kärppä
kärppä	kärppänä
kärpänen	kärpäsiä
kärry	kärryissä
kärry	kärryjen
kärry	kärryyn
kärsijä	kärsijä
kärsimys	kärsimykset
kärsimys	kärsimystä
kärsimätön	kärsimättömänä
kärsivällisesti	kärsivällisesti
kärsivällisyys	kärsivällisyys
kärsiä	kärsi
kärsiä	kärsii
kärsiä	kärsiikö
kärsiä	kärsimättä
kärsiä	kärsinyt
kärsiä	kärsittiin
kärsiä	kärsiville
kärsiä	kärsivät
kärsiä	kärsiä
käry	käry
kärähtää	kärähti
käräjä-	käräjä-
käräjäoikeus	käräjäoikeudessa
käräjäoikeus	käräjäoikeus
käsi	kädelleen
käsi	kädellä
käsi	kädellään
käsi	käden
käsi	kädessä
käsi	kädessään
käsi	kädestä
käsi	kädet
käsi	käsi
käsi	käsiini
käsi	käsiinsä
käsi	käsilhää
käsi	käsilläni
käsi	käsillään
käsi	käsin
käsi	käsis
käsi	käsissä
käsi	käsissämme
käsi	käsistä
käsi	käsistään
käsi	käsiä
käsi	käsiäni
käsi	käsiään
käsi	käteen
käsi	käteenne
käsi	käteensä
käsi	käteni
käsi	kätenne
käsi	kätensä
käsi	kätesä
käsi	kättä
käsi	kättäni
käsi	kättään
käsiala	käsialalla
käsikampi	käsikammin
käsikirja	käsikirjat
käsikirjoittaa	käsikirjoittama
käsikirjoittaja	käsikirjoittajiin
käsikirjoitus	käsikirjoituksen
käsikirjoitus	käsikirjoituksensa
käsikirjoitus	käsikirjoituksesta
käsikirjoitus	käsikirjoituksia
käsikirjoitus	käsikirjoitus
käsikirjoitus	käsikirjoitusta
käsiksi	käsiksi
käsikynkkä	käsikynkkää
käsikynkkää	käsikynkkää
käsilaukku	käsilaukuilla
käsileikkaus	käsileikkauksen
käsin	käsin
käsintaottu	käsintaottua
käsintehty	käsintehtyä
käsipallotausta	käsipallotausta
käsiraha	käsirahan
käsirauta	käsiraudoitta
käsirysy	käsirysy
käsissä	käsissä
käsistä	käsistään
käsite	käsite
käsite	käsitteenä
käsite	käsitteet
käsitellä	käsitellessään
käsitellä	käsitellyt
käsitellä	käsitellä
käsitellä	käsitellään
käsitellä	käsiteltiin
käsitellä	käsitelty
käsitellä	käsiteltäessä
käsitellä	käsiteltäneen
käsitellä	käsiteltäviksi
käsitellä	käsiteltävän
käsitellä	käsittelee
käsitellä	käsittelemään
käsitellä	käsittelet
käsitellä	käsittelivät
käsitiskiaine	käsitiskiainetta
käsitteellistää	käsitteellistää
käsittely	käsittely
käsittely	käsittelyn
käsittely	käsittelystä
käsittely	käsittelyä
käsittää	käsitettynä
käsittää	käsittäen
käsittää	käsittämättään
käsittää	käsittämättömän
käsittää	käsittämätön
käsittää	käsittämätöntä
käsittää	käsittäneeni
käsittää	käsittänyt
käsittää	käsittää
käsittää	käsittääkseen
käsittää	käsittääksemme
käsittää	käsittääkseni
käsittää	käsittääksenne
käsittää	käsitä
käsitys	käsitykseen
käsitys	käsityksen
käsitys	käsityksessä
käsitys	käsitykset
käsitys	käsityksiä
käsitys	käsityksiämme
käsitys	käsitys
käsityö	käsitöissä
käsityöläisyys	käsityöläisyyden
käsivarsi	käsivarrelle
käsivarsi	käsivarresta
käsivarsi	käsivartensa
käsivarsi	käsivarttaan
käskeä	käskee
käskeä	käskemättä
käskeä	käskemään
käskeä	käskeneet
käskeä	käskenyt
käskeä	käskettiin
käskeä	käsketty
käskeä	käskin
käsky	käskystä
käsky	käskystäni
käskymuoto	käskymuoto
käskynhaltija	käskynhaltijan
käskytys	käskytys
käteinen	käteisellä
käteinen	käteistä
käteiskassa	käteiskassat
käteismaksu	käteismaksua
kätellä	kätellään
kätellä	kättelemme
kätellä	kätteli
kätellä	kättelivät
kätevä	kätevä
kätevä	kätevän
käteväkäyttöinen	käteväkäyttöinen
kätilö	kätilö
kätilö	kätilöstä
kätilöopisto	kätilöopistolla
kätkeytyä	kätkeytyä
kätkeä	kätkee
kätkeä	kätkenyt
kätkeä	kätketty
kätkö	kätkön
kättely	kättelyssä
käveleminen	käveleminen
kävelijä	kävelijät
kävellä	kävelee
kävellä	käveleen
kävellä	kävelemässä
kävellä	kävelemään
kävellä	kävelen
kävellä	kävelevä
kävellä	kävelevällä
kävellä	kävelevän
kävellä	kävelevät
kävellä	käveli
kävellä	kävelimme
kävellä	kävelin
kävellä	kävelisin
kävellä	kävelivät
kävellä	kävelleet
kävellä	kävellen
kävellä	kävellessäni
kävellä	kävellessään
kävellä	kävellyt
kävellä	kävellä
kävellä	käveltävä
kävely	kävelylle
kävely	kävelyt
kävely	kävelyä
kävelykatu	kävelykadun
kävelylenkki	kävelylenkki
kävelypuku	kävelypuku
kävelypuku	kävelypukuun
kävelyttäjä	kävelyttäjät
kävelyttää	kävelyttää
kävijä	kävijä
kävijä	kävijöiden
kävijä	kävijöitä
kävijämäärä	kävijämääriin
käväistä	käväistä
käydä	kävi
käydä	kävikin
käydä	kävikö
käydä	kävimme
käydä	kävin
käydä	kävinhän
käydä	kävipä
käydä	kävis
käydä	kävisikin
käydä	kävisikö
käydä	kävisin
käydä	kävisivät
käydä	kävit
käydä	kävitkö
käydä	kävitte
käydä	kävivät
käydä	käy
käydä	käydessä
käydä	käydessään
käydä	käydyksi
käydä	käydyssä
käydä	käydä
käydä	käydään
käydä	käydäänpäs
käydä	käykää
käydä	käykääpä
käydä	käykö
käydä	käymme
käydä	käymällä
käydä	käymässä
käydä	käymästä
käydä	käymätön
käydä	käymää
käydä	käymään
käydä	käyn
käydä	käyneet
käydä	käynt
käydä	käyny
käydä	käynyp
käydä	käynyt
käydä	käynytkään
käydä	käyp
käydä	käyt
käydä	käytii
käydä	käytiin
käydä	käyts
käydä	käytte
käydä	käyty
käydä	käytyk
käydä	käytyä
käydä	käytyään
käydä	käytäisiin
käydä	käytävä
käydä	käytävät
käydä	käyvien
käydä	käyville
käydä	käyvä
käydä	käyvän
käydä	käyvät
käyminen	käymiseen
käymä	käymältä
käymälä	käymälässä
käymälä	käymälät
käymäseltään	käymäseltään
käynnistyksenestolaite	käynnistyksenestolaite
käynnistyä	käynnistyi
käynnistyä	käynnistyneet
käynnistyä	käynnistynyt
käynnistyä	käynnistyvän
käynnistyä	käynnistyy
käynnistyä	käynnistyä
käynnistää	käynnistettiin
käynnistää	käynnistetään
käynnistää	käynnistin
käynnistää	käynnistämä
käynnistää	käynnistämässä
käynnistää	käynnistäneet
käynnistää	käynnistää
käynnistää	käynnistääksesi
käynti	käynnillä
käynti	käynnissä
käynti	käyntejä
käynti	käynti
käynti	käyntiin
käynti	käyntiä
käyntikortti	käyntikortteja
käyrä	käyrä
käytellä	käytellä
käytellä	käyttelee
käytetty	käytettyä
käytetty	käytetyt
käyttäjä	käyttäjiin
käyttäjä	käyttäjiksi
käyttäjä	käyttäjille
käyttäjä	käyttäjiä
käyttäjä	käyttäjän
käyttäjä	käyttäjänsä
käyttäminen	käyttäminen
käyttäminen	käyttämiseksi
käyttäytyminen	käyttäytyminen
käyttäytyä	käyttäydy
käyttäytyä	käyttäydytte
käyttäytyä	käyttäytyisitte
käyttäytyä	käyttäytynyt
käyttäytyä	käyttäytyä
käyttää	käytettiin
käyttää	käytetty
käyttää	käytettyjä
käyttää	käytettykään
käyttää	käytettynä
käyttää	käytettyyn
käyttää	käytettäviksi
käyttää	käytettävissä
käyttää	käytettävissään
käyttää	käytettäviä
käyttää	käytettävä
käyttää	käytettäväksi
käyttää	käytettävälle
käyttää	käytettävän
käyttää	käytettävänään
käyttää	käytetyksi
käyttää	käytetyn
käyttää	käytetystä
käyttää	käytetä
käyttää	käytetää
käyttää	käytetään
käyttää	käytitkös
käyttää	käytti
käyttää	käyttivät
käyttää	käyttäen
käyttää	käyttäis
käyttää	käyttäisi
käyttää	käyttäisitte
käyttää	käyttämistä
käyttää	käyttämällä
käyttää	käyttämästä
käyttää	käyttämät
käyttää	käyttämättä
käyttää	käyttämättömiä
käyttää	käyttämään
käyttää	käyttäny
käyttää	käyttänyt
käyttää	käyttävä
käyttää	käyttävän
käyttää	käyttäväsi
käyttää	käyttävät
käyttää	käyttää
käyttää	käyttääkseni
käyttää	käytä
käyttää	käytämme
käyttää	käytät
käyttö	käyttö
käyttö	käyttöä
käyttö	käyttöön
käyttö	käyttöönsä
käyttö	käytön
käyttö	käytössä
käyttö	käytössäni
käyttö	käytössään
käyttö	käytöstä
käyttö	käytöstään
käyttöaste	käyttöastetta
käyttöauto	käyttöautoon
käyttöjärjestelmä	käyttöjärjestelmänsä
käyttökelpoinen	käyttökelpoiseksi
käyttökelpoinen	käyttökelpoisen
käyttökustannus	käyttökustannukset
käyttölupa	käyttölupani
käyttömukavuus	käyttömukavuus
käyttöohje	käyttöohjeet
käyttötarve	käyttötarpeita
käyttöturvallisuus	käyttöturvallisuus
käyttövastike	käyttövastiketta
käyttöyksikkö	käyttöyksikön
käytännöllinen	käytännöllinen
käytännöllisesti	käytännöllisesti
käytäntö	käytännön
käytäntö	käytännössä
käytäntö	käytännössäkin
käytäntö	käytäntö
käytäntö	käytäntöön
käytävä	käytävillä
käytävä	käytäviltä
käytävä	käytäviä
käytävä	käytävällä
käytös	käytöksestä
käytös	käytös
käytöstapa	käytöstavoissa
kääk	kääk
käänne	käännettä
käänne	kääntein
käänne	käänteitä
käännyttää	käännytettiin
käännähtää	käännähtää
käännättää	käännättänyt
käännös	käännöksen
käännös	käännöksestä
käännös	käännös
käännöstermi	käännöstermeiltään
kääntyjä	kääntyjä
kääntyminen	kääntyminen
kääntyminen	kääntymisen
kääntyä	käänny
kääntyä	käännyt
kääntyä	käännytte
kääntyä	käännytään
kääntyä	kääntyi
kääntyä	kääntyivät
kääntyä	kääntymään
kääntyä	kääntynyt
kääntyä	kääntyvät
kääntyä	kääntyy
kääntyä	kääntyä
kääntäjä	kääntäjän
kääntämishomma	kääntämishommaa
kääntämiskysymys	kääntämiskysymys
kääntää	kiäns
kääntää	käännettiin
kääntää	käännetty
kääntää	käännettävissä
kääntää	käännetäänpä
kääntää	käännä
kääntää	käännän
kääntää	käänsi
kääntää	käänsikö
kääntää	käänsin
kääntää	kääntäessään
kääntää	kääntämään
kääntää	kääntää
kääntö	kääntö
kääntösäde	kääntösäde
kääpiäinen	kääpiäinen
kääpiäinen	kääpiäiselle
käärepaperi	käärepaperiin
kääriytyä	kääriytyisin
kääriytyä	kääriytynyt
kääriä	käärimään
kääriäinen	kääriäinen
kääriäinen	kääriäisen
käärme	käärme
käärme	käärmeen
käärme	käärmeitä
käärmeenliha	käärmeenlihaa
kääräistä	kääräisen
kömpelyys	kömpelyyden
kömpelö	kömpelöitä
köngäs	könkään
könig	könig
könkkölä	könkkölä
könni	könnin
köyhtyä	köyhdyttävä
köyhtyä	köyhtyisin
köyhyys	köyhyyden
köyhyys	köyhyys
köyhä	köyhempiä
köyhä	köyhien
köyhä	köyhille
köyhä	köyhillä
köyhä	köyhimmillä
köyhä	köyhissä
köyhä	köyhiä
köyhä	köyhä
köynnös	köynnös
köysi	köydellä
köysi	köyden
köysi	köysi
köysi	köyttä
l	l
laadukas	laadukasta
laadukas	laadukkaalla
laadukas	laadukkaampaa
laadukas	laadukkaat
laahata	laahasi
laahautua	laahautui
laahustus	laahustuksen
laaja	laaja
laaja	laajaa
laaja	laajalta
laaja	laajan
laaja	laajasta
laaja	laajemmalle
laaja	laajempi
laaja	laajempia
laaja	laajoja
laaja-alainen	laaja-alainen
laaja-alaisesti	laaja-alaisesti
laajalti	laajalti
laajasti	laajasti
laajemmalti	laajemmaltikin
laajeneminen	laajeneminen
laajentaminen	laajentamista
laajentua	laajentua
laajentua	laajentuivat
laajentua	laajentunut
laajentuminen	laajentuminen
laajeta	laajenee
laajeta	laajennut
laajeta	laajeta
laajimmillaan	laajimmillaan
laajuisesti	laajuisesti
laajuus	laajuudessa
laajuus	laajuudesta
laakea	laakealla
laakea	laakeat
laakeri	laakerien
laakso	laakson
laaksonen	laaksosesta
laamanen	laamanen
laantuminen	laantumiseen
laasanen	laasanen
laasonen	laasonen
laatia	laadittu
laatia	laatima
laatia	laatinut
laatia	laativat
laatija	laatijat
laatikko	laatikko
laatikko	laatikkoa
laatikko	laatikoista
laatikko	laatikoita
laatikko	laatikon
laatikko	laatikossa
laatikko	laatikot
laatiminen	laatiminen
laatokan-karjala	laatokan-karjala
laatta	laatta
laatu	laadun
laatu	laadussa
laatu	laadusta
laatu	laatu
laatu	laatuaan
laatu	laatuani
laatu	laatuun
laatuisa	laatuisia
laatujärjestelmä	laatujärjestelmää
laatutavara	laatutavaraa
laatutuote	laatutuotteen
laavavirta	laavavirtoja
laavu	laavussa
labarthen	labarthen
laboratorio	laboratooriossa
labour	labourin
lada	ladan
lada	ladasta
ladata	ladattu
ladata	ladattuna
laestadius	laestadiuksen
lafaytte-puisto	lafaytte-puistoon
lafka	lafka
lafontaine	lafontainen
lahja	lahja
lahja	lahjaa
lahja	lahjaksi
lahja	lahjan
lahja	lahjana
lahja	lahjoiksi
lahja	lahjoista
lahja	lahjoja
lahja	lahjojasi
lahjakas	lahjakas
lahjakkuus	lahjakkuuden
lahjakkuus	lahjakkuudet
lahjakkuus	lahjakkuuksia
lahjakkuus	lahjakkuus
lahjakkuus	lahjakkuutta
lahjalista	lahjalistat
lahjapaperi	lahjapaperit
lahjatavara	lahjatavaraa
lahjoa	lahjomatonta
lahjoittaa	lahjoittaa
lahjoittaa	lahjoittamaa
lahjoitus	lahjoituksellaan
lahjoitus	lahjoitukset
laho	laho
lahonkesto	lahonkesto
lahota	lahonneet
lahottaa	lahottanut
lahti	lahden
lahti	lahdessa
lahti	lahdesta
lahti	lahteen
lahti	lahti
lahtinen	lahtinen
lahtinen	lahtisen
lahtivalas	lahtivalas
laiha	laiha
laiha	laihaa
laiha	laihalta
laiha	laihan
laiha	laihempi
laiha	laihojen
laihduttaa	laihdutan
laihduttaa	laihduttaa
laihduttaja	laihduttajan
laihduttaja	laihduttajat
laihdutus	laihdutuksen
laihdutuskuuri	laihdutuskuuri
laihialainen	laihialaiset
laihosalo	laihosalo
laihtua	laihtua
laihtua	laihtui
laihtua	laihtunut
laikku	laikkuja
lailla	lailla
laillinen	laillinen
laillisesti	laillisesti
laimea	laimea
laimea	laimeita
laimin	laimin
laiminlyödä	laiminlyödä
laiminlyödä	laiminlyönyt
laina	laina
laina	lainaa
laina	lainalla
laina	lainalle
laina	lainoista
laina	lainoja
laina	lainojen
lainailla	lainaillaan
lainakorko	lainakorkojen
lainalainen	lainalainen
lainamateriaali	lainamateriaalin
lainata	lainaamaan
lainata	lainaamasi
lainata	lainaavat
lainata	lainaisi
lainata	lainasin
lainata	lainata
lainata	lainatakseni
lainata	lainatessaan
lainata	lainattaisiin
lainata	lainattuja
lainaus	lainaukset
laine	laine
laine	lainekin
lainkaan	lainkaan
lainkuuliainen	lainkuuliaiset
lainkäyttö	lainkäytön
lainsäädäntö	lainsäädännössä
lainsäädäntö	lainsäädäntö
lainsäädäntö	lainsäädäntöään
lainsäädäntövalta	lainsäädäntövaltansa
lainsäätäjä	lainsäätäjät
lainvalmistelu	lainvalmistelussa
laiska	laiska
laiska	laiskana
laiska	laiskempi
laiskasti	laiskasti
laiskotella	laiskottelemaan
laiskottelu	laiskottelu
laiskuus	laiskuuttaan
laita	laidalla
laita	laidalle
laita	laidassa
laita	laidasta
laita	laita
laita	laitaa
laita	laitaan
laita	laitoi
laitattaa	laitatti
laite	laite
laite	laitetta
laite	laitteen
laite	laitteeseen
laite	laitteesta
laite	laitteet
laite	laitteiden
laite	laitteilla
laitehankinta	laitehankintaa
laitila	laitilan
laitinen	laitinen
laiton	laiton
laiton	laitonta
laiton	laittomii
laitos	laitoksella
laitos	laitoksen
laitos	laitoksessa
laitos	laitokset
laitos	laitos
laitos-	laitos-
laitosmainen	laitosmaisesta
laittaa	laita
laittaa	laitan
laittaa	laitat
laittaa	laitetaan
laittaa	laitetaanko
laittaa	laitettii
laittaa	laitettiin
laittaa	laitettu
laittaa	laitoin
laittaa	laitoitko
laittaa	laittaa
laittaa	laittaan
laittaa	laittaisi
laittaa	laittaisimme
laittaa	laittamaan
laittaa	laittamalla
laittaa	laittamassa
laittaa	laittanut
laittaa	laittasivat
laittaa	laittavat
laittaa	laittavatko
laittaa	laitto
laittaa	laittoi
laittaa	laittoivat
laituri	laitureihin
laituri	laituri
laituri	laituria
laituri	laiturilla
laituri	laiturille
laituri	laiturilta
laituri	laiturissa
laiva	laiva
laiva	laivaa
laiva	laival
laiva	laivalla
laiva	laivan
laiva	laivasa
laiva	laivojen
laivahotelli	laivahotelliin
laivalasti	laivalasti
laivarommi	laivarommia
laji	lajeihin
laji	lajeista
laji	lajeja
laji	laji
laji	lajien
laji	lajiin
laji	lajille
laji	lajin
laji	lajinsa
laji	lajissaan
laji	lajistaan
lajike	lajikkeeksi
lajikkeittain	lajikkeittain
lajitella	lajitellaan
lajittelu	lajittelua
lajityyppi	lajityypin
lajityyppi	lajityypistä
lajityyppi	lajityyppien
lajityyppi	lajityyppiin
lajunen	lajunen
lakaista	lakaisi
lakaista	lakaisin
lakana	lakanan
lakana	lakanat
lakana	lakanoihin
lakata	lakkaamatta
lakata	lakkasi
lakata	lakkasin
lakeus	lakeuden
laki	lailla
laki	lain
laki	laissa
laki	laista
laki	lait
laki	laitkin
laki	lakeja
laki	laki
laki	lakia
laki	lakien
laki	lakiin
laki	lakikin
lakiesitys	lakiesityksen
lakifirma	lakifirmassa
lakijyrkänne	lakijyrkänteen
lakikieli	lakikielemme
lakikirja	lakikirjoja
lakiluonnos	lakiluonnoksissa
lakiluonnos	lakiluonnos
lakipiste	lakipisteeseen
lakka	lakalla
lakka	lakkaa
lakka	lakkoja
lakkauttaa	lakkautettavaksi
lakkauttaa	lakkautettu
lakkauttaa	lakkautettuna
lakkauttaa	lakkauttaa
lakkauttaminen	lakkauttaminen
lakkauttaminen	lakkauttamisesta
lakki	lakki
lakki	lakkia
lakkiaiset	lakkiaisissa
lakko	lakko
lakko	lakon
lakko	lakossa
lakko	lakosta
lakko	lakot
laktoosi-intoleranssi	laktoosi-intoleranssi
lama	lama
lama	lamaan
lama	laman
lama	lamasta
lamaannus	lamaannuksestani
lamaantua	lamaantuneessa
lamassa	lamassa
lamavuosi	lamavuodet
lamavuosi	lamavuonna
lammas	lammasta
lammas	lampaan
lammas	lampaat
lammas	lampaita
lammaslauma	lammaslaumat
lammaspaisti	lammaspaistia
lammi	lammilta
lammikko	lammikoissa
lampaanliha	lampaanliha
lampela	lampela
lampi	lammella
lampi	lammen
lampi	lammet
lampi	lampeen
lamppu	lamppu
lancia	lancian
lang	langin
lanka	langassa
lanka	langat
lanka	lanka
lankku	lankkua
lankku	lankkuja
lankomies	lankomies
lanne	lanteilta
lannistaa	lannistivat
lantti	lantti
laokoon-runo	laokoon-runon
lapanen	lapanen
lapinhilla	lapinhilloja
lapinleimu	lapinleimu
lapio	lapiolla
lapio	lapiota
lapiotyö	lapiotöitä
lappaa	lappaa
lappajärvi	lappajärven
lappajärvi	lappajärvessä
lappalainen	lappalaiset
lappalainen	lappalaisilta
lappeenranta	lappeenrannan
lappi	lapin
lappi	lapissa
lappi	lapista
lappi	lappia
lappi	lappiin
lappilainen	lappilainen
lappu	lappu
lappu	lappua
lappu	lappuihin
lappu	lapu
lappu	lapun
lappu	laput
lappunen	lappusia
lapputesti	lapputestejä
lapsellinen	lapsellisena
lapsenlapsi	lapsenlapset
lapsentyttö	lapsentyttö
lapsenvahti	lapsenvahti
lapsenvahti	lapsenvahtina
lapseus	lapseuttaan
lapsi	lapsella
lapsi	lapselle
lapsi	lapselleen
lapsi	lapsen
lapsi	lapsena
lapsi	lapseni
lapsi	lapsenne
lapsi	lapsensa
lapsi	lapsessa
lapsi	lapsesta
lapsi	lapsestakin
lapsi	lapset
lapsi	lapsetkin
lapsi	lapsi
lapsi	lapsia
lapsi	lapsiinhan
lapsi	lapsijakkiihan
lapsi	lapsikaan
lapsi	lapsikin
lapsi	lapsil
lapsi	lapsilla
lapsi	lapsillakin
lapsi	lapsille
lapsi	lapsilleen
lapsi	lapsillenne
lapsi	lapsillensa
lapsi	lapsilta
lapsi	lapsina
lapsi	lapsineen
lapsi	lapsineni
lapsi	lapsissa
lapsi	lapsista
lapsi	lapsistaan
lapsi	lasta
lapsi	lastani
lapsi	lasten
lapsi	lastensa
lapsikiintiö	lapsikiintiö
lapsikärry	lapsikärryjä
lapsilisä	lapsilisien
lapsilisä	lapsilisiin
lapsiperhe	lapsiperheiden
lapsiperhe	lapsiperheitä
lapsivesi	lapsivesi
lapsivihamielinen	lapsivihamielistä
lapsuudenkoti	lapsuudenkodistaan
lapsuus	lapsuudessa
lapsuus	lapsuudestaan
lapsuus	lapsuudestani
lapua	lapualla
lapua	lapuan
lapualainen	lapualaisen
lapualainen	lapualaisesta
larivaara	larivaara
larivaara	larivaaraa
larnia	larnia
larppaaja	larppaaja
lasaretti	lasarettiin
lasat	lasatin
lascelles	lascelles
laseaita	laseaidan
laser	lasereista
lasi	lasejakin
lasi	lasi
lasi	lasia
lasi	lasien
lasi	lasiin
lasi	lasin
lasi	lasinsa
lasi	lasissaan
lasi	lasista
lasi	lasit
lasikuparinen	lasikuparinen
lasilaatikko	lasilaatikon
lasiliike	lasiliike
lasillinen	lasillinen
lasillinen	lasillisen
lasimurska	lasimurska
lasinen	lasinen
lasinsiru	lasinsiruja
lasiovi	lasiovea
lasiseinäinen	lasiseinäisessä
lasitehdas	lasitehtaalle
lasivati	lasivadit
laskea	laske
laskea	laskea
laskea	laskemassa
laskea	laskematta
laskea	laskeneet
laskea	laskenut
laskea	lasketa
laskea	lasketaan
laskea	laskettaisiin
laskea	laskettavaksi
laskea	laskettavissa
laskea	laskettiin
laskea	laskettu
laskea	laskettuna
laskea	laskettuun
laskea	lasketusta
laskea	laskeva
laskea	laskevalle
laskea	laskevansa
laskea	laski
laskea	laskien
laskea	laskiessa
laskea	laskin
laskea	laskisi
laskea	laskivat
laskelma	laskelmaa
laskelma	laskelmat
laskelma	laskelmissa
laskentaohje	laskentaohjeet
laskettelija	laskettelijat
laskettelu	laskettelun
laskettelurinne	laskettelurinteillä
laskeutua	laskeuduimme
laskeutua	laskeutua
laskeutua	laskeutui
laskeutua	laskeutuu
laskeutua	laskeutuva
laskeutuminen	laskeutuminen
laskeutuminen	laskeutumista
laskeutumisvaihe	laskeutumisvaiheessa
laskeutusallas	laskeutusaltaat
laskeva	laskeva
lasku	lasku
lasku	laskujen
lasku	laskumme
lasku	laskun
lasku	laskusta
lasku	laskut
lasku-	lasku-
laskuttaa	laskuta
laskutusvirhe	laskutusvirheestä
laskuvarjo	laskuvarjo
laskuvarjo	laskuvarjon
laskuvarjohyppy	laskuvarjohypyssä
laskuvarjohyppääminen	laskuvarjohyppääminen
laskuvarjojääkäri	laskuvarjojääkäriksi
laskuvarjojääkärikurssi	laskuvarjojääkärikurssin
lasse	lasse
lasse	lassea
lasse	lassekin
lasse	lasselle
lasse	lassen
lasse	lassesi
lasse	lassesta
lassila	lassilalta
last	last
lastata	lastasivat
lastata	lastattu
lastaus	lastaukseen
lastauspaikka	lastauspaikalla
lasten-	lasten-
lastenhoito	lastenhoidon
lastenkoti	lastenkodissa
lastenkotiaika	lastenkotiaika
lastensuojelu-	lastensuojelu-
lastensuojeluviranomainen	lastensuojeluviranomaisia
lastentauti	lastentaudit
lastenteatteri	lastenteattereiden
lasti	lasti
lasti	lastia
lastolite-olkalaukku	lastolite-olkalaukkujen
lataus	lataus
lataus	latausta
latautua	latautunutta
latina	latina
latina	latinaa
latina	latinasta
latinalainen	latinalaisen
latino	latinoina
latoa	lado
latoa	ladottiin
latoa	latoa
latoa	latoi
lattia	lattia
lattia	lattiaan
lattia	lattialla
lattia	lattialle
lattia	lattialta
lattia	lattian
lattia	lattiassa
lattia	lattiat
lattia	lattioita
lattiamatto	lattiamatolle
latu	ladulla
latva	latvassa
latva	latvasta
latvia	latviassa
lauantai	lauantai
lauantai	lauantaiks
lauantai	lauantaiksi
lauantai	lauantaille
lauantai	lauantailta
lauantai	lauantain
lauantai	lauantaina
lauantai-ilta	lauantai-iltaa
lauantai-ilta	lauantai-iltaan
lauantai-ilta	lauantai-iltana
lauantaiaamu	lauantaiaamuna
lauantainen	lauantainen
lauantaisin	lauantaisin
lauantaiyö	lauantaiyönä
laude	lauteet
laude	lauteille
lauerma	lauerman
laueta	laukeaa
lauhtuminen	lauhtuminen
laukaa	laukaan
laukaalainen	laukaalaisen
laukaista	laukaiseva
laukaista	laukaisseeksi
laukaista	laukaistavat
laukaista	laukaistavien
laukaista	laukaistut
laukata	laukkaamaan
laukata	laukkaavasta
laukata	laukkasi
laukaus	laukauksen
laukaus	laukaus
laukaus	laukausta
laukka	laukkaa
laukkailla	laukkailee
laukkanen	laukkanen
laukkanen	laukkasesta
laukkanen	laukkasta
laukku	laukku
laukku	laukkuaan
laukku	laukkuja
laukku	laukkujen
laukku	laukkukin
laukku	laukkuni
laukku	laukkunsa
laukku	laukkuun
laukku	laukussa
laukku	laukusta
laukku	laukut
laukoa	laukoi
laulaa	laulaa
laulaa	laulaen
laulaa	laulamalla
laulaa	laulan
laulaa	laulanut
laulaa	laulavaa
laulaa	laulettas
laulaa	laulettavaksi
laulaa	laulettiin
laulaa	lauloi
laulaa	lauloin
laulaa	lauloivat
laulaja	laulaja
laulaja	laulajan
laulaja	laulajat
laulaja	laulajia
laulaja	laulajiksi
laulaminen	laulamista
laulattaa	laulatti
laulella	lauleli
laulella	laulellen
laulu	laulu
laulu	laulua
laulu	lauluani
laulu	lauluille
laulu	lauluistaan
laulu	lauluja
laulu	laulujani
laulu	laulujen
laulu	laulusta
laulu	laulut
laulukisa	laulukisoja
laulukonsertti	laulukonsertti
laulukoulutus	laulukoulutuksen
laulunkoe	laulunkokeet
lauluperinne	lauluperinne
laulutaito	laulutaito
lauma	laumana
laura	laura
laura	lauraan
laura	lauran
lauran	lauran
lauri	lauri
lauri	lauria
lauri	laurilta
lauri	laurin
lausahdus	lausahduksen
lausahtaa	lausahtavan
lause	lause
lause	lauseen
lause	lauseeseen
lause	lauseessa
lause	lauseiden
lause	lauseitakin
lause	lausetta
lauseenjäsennys	lauseenjäsennystä
lausua	lausui
lausua	lausumaan
lausua	lausumastaan
lausua	lausutaan
lausua	lausuttiin
lausuma	lausumansa
lausuminen	lausumisesta
lausunto	lausunnon
lausunto	lausunnossaan
lausunto	lausunnosta
lausunto	lausunnostaan
lausunto	lausunnot
lausunto	lausunto
lausunto	lausuntoa
lausunto	lausuntoja
lausunto	lausuntonsa
lausuntoautomaatti	lausuntoautomaatiksi
lauta	laudalla
lauta	laudalta
lauta	laudan
lauta	laudat
lauta	laudoillaan
lauta	lautaa
lauta	lautoja
lautakunta	lautakuntaan
lautanen	lautasella
lautanen	lautasellaan
lautanen	lautasellemme
lautanen	lautaselta
lautanen	lautaset
lautanen	lautasta
lautapeli	lautapeliä
lautasliina	lautasliinat
lauteeraata	lauteeraamassa
lautta	lautalla
lauttala	lauttalan
lauttasaari	lauttasaaressa
lava	lava
lava	lavalla
lava	lavalle
lava	lavan
lavakarisma	lavakarismaa
lavastaa	lavastetuksi
lavastus	lavastukselta
laven	lavenin
lavendeli	lavendelilta
laveri	laveri
laveri	laverille
laveri	laverin
laverisänky	laverisänky
lavia	laviasta
lavola	lavolan
le	le
lea	lea
lebed	lebed
lebow	lebow
leena	leena
leena	leenastakaan
leeson	leeson
leevi	leevi
leevi	leeville
lefa	lefa
leffa	leffa
leffa	leffaa
leffa	leffan
leffa	leffassa
leffa	leffasta
leffa	leffat
leffa	leffoista
leffastara	leffastaraan
legend	legend
legenda	legenda
legendaarinen	legendaarinen
lehahtaa	lehahtaneesta
lehahtaa	lehahtanut
lehdenlukija	lehdenlukijana
lehdetön	lehdetön
lehdistö	lehdistö
lehdistö	lehdistössä
lehdistö	lehdistöä
lehdistöedustaja	lehdistöedustaja
lehdistöpäällikkö	lehdistöpäällikkö
lehdistötiedote	lehdistötiedotteet
lehdistötilaisuus	lehdistötilaisuuden
lehmus	lehmus
lehmä	lehmän
lehmä	lehmät
lehmä	lehmää
lehmäaines	lehmäainesta
lehteri	lehtereille
lehti	lehden
lehti	lehdessä
lehti	lehdestä
lehti	lehdestään
lehti	lehdet
lehti	lehdille
lehti	lehdissä
lehti	lehdistä
lehti	lehtemme
lehti	lehteä
lehti	lehti
lehti	lehtien
lehti	lehtiä
lehti-	lehti-
lehtijuttu	lehtijutuista
lehtijuttu	lehtijutut
lehtimaja	lehtimajan
lehtimies	lehtimiehenä
lehtimies	lehtimiehet
lehtimies	lehtimiehiä
lehtimies	lehtimiesten
lehtinen	lehtinen
lehtinen	lehtiselle
lehtinen	lehtisellä
lehtinen	lehtisen
lehtipuu	lehtipuiden
lehtiroskis	lehtiroskikseen
lehtiryhmä	lehtiryhmää
lehtisali	lehtisalit
lehtiö	lehtiö
lehto	lehdon
lehto	lehto
lehtokurppa	lehtokurpat
lehtola	lehtola
lehtonen	lehtonen
lehtonen	lehtosen
lehtoniitty	lehtoniittykin
lehtori	lehtori
lehtori	lehtoriksi
lehtorinvirka	lehtorinvirasta
leif	leif
leijauma	leijauma
leijona	leijona
leijona	leijonan
leijona	leijonia
leijona	leijonien
leijonaharjainen	leijonaharjaisen
leijonakapteeni	leijonakapteeni
leijonakuningas-huuma	leijonakuningas-huumasta
leijua	leijuessaan
leijua	leijuvien
leikata	leikannut
leikata	leikata
leikata	leikataan
leikata	leikattiin
leikata	leikattuna
leikata	leikatun
leikata	leikkaa
leikata	leikkaisivat
leikata	leikkasi
leikekansio	leikekansion
leikellä	leikellää
leikillinen	leikillinen
leikitellä	leikitellen
leikkaaminen	leikkaaminen
leikkaus	leikkauksen
leikkaus	leikkauksesta
leikkaus	leikkaukset
leikkaus	leikkauksia
leikkaus	leikkauksin
leikkaus	leikkauksista
leikkaus	leikkaus
leikkaus	leikkausta
leikkaus	leikkausten
leikkausuudistus	leikkausuudistusten
leikkauttaa	leikkauttamaan
leikki	leikilläni
leikki	leikkejä
leikki	leikkien
leikki	leikkiä
leikkihuone	leikkihuone
leikkikalu	leikkikalut
leikkiminen	leikkimistä
leikkimökki	leikkimökin
leikkimökki	leikkimökistä
leikkipaikka	leikkipaikalta
leikkitoveri	leikkitoverini
leikkiä	leikin
leikkiä	leikitään
leikkiä	leikitäänkö
leikkiä	leikki
leikkiä	leikkimään
leikkiä	leikkivät
leikkiä	leikkiä
leikkuri	leikkureiden
leima	leima
leimahtaa	leimahtaa
leimahtaa	leimahtavat
leimahtaa	leimahti
leimata	leimasivat
leimata	leimata
leimata	leimataan
leimata	leimattava
leimata	leimattavissa
leimata	leimattu
leimautua	leimautui
leimuta	leimuavassa
leino	leinon
leipaista	leipasta
leipoa	leipoa
leipoa	leipoisi
leipoa	leipomaa
leipoa	leipovat
leipoa	leivotaan
leipoa	leivottiin
leipoa	leivottu
leipominen	leipomiseen
leipomo	leipomon
leipomo	leipomosta
leipä	leipiin
leipä	leipiä
leipä	leipä
leipä	leipämme
leipä	leipäni
leipä	leipänsä
leipä	leipää
leipä	leivissä
leipä	leivän
leipäpala	leipäpalaa
leipäpala	leipäpalat
leipätyö	leipätyöhön
leipäviikko	leipäviikolla
leipäviipale	leipäviipaleet
leipävilja	leipäviljaa
leiri	leirillä
leiri	leirin
leiri	leirissä
leiri	leiristä
leiri	leirit
leirijakso	leirijakso
leivintupa	leivintupa
leivinuuni	leivinuuni
leivitys	leivitys
leivo	leivo
leivonnainen	leivonnaisista
leivonta	leivonnan
leivos	leivokset
leivos	leivos
leivänmuru	leivänmuruista
leivänpaahdin	leivänpaahdinta
leivänpaahdin	leivänpaahtimen
leivänpala	leivänpalan
leiväntuoja	leiväntuojiani
lekata	lekkasivat
lelu	leluihin
lelu	leluilla
lelu	lelun
lelukioski	lelukioski
lelukorjaamo	lelukorjaamoja
lemahtaa	lemahtavan
lemieux	lemieux
lemmikkirotta	lemmikkirotta
lempeytyä	lempeytyy
lempeä	lempeetä
lempeä	lempeitä
lempeä	lempeä
lempeä	lempeäksi
lempeä	lempeän
lempeä	lempeässä
lempi	lempi
lempihanke	lempihankkeistaan
lempiharrastus	lempiharrastus
lempinen	lempisellä
lempinimi	lempinimi
lempiväri	lempivärini
lempäälä	lempäälän
lemuta	lemusi
lenin	lenin
lenin-museo	lenin-museo
leningrad	leningradiin
leninkuu	leninkuuksi
leninlandia	leninlandiaa
lenkkeilijä	lenkkeilijät
lenkkeilyalue	lenkkeilyalueella
lenkki	lenkille
lenkki	lenkillä
lenkki	lenkin
lenkki	lenkistä
lenkki	lenkki
lenkkipuku	lenkkipuvussaan
lennart	lennart
lennellä	lentelee
lennellä	lentelemässä
lennellä	lentelemään
lennellä	lentelevät
lennon	lennon
lennon	lennoniin
lennonjohtaja	lennonjohtajaksi
lennot-hotelli-kuljetukset-paketti	lennot-hotelli-kuljetukset-paketti
lennähtää	lennähti
lennähtää	lennähtää
lennätin	lennättimen
lennättää	lennätetty
lennättää	lennätetään
lennättää	lennätti
lennättää	lennättää
lennättää	lennätät
lentiira	lentiiran
lento	lennon
lento	lennot
lento	lentoja
lento	lentonsa
lento-	lento-
lentoasema	lentoasema
lentoemäntä	lentoemäntien
lentohiekkakinos	lentohiekkakinos
lentokenttä	lentokentistä
lentokenttä	lentokentälle
lentokenttä	lentokentällä
lentokenttä	lentokentän
lentokenttä	lentokentät
lentokone	lentokoneella
lentokone	lentokoneen
lentokone	lentokoneiden
lentokone	lentokonekin
lentokone	lentokonetta
lentokoneasentaja	lentokoneasentajia
lentomatka	lentomatkaa
lentopallo	lentopalloa
lentopalloilu	lentopalloilussa
lentopallotreeni	lentopallotreeneihin
lentosopimus	lentosopimuksista
lentostuertti	lentostuertti
lentoteitse	lentoteitse
lentotiedustelu	lentotiedustelussa
lentoturvallisuushallinto	lentoturvallisuushallinnolle
lentoturvallisuushallinto	lentoturvallisuushallintoa
lentoyhtiö	lentoyhtiöt
lentäjä	lentäjistä
lentäminen	lentämisen
lentäminen	lentämisestä
lentäminen	lentämistä
lentää	lennettäisiin
lentää	lennetään
lentää	lennä
lentää	lennät
lentää	lensi
lentää	lensivät
lentää	lentäen
lentää	lentämällä
lentää	lentämään
lentää	lentäneet
lentää	lentävien
lentää	lentävä
lentää	lentävät
lentää	lentää
leo	leo
leonard	leonard
leonardo	leonardoa
leone	leonea
leonid	leonid
leopold	leopold
lepakko	lepakon
lepakko	lepakot
lepotuoli	lepotuolissa
leppoisa	leppoisan
leppoisa	leppoisasta
leppyä	leppyy
leppänen	leppänen
leppävapa	leppävapa
lepsu	lepsu
lepsuilu	lepsuilu
lepyttävästi	lepyttävästi
lepäilypaikka	lepäilypaikka
lepääminen	lepääminen
leski	leskeksi
leski	leski
lesti	lestissäsi
lesti	lestiään
letkautus	letkautuksilla
letku	letkut
letterman	lettermanille
letti	letit
letti	letti
letto	leton
lettutaikina	lettutaikinasta
leuka	leukaansa
leuka	leukamme
leukamalli	leukamalli
leuto	leuto
leveys	leveys
leveysaste	leveysasteilla
leveä	leveintä
leveä	leveä
leveä	leveälle
leveä	leveämpää
leveä	leveän
leveä	leveät
leveä	leveää
leveäraidallinen	leveäraidallisia
leveästi	leveästi
levikset	levikset
levitellä	levitelleen
levitellä	levitteli
levittyä	levittyy
levittäjä	levittäjiä
levittäytyä	levittäytynyt
levittäytyä	levittäytyy
levittää	levitettiin
levittää	levitettyä
levittää	levitettäväksi
levittää	levitetään
levittää	levitin
levitä	levinneitä
levitä	levinnyt
levitä	levisi
levitä	levisivät
levitä	leviävä
levitä	leviää
leviäminen	leviäminen
leviäminen	leviämisen
levollinen	levollisin
levoton	levotonta
levoton	levottomaksi
levottomasti	levottomasti
levottomuus	levottomuut
levottomuus	levottomuutta
levy	levy
levy	levyjen
levy	levyjä
levy	levyllä
levy	levyltä
levy	levyn
levy	levyssä
levy	levystä
levy	levyä
levy	levyähän
levyinen	levyinen
levyjarru	levyjarrujen
levykauppa	levykauppaan
levyke	levykkeellä
levyllinen	levyllisen
levyseppä	levyseppä
levyttää	levyttämässä
levyttää	levyttämään
levyttää	levyttää
levytys	levytys
levytysrintama	levytysrintamalle
levä	levien
levähtää	levähtää
levällään	levällään
levätä	lepäämässä
levätä	lepäämään
levätä	lepäävänsä
levätä	levätkää
levätä	levättyä
levätä	levättyään
levätä	levätä
lewis	lewis
lex	lex
liang	liang
libanon	libanonin
libération	libérationin
libretto	libretto
libya	libyaan
lie	lie
lie	lieh
lie	liekö
lie	lien
liefmans	liefmansin
liehittely	liehittely
liehua	liehuu
lieju	liejuun
lieka	lieassa
liekki	liekin
liekki	liekki
lieksa	lieksan
liemi	lientä
liene	liene
lienee	lienee
liesi	liesi
liesjärvi	liesjärven
lieventyä	lieventynyt
lieventäminen	lieventämiseksi
lieventää	lieventäviä
lieventää	lieventää
lievä	lievempää
lievä	lievää
lievä	lievään
lievästi	lievästi
liftata	liftannu
liftata	liftattii
lifti	liftii
liha	liha
liha	lihaa
liha	lihaani
liha	lihan
liha	lihassa
liha	lihasta
liha	lihat
liha	lihhaa
lihaeläin	lihaeläimenä
lihakaali-	lihakaali-
lihaliemi	lihaliemi
lihantuottaja	lihantuottaja
lihaperuna-	lihaperuna-
lihaperunasose-	lihaperunasose-
lihapulla	lihapullia
lihas	lihakset
lihas	lihasten
lihaskipu	lihaskivuistaan
lihaskuntoharjoite	lihaskuntoharjoitetta
lihasmaha	lihasmaha
lihatiski	lihatiski
lihatiski	lihatiskil
lihava	lihava
lihava	lihavaa
lihava	lihavien
lihaveitsi	lihaveitsen
lihoa	lihoa
lihoa	lihomme
lihoa	lihon
lihoa	lihoo
lihottaa	lihottaa
liiallinen	liiallisen
liian	liian
liian	liiankin
liiemmin	liiemmin
liiemmälti	liiemmälti
liietä	liikenee
liietä	liikenevälle
liietä	liikeniskö
liiga	liigaan
liiga	liigan
liigajoukkue	liigajoukkuetta
liigamaali	liigamaalilla
liigapaikka	liigapaikasta
liigavalmentaja	liigavalmentajaksi
liika	liiasta
liika	liika
liika-	liika-
liikaa	liikaa
liikahtaa	liikahti
liikakalastus	liikakalastus
liikakilo	liikakiloa
liikanen	liikanen
liikanen	liikasen
liikanimi	liikanimen
liikaunisuus	liikaunisuutena
liike	liike
liike	liikettään
liike	liikkeelle
liike	liikkeen
liike	liikkeeseen
liike	liikkeessä
liike	liikkeestä
liike	liikkeet
liike	liikkeissä
liike-elämä	liike-elämän
liike-elämä	liike-elämässä
liikehdintä	liikehdintää
liikehtiä	liikehtivänä
liikehtiä	liikehtiä
liikelaitos	liikelaitoksiksi
liikelaitostua	liikelaitostumme
liikelounas	liikelounaan
liikemerkki	liikemerkki
liikemies	liikemiehelle
liikemies	liikemiehellä
liikemies	liikemiehen
liikemies	liikemiehiä
liikemies	liikemies
liikemies	liikemiesten
liikemiesmäinen	liikemiesmäistä
liikemiesura	liikemiesurani
liikenne	liikenne
liikenne	liikennettä
liikenne	liikenteeltä
liikenne	liikenteen
liikenne	liikenteeseen
liikenne	liikenteessä
liikenne	liikenteestä
liikenneasema	liikenneaseman
liikenneinvestointi	liikenneinvestointeihin
liikennelaitos	liikennelaitoksemme
liikennelaitos	liikennelaitos
liikennemerkki	liikennemerkeistä
liikennemerkki	liikennemerkkejä
liikenneministeriö	liikenneministeriön
liikennemuoto	liikennemuotojen
liikennepoliittinen	liikennepoliittisiin
liikennevahinko	liikennevahinkoja
liikennevaliokunta	liikennevaliokunnan
liikennevalo	liikennevaloissa
liikennevalo	liikennevaloista
liikennevalo	liikennevalot
liikenneväline	liikennevälineen
liikennöidä	liikennöi
liikennöinti	liikennöintiä
liikepankki	liikepankiksi
liikerata	liikeratojen
liikeryhmä	liikeryhmistä
liikesuihku	liikesuihku
liiketila	liiketilat
liiketoiminta	liiketoiminnan
liiketoiminto	liiketoiminnoista
liiketuttavuus	liiketuttavuuksia
liikevaihto	liikevaihdon
liikevaihto	liikevaihto
liikevaihto	liikevaihtoaan
liikevaihto	liikevaihtoon
liikevieras	liikevieraita
liikevoitto	liikevoitoksi
liikkeelle	liikkeelle
liikkeellelähtö	liikkeellelähdön
liikkeellepaneva	liikkeellepanevana
liikkeellä	liikkeellä
liikkeenjohto	liikkeenjohdon
liikkeessä	liikkeessä
liikkua	liikkua
liikkua	liikkuessa
liikkua	liikkui
liikkua	liikkuivat
liikkua	liikkumaan
liikkua	liikkumatta
liikkua	liikkuneen
liikkua	liikkunut
liikkua	liikkuu
liikkua	liikkuukin
liikkua	liikkuvan
liikkua	liiku
liikkua	liikun
liikkua	liikutaan
liikkua	liikuttaessa
liikkua	liikuttava
liikkuja	liikkujat
liikkuja	liikkujista
liikkuminen	liikkumisessa
liikkuminen	liikkumisesta
liikkuvuus	liikkuvuus
liikkuvuus	liikkuvuutta
liikunnanopettaja	liikunnanopettajat
liikunta	liikunta
liikunta	liikuntaa
liikuntaseura	liikuntaseurojen
liikuntavastaava	liikuntavastaava
liikutella	liikuteltavien
liikutella	liikuteltu
liikuttaa	liikuttaa
liikuttaa	liikutti
liikuttaja	liikuttaja
liikuttava	liikuttavaa
liikuttua	liikuttunut
liikuttua	liikutuin
liikutus	liikutuksesta
liimaaja	liimaajaksi
liimaantua	liimaannu
liimata	liimannut
liimautua	liimautuu
liinamaa	liinamaan
liioin	liioin
liioitella	liioiteltu
liioitella	liioiteltuja
liioittelu	liioittelua
liipaisin	liipaisinta
liisa	liisa
liisa	liisaa
liisa	liisakin
liisa	liisalle
liisa	liisan
liisan-	liisan-
liisteri	liisteristä
liite	liitteenä
liito-orava	liito-orava
liitto	liitoilla
liitto	liitolla
liitto	liiton
liitto	liitossa
liitto	liitot
liitto	liitto
liitto	liittoja
liitto	liittoon
liittotasavalta	liittotasavallassa
liittoutua	liittoutumattomana
liittoutua	liittoutuneet
liittovaltio	liittovaltion
liittovaltio	liittovaltioon
liittyminen	liittyminen
liittyminen	liittymisen
liittyminen	liittymisestä
liittymisasia	liittymisasiat
liittymä	liittymä
liittyä	liitty
liittyä	liittyen
liittyä	liittyi
liittyä	liittyivät
liittyä	liittykää
liittyä	liittymättä
liittyä	liittyviä
liittyä	liittyvä
liittyä	liittyvät
liittyä	liittyvää
liittyä	liittyvään
liittyä	liittyy
liittyä	liittyykö
liittyä	liittyä
liittyä	liity
liittää	liitettäis
liittää	liittää
liitukausi	liitukauden
liivi	liivi
liivi	liivistä
liivi	liivit
liivitön	liivitön
lika	lian
likainen	likainen
likainen	likaisempia
likainen	likaisen
likainen	likaiset
likainen	likaisimmissa
likainen	likaista
liki	liki
likimain	likimain
likka	likka
likoon	likoon
liksa	liksat
liksa	liksoja
liksommainen	liksommainen
lila	lila
liljalaji	liljalaji
liljendal	liljendalin
lilla	lilla
lillehammerilainen	lillehammerilainen
limainen	limaisia
limainen	limaista
limakalvo	limakalvojen
limalevä	limalevää
liminganlahti	liminganlahden
limppu	limppuun
limsa	limsaa
limsapullo	limsapullon
limusiini	limusiinilla
lincoln	lincolnissa
lind	lind
linda	lindan
lindblom	lindblom
lindblom	lindblomilla
lindblom	lindblomin
lindeberi	lindeberi
lindell	lindell
lindgren	lindgren
lindholm	lindholm
lindqvist	lindqvist
lindroos	lindroos
lindroos	lindroosin
lindros	lindros
lindström	lindström
lindström	lindströmin
lindström	lindströmissä
linen	linen
linford	linford
linja	linja
linja	linjalla
linja	linjalle
linja	linjan
linja	linjasta
linja	linjoja
linja-	linja-
linja-auto	linja-autolle
linja-autoasema	linja-autoasemalla
linja-autoittain	linja-autoittain
linja-autokortti	linja-autokortti
linja-autonkuljettaja	linja-autonkuljettajan
linja-autopysäkki	linja-autopysäkki
linja-autoyhtiö	linja-autoyhtiöstä
linjakas	linjakkaan
linjakkuus	linjakkuus
linjaus	linjausta
linjuri	linjuri
linkki	linkkejä
linko	linko
linkola	linkolan
linkoustulos	linkoustulos
linna	linna
linna	linnaa
linna	linnaan
linna	linnan
linna	linnassa
linnanmäki	linnanmäen
linnanmäki	linnanmäki
linnanomistaja	linnanomistaja
linnatuuli	linnatuulen
linnavouti	linnavouti
linnea	linnealle
linnoitse	linnoitse
linnoitus	linnoituksia
linnustollisesti	linnustollisesti
linssi	linssin
linster	linster
lintu	linnun
lintu	linnut
lintu	lintu
lintu	lintuja
lintu-	lintu-
lintuharrastaja	lintuharrastajan
lintumainen	lintumainen
lintumies	lintumiehiä
lintutorni	lintutornin
lintuäiti	lintuäidit
linux	linuxiin
liottaa	liota
liottaa	liotetaan
liottaa	liottaa
lipas	lipasta
liperi	lipereitä
liperi	liperiin
lippalakki	lippalakki
lippalakkipää	lippalakkipäät
lippens	lippens
lippis	lippiskin
lipponen	lipponen
lipponen	lipposelle
lipponen	lipposelta
lipponen	lipposen
lipponen	lipposta
lippu	lippua
lippu	lippuineen
lippu	lippuja
lippu	lippuna
lippu	lippunsa
lippu	lippusi
lippu	lipuista
lippu	lipun
lippu	liput
lippujuhla	lippujuhlan
lippulaiva	lippulaiva
lippunen	lippusia
lipsahtaa	lipsahti
lipton	lipton
lipua	lipui
lipunmyynti	lipunmyynti
lipunvaraus	lipunvarauksessa
lirkuttaa	lirkuttamassa
liro	liron
lisensiaatti	lisensiaatti
lisensiaattityö	lisensiaattityötään
lisensoida	lisensoida
lisenssi	lisenssi
lisenssi	lisenssit
lisenssisopimus	lisenssisopimus
liski	liski
lissabonilainen	lissabonilaisen
lissu	lissu
lista	lista
lista	listaan
lista	listalla
lista	listalta
lista	listan
lista	listoilla
listakärki	listakärkeen
listamenestys	listamenestys
lisukesalaatti	lisukesalaattia
lisuri	lisurin
lisä	lisä
lisä	lisänsä
lisäaika	lisäaikaa
lisäainerimssu	lisäainerimssun
lisäansio	lisäansioksi
lisäansio	lisäansiota
lisäenergia	lisäenergiaa
lisähaastattelu	lisähaastattelut
lisähyvitys	lisähyvitystä
lisäksi	lisäkseni
lisäksi	lisäksi
lisäkysymys	lisäkysymyksesi
lisäleikkaus	lisäleikkaukset
lisämaksullinen	lisämaksullinen
lisänumero	lisänumerot
lisäraha	lisärahan
lisärakentaminen	lisärakentamiseen
lisärakentaminen	lisärakentamista
lisäsairaus	lisäsairaudet
lisätarve	lisätarve
lisätieto	lisätietoja
lisätietoja-kohta	lisätietoja-kohtaan
lisätoimi	lisätoimia
lisätä	lisäisin
lisätä	lisännyt
lisätä	lisäsi
lisätä	lisäten
lisätä	lisätty
lisätä	lisätä
lisätä	lisätään
lisätä	lisää
lisätä	lisäät
lisätä	lisäävän
lisätä	lisäävät
lisävaihtoehto	lisävaihtoehto
lisävara	lisävaroilla
lisävesi	lisävettä
lisävuoro	lisävuoro
lisävärisäiliö	lisävärisäiliötä
lisäys	lisäyksestä
lisäys	lisäyksin
lisäys	lisäyksiä
lisäys	lisäystä
lisää	lisää
lisääminen	lisäämistä
lisääntyminen	lisääntymiseen
lisääntyminen	lisääntymisestä
lisääntyä	lisäänny
lisääntyä	lisääntyi
lisääntyä	lisääntymään
lisääntyä	lisääntyneet
lisääntyä	lisääntynyt
lisääntyä	lisääntyvine
lisääntyä	lisääntyvä
lisääntyä	lisääntyvät
lisääntyä	lisääntyy
litania	litaniaa
litania	litanioita
litimärkä	litimärin
litinä	litinä
litmanen	litmanen
litmanen	litmasella
litmanen	litmasen
litmanen	litmasesta
litmanen	litmasta
litra	litra
litra	litraa
litra	litralta
litra	litran
litra	litroja
litrahinta	litrahinta
littana	littana
litteä	litteä
liukas	liukas
liukas	liukkaat
liukaskeli	liukkaankelin
liukastua	liukastuu
liukua	liukuvia
liukuhihna	liukuhihnalta
liukuvasti	liukuvasti
liuskainen	liuskainen
livahtaa	livahti
livauttaa	livauttaneen
lively	livelyn
livistyspäivä	livistyspäivä
ljubica	ljubica
loanheitto	loanheitosta
lobbari	lobbarina
logiikka	logiikka
logiikka	logiikkaa
logistiikka	logistiikan
logo	logosta
lohdutella	lohdutteli
lohduton	lohduton
lohduttaa	lohduta
lohduttaa	lohdutin
lohduttaa	lohduttaa
lohduttaa	lohduttamassa
lohduttua	lohduttuuko
lohenkalastaja	lohenkalastajat
lohenpala	lohenpalaa
lohenpoikanen	lohenpoikaset
lohi	lohea
lohi	lohen
lohi	lohesta
lohi	lohi
lohi	lohista
lohi	lohta
lohikeitto	lohikeitostakin
lohja	lohjalla
lohkare	lohkare
lohkare	lohkareen
lohkeilla	lohkeilee
lohkoa	lohkoivat
lohkoperuna	lohkoperunat
lohtu	lohtu
lohtu	lohtua
lohtu	lohtuna
loihe	loihe
loikata	loikkasi
loikata	loikkasin
loikkanen	loikkasen
loikkari	loikkari
loikkia	loikki
loikkia	loikkiva
loikoilla	loikoilemaan
loikoilu	loikoilua
loimaa	loimaalle
loimaa	loimaan
loimottaa	loimotti
loiskahtaa	loiskahtaen
loiske	loiske
loistaa	loistaa
loistaa	loistavaa
loistava	loistava
loistava	loistavaa
loistavasti	loistavasti
loistavimmin	loistavimmin
loiste	loiste
loistelias	loisteliaita
loistelias	loistelias
loistoauto	loistoautolla
loistoauto	loistoautossa
loistoesimerkki	loistoesimerkki
loitontua	loitonnuttaisiin
lojaalisuus	lojaalisuudesta
lojua	lojui
lojua	lojunut
lojua	lojuu
lojuskelija	lojuskelijat
lokakuu	lokakuuhun
lokakuu	lokakuulle
lokakuu	lokakuun
lokakuu	lokakuussa
lokakuu	lokakuuta
lokalahti	lokalahdelta
lokerikko	lokerikoille
lokero	lokeroissa
lokki	lokit
lokki	lokkeja
lokki	lokki
lokki	lokkien
lokkilaji	lokkilajia
lokoisa	lokoisaan
loma	loma
loma	lomaa
loma	lomaamme
loma	lomaasi
loma	lomalla
loma	lomalle
loma	lomalta
loma	lomaltaan
loma	loman
loma	lomana
loma	lomansa
loma	lomat
loma	lomille
loma	lomilleen
loma	lomilta
loma-aika	loma-aika
lomailla	lomailemaan
lomailla	lomailemasta
lomailla	lomaileva
lomailla	lomailla
lomakausi	lomakausi
lomake	lomake
lomake	lomaketta
lomake	lomakkeen
lomakohde	lomakohteissa
lomaltapalaaja	lomaltapalaajia
lomapäivä	lomapäiviä
lomareissu	lomareissuille
lomassa	lomassa
lomauttaa	lomauttaa
lomitse	lomitse
lommollaan	lommollaan
lompakko	lompakko
lompakko	lompakoistaan
lompakko	lompakon
lompsottaa	lompsottivat
lon	lon
long	long
longobardi	longobardi
lonkka	lonkka
lonkkavika	lonkkavika
lontoo	lontoo
lontoo	lontoon
lontoo	lontoossa
lontoo	lontoosta
lopen	lopen
lopetella	lopetellaan
lopetella	lopetteli
lopetella	lopettelin
lopettaa	lopeta
lopettaa	lopetettiin
lopettaa	lopettaa
lopettaa	lopettakaas
lopettaa	lopettamassa
lopettaa	lopettanutta
lopettaa	lopettavansa
lopettaa	lopetti
lopettaminen	lopettamisesta
lopettaminen	lopettamista
loppu	loppu
loppu	loppua
loppu	loppuamme
loppu	loppujen
loppu	loppuun
loppu	lopuksi
loppu	lopulta
loppu	lopun
loppu	lopussa
loppu	lopusta
loppu	loput
loppu	loputkin
loppua	loppu
loppua	loppua
loppua	loppuessa
loppua	loppui
loppua	loppuiko
loppua	loppuivat
loppua	loppumaan
loppua	loppumassa
loppua	loppuneet
loppua	loppunut
loppua	loppunutta
loppua	loppuu
loppua	loppuvat
loppua	loppuvatko
loppua	loputtava
loppua	loputtua
loppuelämä	loppuelämänsä
loppuelämä	loppuelämäsi
loppuikä	loppuikänsä
loppujenlopuksi	loppujenlopuks
loppukesä	loppukesän
loppukesä	loppukesässä
loppukesä	loppukesästä
loppukevät	loppukeväästä
loppukilpailu	loppukilpailussa
loppukilpailu	loppukilpailuun
loppukoe	loppukoe
loppukuu	loppukuuhun
loppukuu	loppukuulle
loppuluku	loppulukujen
loppulähettäminen	loppulähettäminen
loppumatka	loppumatka
loppumatka	loppumatkan
loppumetri	loppumetreillä
loppuminen	loppuminen
loppuminen	loppumista
loppuottelu	loppuottelun
loppupuolella	loppupuolella
loppupuoli	loppupuolelle
loppupäivä	loppupäivän
loppuraportti	loppuraporttinsa
loppuratkaisu	loppuratkaisu
loppusijoittaa	loppusijoitettaisiin
loppusijoittaa	loppusijoittaa
loppusointu	loppusoinnut
loppusumma	loppusumma
loppusuora	loppusuoralla
lopputentti	lopputentin
lopputili	lopputiliä
lopputulos	lopputulokseen
lopputulos	lopputulos
lopputyö	lopputyön
loppuvaihe	loppuvaiheessa
loppuvihellys	loppuvihellystä
loppuviikko	loppuviikosta
loppuvuosi	loppuvuodesta
loppuvuosi	loppuvuosina
lopuksi	lopuksi
lopulla	lopulla
lopullinen	lopullinen
lopullinen	lopullisen
lopullinen	lopullisena
lopullinen	lopullisessa
lopullinen	lopullista
lopullisesti	lopullisesti
lopulta	lopulta
lopussa	lopussa
loputon	loputon
loputon	loputtomalla
loputon	loputtoman
loputon	loputtomien
loputtomiin	loputtomiin
loraus	loraus
lordi	lordi
lorottaa	lorottaa
loru	loruja
los	los
los	losiin
lossi	lossi
lotilanjärvi	lotilanjärvellä
lotkauttaa	lotkauta
lottakahvila	lottakahvilakin
lottakenraali	lottakenraali
lotto	loton
lotto	lotossa
lottokierros	lottokierroksen
lottoporukka	lottoporukan
lottoraha	lottorahani
lottovoitto	lottovoitto
loud	loud
louekoski	louekoski
louhia	louhia
louhinta	louhintaa
loukata	loukannut
loukata	loukannutta
loukata	loukata
loukata	loukkaava
loukata	loukkaisi
loukata	loukkasi
loukata	loukkasin
loukkaantua	loukkaantua
loukkaantua	loukkaantui
loukkaantua	loukkaantuivat
loukkaantua	loukkaantuneeksi
loukkaantua	loukkaantuneella
loukkaantua	loukkaantuneelta
loukkaantua	loukkaantuneista
loukkaantua	loukkaantuneita
loukkaantua	loukkaantunut
loukkaantua	loukkaantunutta
loukkaantua	loukkaantuu
loukkaantuminen	loukkaantumiset
loukkaantuminen	loukkaantumisia
loukkaantuminen	loukkaantumista
loukkaantunut	loukkaantunut
loukku	loukku
loukku	loukkuja
lounais-bosnia	lounais-bosniassa
lounaisportti	lounaisportilta
lounas	lounaaksi
lounas	lounaalle
lounas	lounaasta
lounas	lounas
lounas	lounasta
lounasaika	lounasaikaan
lounaspaikka	lounaspaikkoja
lounastauko	lounastaukoa
lousku	louskun
lovin´	lovin´
lso	lso
lucius	lucius
lude	luteita
luennoida	luennoitu
luennoija	luennoijaksi
luennoiminen	luennoiminen
luento	luennoilla
luento	luennolla
luento	luennollesi
luento	luento
luento	luentoa
luentoesimerkki	luentoesimerkeissään
luentosarja	luentosarja
lueskella	lueskeli
lueskella	lueskelin
lueskella	lueskella
luetella	luettelevat
lueti	luetin
luettava	luettavaa
luettava	luettavani
luettelo	luetteloita
lugano	luganon
luhistua	luhistumaisillaan
luhta	luhdalta
luikautella	luikauttelen
luikerrella	luikerteli
luikkia	luikkisi
luis	luis
luiseva	luiseva
luiskahtaminen	luiskahtamisen
luistaa	luista
luistaa	luistaa
luistaa	luistamaa
luistaa	luistavaa
luistattaa	luistattamaan
luistelija	luistelijaa
luistella	luisteltavan
luistelu	luistelu
luisteluosuus	luisteluosuudelle
luisteri	luisteri
luistin	luistinten
luisua	luisui
luja	luja
luja	lujalla
luja	lujan
luja	lujemmaksi
lujaa	lujaa
lujanaamainen	lujanaamainen
lujasti	lujasti
lujuus	lujuuden
lukea	lue
lukea	luen
lukea	luenkokaan
lukea	luet
lukea	lueta
lukea	luetaa
lukea	luetaan
lukea	luettavaks
lukea	luettavaksi
lukea	luettavia
lukea	luettavissa
lukea	luettiin
lukea	luettua
lukea	luettuaan
lukea	luettuani
lukea	luetuksi
lukea	luin
lukea	luinpa
lukea	luitte
lukea	lukea
lukea	lukee
lukea	lukekaapa
lukea	lukemaan
lukea	lukemalla
lukea	lukemansa
lukea	lukemassa
lukea	lukematta
lukea	lukemiaan
lukea	lukeneen
lukea	lukeneensa
lukea	lukeneet
lukea	lukenu
lukea	lukenut
lukea	lukenutkaan
lukea	lukevansa
lukea	lukevat
lukea	luki
lukea	lukien
lukea	lukiessa
lukea	lukiessaan
lukea	lukiessani
lukea	lukisi
lukema	lukemia
lukema	lukemiin
lukema	lukemilla
lukema	lukemissa
lukematon	lukemattomiin
lukeminen	lukeminen
lukeminen	lukemisen
lukeminen	lukemisesta
lukeminen	lukemista
lukeutua	lukeutunut
lukihäiriö	lukihäiriö
lukija	lukija
lukija	lukijaa
lukija	lukijaksi
lukija	lukijalle
lukija	lukijalleen
lukija	lukijan
lukija	lukijat
lukija	lukijoiden
lukija	lukijoille
lukija	lukijoilleen
lukija	lukijoita
lukija	lukijoitaan
lukijamäärä	lukijamääriltään
lukio	lukion
lukio	lukiossa
lukioikäinen	lukioikäinen
lukiolainen	lukiolaisten
lukita	lukitsee
lukita	lukitsematta
lukita	lukittu
lukita	lukituissa
lukki	lukit
lukki	lukki
lukkiutumaton	lukkiutumattomista
lukko	lukko
lukko	lukkoa
lukko	lukkoon
lukko	lukon
lukko-pilli	lukko-pillistä
luku	luku
luku	lukuja
luku	lukunsa
luku	lukuun
luku	luvuissa
luku	luvusta
luku	luvut
lukuetäisyys	lukuetäisyyden
lukuinen	lukuiset
lukuisa	lukuisat
lukukokemus	lukukokemukseeni
lukulamppu	lukulampun
lukumäärä	lukumäärä
lukumäärä	lukumäärältään
lukupaikka	lukupaikka
lukutaidoton	lukutaidotonta
lukutaidoton	lukutaidottomia
lukutaito	lukutaidon
lukutoukka	lukutoukka
lumene	lumenen
lumi	lumea
lumi	lumeen
lumi	lumen
lumi	lumessa
lumi	lumesta
lumi	lumi
lumi	lunta
lumiére	lumiéren
lumihiutale	lumihiutaleilta
lumikelkka	lumikelkka
lumikerros	lumikerrokseen
lumikirkko	lumikirkko
lumilauta	lumilaudallaan
lumilauta	lumilauta
lumimyrsky	lumimyrsky
luminen	lumisessa
lumipenkka	lumipenkkaan
lumisade	lumisade
lumisade	lumisateiden
lumitilanne	lumitilanteesta
lumme	lumme
lumo	lumo
lumo	lumoissa
lumota	lumoaa
lumota	lumottuna
lumoutua	lumoudu
lunastaa	lunastaa
lunastaa	lunastamatta
lunastaa	lunastanut
lundahl	lundahl
lundell	lundell
lundmark	lundmarkin
luo	luo
luo	luom
luoda	loi
luoda	luo
luoda	luoda
luoda	luodaan
luoda	luodako
luoda	luodakseen
luoda	luoduksi
luoda	luokoot
luoda	luoma
luoda	luomaan
luoda	luomalla
luoda	luonut
luoda	luotu
luodinreikä	luodinreikä
luoja	luoja
luoja	luojan
luokallinen	luokallinen
luokitella	luokitellut
luokitella	luokiteltavia
luokitella	luokiteltiin
luokitella	luokiteltuja
luokka	luokalla
luokka	luokallani
luokka	luokalleen
luokka	luokan
luokka	luokasta
luokka	luokkaa
luokka	luokkaan
luokka	luokkien
luokkakaveri	luokkakaverit
luokse	luokse
luokse	luoksemme
luokse	luoksenne
luola	luolasta
luomiskykyinen	luomiskykyisempää
luomumaito	luomumaidon
luomus	luomuksia
luomutila	luomutilalla
luomuviljely	luomuviljely
luomuviljely	luomuviljelyssä
luona	luona
luona	luonaan
luona	luonamme
luona	luonani
luonne	luonne
luonne	luonnetta
luonne	luonteella
luonne	luonteeltaan
luonne	luonteen
luonne	luonteensa
luonnehtia	luonnehtia
luonnehtia	luonnehtiakseni
luonnehtia	luonnehtien
luonnehtia	luonnehtii
luonnehäiriöinen	luonnehäiriöisillä
luonnollinen	luonnollinen
luonnollinen	luonnollisen
luonnollinen	luonnollisin
luonnollinen	luonnollista
luonnollisesti	luonnollisesti
luonnonihana	luonnonihanassa
luonnonkaasu	luonnonkaasun
luonnonmaisema	luonnonmaisemia
luonnonmateriaali	luonnonmateriaaleja
luonnonmukainen	luonnonmukaiseen
luonnonolo	luonnonoloja
luonnonsilkkinen	luonnonsilkkinen
luonnonsuojelullinen	luonnonsuojelullisistako
luonnonsäätiö	luonnonsäätiön
luonnontiede	luonnontiede
luonnontieteellinen	luonnontieteellisempi
luonnontieteilijä	luonnontieteilijöille
luonnonvara	luonnonvaroja
luonnonvara-ala	luonnonvara-ala
luonnonvoima	luonnonvoimia
luonnosidea	luonnosidea
luonnostaan	luonnostani
luonnostella	luonnosteli
luonnosuojelu	luonnosuojelua
luonnoton	luonnoton
luontainen	luontainen
luonteenmaisema	luonteenmaisemaan
luonteinen	luonteinen
luonteistuotekauppa	luonteistuotekaupoista
luonteva	luonteva
luonteva	luontevilta
luonti	luonti
luonto	luonnon
luonto	luonnossa
luonto	luonnosta
luonto	luonto
luonto	luontoa
luonto	luontoon
luontokappale	luontokappaleen
luontokeskus	luontokeskus
luontomyönteinen	luontomyönteisiä
luontopolku	luontopolut
luontoretki	luontoretkelle
luontoretki	luontoretki
luontoretki	luontoretkien
luontoäiti	luontoäiti
luontua	luontui
luopua	luopua
luopua	luopumaan
luopua	luopumassa
luopua	luopunut
luopua	luopuvat
luopua	luovu
luopua	luovuttava
luopuminen	luopumisen
luopuminen	luopumista
luostari	luostareiden
luostari	luostari
luostari	luostarissa
luostarinen	luostarisen
luota	luota
luota	luotaan
luotettava	luotettava
luotettava	luotettavaa
luotettava	luotettavalle
luotettava	luotettavan
luotettava	luotettavana
luotettavuus	luotettavuus
luotettavuus	luotettavuutta
luoti	luodeista
luoti	luodit
luoto	luodot
luotsata	luotsaisivat
luotsata	luotsasi
luotsi	luotsi
luotsi	luotsina
luotsila	luotsilan
luotsipiiri	luotsipiiristä
luottaa	luotamme
luottaa	luotan
luottaa	luotat
luottaa	luotettu
luottaa	luotettuja
luottaa	luottaa
luottaa	luottamaan
luottaa	luottamasta
luottaa	luottanut
luottaminen	luottamista
luottamus	luottamus
luottamus	luottamusta
luottamushenkilö	luottamushenkilöillä
luottamushenkilöorganisaatio	luottamushenkilöorganisaatio
luottamuslauseäänestys	luottamuslauseäänestys
luottamusmies	luottamusmiehen
luottamusmies	luottamusmies
luottavainen	luottavainen
luottavainen	luottavaisin
luotto	luotot
luotto	luottoa
luottokelpoisuusluokitus	luottokelpoisuusluokitus
luottokelvoton	luottokelvottomaksi
luottokortti	luottokortin
luottokorttijupakka	luottokorttijupakassa
luova	luova
luova	luovan
luova	luovissa
luovasti	luovasti
luovuttaa	luovuta
luovuttaa	luovutetaan
luovuttaa	luovutettava
luovuttaa	luovuttaa
luovuttaa	luovuttaisi
luovuttaa	luovuttamaan
luovuttaa	luovuttamassa
luovuttaa	luovuttamatonta
luovuttaa	luovuttanut
luovuttaa	luovutti
luovuttaa	luovuttivat
luovuttaja	luovuttajia
luovuttajaiset	luovuttajaiset
luovutus	luovutus
luovuus	luovuus
luovuus	luovuuteen
luovuus	luovuutta
lupa	lupa
lupa	lupaa
lupa	lupia
lupa	luvan
lupa	luvatta
lupa-asia	lupa-asioiden
lupaava	lupaava
lupaavasti	lupaavasti
lupaus	lupauksen
lupaus	lupaukset
lupaus	lupauksia
lupaus	lupaus
lupsakas	lupsakkaaksi
lupsakka	lupsakoita
lusia	lusimaan
lusikka	lusikasta
lusikka	lusikka
lusikka	lusikkaa
luterilainen	luterilaisesta
luterilainen	luterilaiset
luther	lutherin
lutoslawski	lutoslawskin
luu	luihin
luu	luuta
luukas	luukas
luukku	luukun
luukku	luukut
luulla	luule
luulla	luulee
luulla	luulek
luulla	luulekaan
luulla	luulen
luulla	luulet
luulla	luuletko
luulla	luulette
luulla	luulevat
luulla	luuli
luulla	luulin
luulla	luulisi
luulla	luulisin
luulla	luulisit
luulla	luulitte
luulla	luulivat
luulla	luulkokaan
luulla	luulla
luulla	luullaan
luulla	luullakseni
luulla	luullut
luulla	luullutkaan
luulla	luultiin
luulo	luulo
luultava	luultavinta
luultavammin	luultavammin
luultavasti	luultavasti
luuranko	luurangot
luuri	luuriin
luuri	luurin
luuri	luurissa
luuseriongelma	luuseriongelma
luutnantti	luutnantti
luututkimus	luututkimuksen
luuydin	luuytimen
luvallinen	luvallista
luvassa	luvassa
luvata	lupaa
luvata	lupaamaan
luvata	lupaamalla
luvata	lupaan
luvata	lupaavaksi
luvata	lupaisi
luvata	lupas
luvata	lupasi
luvata	lupasin
luvata	lupasitte
luvata	luvanne
luvata	luvanneen
luvata	luvannut
luvata	luvata
luvata	luvattiin
luvata	luvattiinkos
luvata	luvattu
luvata	luvattua
luvaton	luvattomina
luvattomuus	luvattomuudesta
luxemburg	luxemburgissa
lvi-tekniikka	lvi-tekniikan
lübek	lübekiin
lyhennys	lyhennys
lyhennys	lyhennysten
lyhentyä	lyhentynyt
lyhentäminen	lyhentäminen
lyhentää	lyhennettyyn
lyhentää	lyhentäisivät
lyhentää	lyhentänyt
lyhetä	lyhenevät
lyhimmin	lyhimmin
lyhtypylväs	lyhtypylväät
lyhyehkösti	lyhyehkösti
lyhyesti	lyhyesti
lyhyt	lyhintä
lyhyt	lyhyeksi
lyhyt	lyhyellä
lyhyt	lyhyeltä
lyhyt	lyhyemmäksi
lyhyt	lyhyempi
lyhyt	lyhyen
lyhyt	lyhyessä
lyhyt	lyhyet
lyhyt	lyhyiden
lyhyt	lyhyiksi
lyhyt	lyhyille
lyhyt	lyhyt
lyhyt	lyhytkin
lyhyt	lyhyttä
lyhytaikainen	lyhytaikaista
lyhytelokuva	lyhytelokuvaa
lyhytelokuva	lyhytelokuvan
lyhytjännitteinen	lyhytjännitteiset
lyhytnäköisyys	lyhytnäköisyyttä
lyhytsuksikisa	lyhytsuksikisassa
lykkääminen	lykkääminen
lykkääntyä	lykkääntyi
lykätä	lykkäsi
lykätä	lykkäämään
lykätä	lykättiin
lykätä	lykätä
lymytä	lymytä
lynx-selain	lynx-selain
lyon	lyonissa
lypsy	lypsylle
lypsykausi	lypsykauden
lypsää	lypsetään
lys	lys
lys	lysin
lystätä	lystää
lyttyyn	lyttyyn
lyyli	lyyliä
lyyrinen	lyyrisistä
lyödä	lyyvvä
lyödä	lyö
lyödä	lyödessä
lyödä	lyödyksi
lyödä	lyödä
lyödä	lyödään
lyödä	lyökää
lyödä	lyömäisillään
lyödä	lyömässä
lyödä	lyömään
lyödä	lyön
lyödä	lyönyt
lyödä	lyötiin
lyödä	lyöty
lyödä	lyötävien
lyödä	löi
lyödä	löin
lyödä	löisi
lyönti	lyönnistä
lähde	lähteestä
lähde	lähteitä
lähdeveroprosentti	lähdeveroprosentti
läheinen	läheinen
läheinen	läheisellä
läheinen	läheisemmekin
läheinen	läheiset
läheinen	läheisilleen
läheinen	läheisimpiinsä
läheinen	läheistä
läheisyydessä	läheisyydessä
läheisyydestä	läheisyydestä
läheisyys	läheisyys
läheisyys	läheisyyttä
lähekkäin	lähekkäin
lähelle	lähelle
lähellä	lähellä
lähellä	lähelläkään
lähellä	lähelläsi
läheltä	läheltä
läheltä	läheltäkin
lähemmäksi	lähemmäksi
lähemmäs	lähemmäs
lähempi	lähempää
lähempänä	lähempänä
lähempää	lähempää
lähentelijä	lähentelijä
lähentyä	lähentyä
lähentää	lähentävän
lähes	lähes
läheskään	läheskään
lähestulkoon	lähestulkoon
lähestymisohjelma	lähestymisohjelma
lähestyä	lähestyi
lähestyä	lähestymässä
lähestyä	lähestyneet
lähestyä	lähestynyt
lähestyä	lähestyttäessä
lähestyä	lähestyvien
lähestyä	lähestyviä
lähestyä	lähestyvät
lähestyä	lähestyy
lähetellä	lähettelee
lähetti	lähetiltä
lähetti	lähetin
lähettyvillä	lähettyvillä
lähettyviltä	lähettyviltä
lähettäjä	lähettäjä
lähettäminen	lähettäminen
lähettää	lähetettiin
lähettää	lähetetty
lähettää	lähetettäväksi
lähettää	lähetetään
lähettää	lähetin
lähettää	lähetti
lähettää	lähettäisi
lähettää	lähettämäni
lähettää	lähettämään
lähettää	lähettäny
lähettää	lähettänyt
lähettää	lähettävät
lähettää	lähettää
lähettää	lähetä
lähettää	lähetän
lähetys	lähetyksineen
lähetys	lähetys
lähetystö	lähetystö
lähetä	läheni
lähetä	lähetään
lähi-	lähi-
lähiaika	lähiaikoina
lähialue	lähialueilla
lähialue	lähialueisiin
lähijuna	lähijunille
lähikauppa	lähikauppaan
lähikauppa	lähikauppakin
lähikunta	lähikunnista
lähimetsä	lähimetsät
lähimmäinen	lähimmäistäsi
lähimpänä	lähimpänä
lähin	lähimmästä
lähin	lähimpään
lähin	lähin
lähinaapuri	lähinaapureissa
lähinnä	lähinnä
lähiomainen	lähiomaisiinsa
lähipiiri	lähipiirissään
lähipoliisi	lähipoliisi
lähipoliisi	lähipoliisit
lähipäivä	lähipäivinä
lähipöytä	lähipöydissä
lähisaari	lähisaarille
lähiseutu	lähiseuduilla
lähiseutu	lähiseudun
lähitalo	lähitalojen
lähitulevaisuus	lähitulevaisuudessa
lähiviikko	lähiviikot
lähivuosi	lähivuosien
lähivuosi	lähivuosina
lähiympäristö	lähiympäristön
lähiympäristö	lähiympäristöstä
lähiö	lähiö
lähiö	lähiöiden
lähiö	lähiöille
lähiötutkimus	lähiötutkimus
lähiöuudistuskohde	lähiöuudistuskohteiden
lähiöyksiö	lähiöyksiöön
lähmäinen	lähmäinen
lähteenmäki	lähteenmäki
lähteminen	lähtemiseen
lähtemättömästi	lähtemättömästi
lähteä	lähde
lähteä	lähdemme
lähteä	lähden
lähteä	lähdet
lähteä	lähdetkö
lähteä	lähdette
lähteä	lähdettiin
lähteä	lähdettyä
lähteä	lähdettyään
lähteä	lähdettäisiin
lähteä	lähdettävä
lähteä	lähdetyksi
lähteä	lähdetä
lähteä	lähdetään
lähteä	lähdimme
lähteä	lähdin
lähteä	lähe
lähteä	lähet
lähteä	lähettii
lähteä	lähettiin
lähteä	lähettään
lähteä	lähetää
lähteä	lähetään
lähteä	lähtee
lähteä	lähteekö
lähteä	lähtees
lähteä	lähtekääs
lähteä	lähtemäisillään
lähteä	lähtemästä
lähteä	lähtemään
lähteä	lähteneen
lähteä	lähteneisiin
lähteä	lähteneitten
lähteä	lähtenys
lähteä	lähtenyt
lähteä	lähtenytkään
lähteä	lähtevinään
lähteä	lähtevän
lähteä	lähtevänsä
lähteä	lähtevät
lähteä	lähtevätkö
lähteä	lähteä
lähteä	lähteäkseen
lähteä	lähteäkö
lähteä	lähti
lähteä	lähtie
lähteä	lähtien
lähteä	lähtiessä
lähteä	lähtiki
lähteä	lähtipä
lähteä	lähtis
lähteä	lähtisi
lähteä	lähtisikö
lähteä	lähtisin
lähteä	lähtisit
lähteä	lähtisivät
lähteä	lähtisivätkö
lähteä	lähtivät
lähteä	lähtivätkin
lähteä	lähtiäv
lähteä	lähäre
lähteä	läksimme
lähtijä	lähtijöitä
lähtiäiset	lähtiäisiksi
lähtö	lähdöissään
lähtö	lähdössä
lähtö	lähdöstään
lähtö	lähtö
lähtö	lähtöä
lähtö	lähtöäni
lähtö	lähtöään
lähtö	lähtöön
lähtö	lähössä
lähtöisin	lähtöisin
lähtökohta	lähtökohdat
lähtökohta	lähtökohta
lähtöruutu	lähtöruutuun
lähtötaso	lähtötaso
lähtövalmis	lähtövalmis
läikyttää	läikytettäväksi
läiske	läiske
läiskäistä	läiskäisty
läksiäiset	läksiäisiä
läksy	läksyjen
läksy	läksyjä
läksy	läksyt
läksyjenlukupaikka	läksyjenlukupaikka
läkähtyä	läkähtymäisillään
lämmin	lämmin
lämmin	lämmintä
lämmin	lämpiminä
lämmin	lämpimiä
lämmin	lämpimäksi
lämmin	lämpimällä
lämmin	lämpimämmällä
lämmin	lämpimämpää
lämmin	lämpimät
lämmin	lämpimään
lämmitellä	lämmitellään
lämmitin	lämmitin
lämmitin	lämmitintä
lämmittely	lämmittelyä
lämmittäminen	lämmittämisestä
lämmittää	lämmitti
lämmittää	lämmittää
lämmittää	lämmitä
lämmitys	lämmitykseen
lämmitys	lämmityksen
lämmitysöljy	lämmitysöljyn
lämmitä	lämpiämässä
lämmitä	lämpiämään
lämpimästi	lämpimästi
lämpö	lämpö
lämpö	lämpöä
lämpö	lämpöön
lämpöinen	lämpöisen
lämpöinen	lämpöiset
lämpöpatteri	lämpöpatterin
lämpötila	lämpötila
lämpötila	lämpötilaksi
lämpötila	lämpötiloissa
lännenfilmi	lännenfilmi
länsi	lännen
länsi	lännessä
länsi	länteen
länsi	länttä
länsi-afrikka	länsi-afrikkaan
länsi-saksa	länsi-saksaan
länsi-saksa	länsi-saksasta
länsi-suomi	länsi-suomen
länsi-suomi	länsi-suomesta
länsieurooppalainen	länsieurooppalaisista
länsikauppa	länsikaupan
länsilinja	länsilinjojen
länsimaa	länsimaata
länsimaa	länsimaiden
länsimaalainen	länsimaalaiset
länsimainen	länsimaisen
länsimainen	länsimaisia
länsimainen	länsimaisten
länsipuolitse	länsipuolitse
länsirannikko	länsirannikolta
länsiranta	länsirannalta
länsiranta	länsirannan
länsisaksalainen	länsisaksalainen
länsitavara	länsitavaraa
länsivalta	länsivallat
länsivalta	länsivaltojen
läntinen	läntisen
läntinen	läntisessä
läntinen	läntisestä
läpi	läpi
läpiajokielto	läpiajokielto
läpikotaisin	läpikotaisin
läpikuultava	läpikuultaviksi
läpimeno	läpimenoa
läpimitta	läpimitaltaan
läpimittainen	läpimittainen
läpimittainen	läpimittaisia
läpimurto	läpimurron
läpimurtokeksintö	läpimurtokeksintöjen
läpimärkä	läpimärkä
läpykkä	läpykkänsä
läpyttää	läpytti
läpäistä	läpäisee
läpäistä	läpäissyt
lärvi	lärvit
läski	läski
läski	läskien
läski	läskiksi
läski-tarza	läski-tarzan
läskillinen	läskilliset
läsnä	läsnä
läsnäoleva	läsnäoleviksi
läsnäolija	läsnäolija
läsnäolla	läsnäolevan
läsnäolo	läsnäolo
läsnäolo	läsnäoloon
läsähtää	läsähti
lätinä	lätinä
lätkä	lätkän
lätkä	lätkässä
lätkä	lätkää
lätkäistä	lätkäistään
lätkäjoukkue	lätkäjoukkuetta
lätkäjuniori	lätkäjunioreita
lätsä	lätsällään
lätty	lättyjä
lättähattu	lättähattujen
lätäkkö	lätäkön
lävitse	lävitse
lävitse	lävitseen
läähätys	läähätys
lääke	lääke
lääke	lääkettä
lääke	lääkettäkin
lääke	lääkkeellä
lääke	lääkkeet
lääke	lääkkeistä
lääke	lääkkeitä
lääke-	lääke-
lääkeaine	lääkeaineeksi
lääketiede	lääketieteen
lääketiede	lääketieteestä
lääketieteellinen	lääketieteellisenä
lääkintävahtimestari	lääkintävahtimestarit
lääkitys	lääkityksen
lääkäri	lääkäreitä
lääkäri	lääkäri
lääkäri	lääkäriin
lääkäri	lääkärillä
lääkäri	lääkäriltä
lääkäri	lääkärin
lääkäri	lääkärissä
lääkäri	lääkärissäkin
lääkäri	lääkärit
lääkäriambulanssi	lääkäriambulanssin
lääkärikeskus	lääkärikeskukseen
lääkärinlaukku	lääkärinlaukun
lääkärintarkastus	lääkärintarkastusten
lääni	läänin
lääninhallitus	lääninhallituksen
lääninvankila	lääninvankilaan
lääppiä	lääppiä
lääpällään	lääpälläni
löhöily	löhöilyä
lökäri	lökärit
lörkman	lörkman
lörpöttelijä	lörpöttelijöitä
löyhkä	löyhkää
löyhä	löyhemmillä
löyhä	löyhemmät
löyly	löylyssä
löyly	löylyt
löyly	löylyä
löysemmin	löysemmin
löysä	löysemmin
löysä	löysä
löysä	löysät
löytyä	löydy
löytyä	löytyi
löytyä	löytyikin
löytyä	löytyisi
löytyä	löytyisikö
löytyä	löytyivätkin
löytyä	löytyneitä
löytyä	löytyny
löytyä	löytynyt
löytyä	löytyvän
löytyä	löytyvät
löytyä	löytyy
löytyä	löytyä
löytäjä	löytäjiä
löytäminen	löytäminen
löytäminen	löytämiseen
löytäminen	löytämisen
löytää	löydettiin
löytää	löydetty
löytää	löydettäessä
löytää	löydettäisiinkään
löytää	löydettävä
löytää	löydetyn
löytää	löydä
löytää	löydän
löytää	löysi
löytää	löysimme
löytää	löysin
löytää	löysivät
löytää	löytäisi
löytää	löytäisin
löytää	löytäneeksi
löytää	löytäneensä
löytää	löytäneet
löytää	löytänyt
löytää	löytävän
löytää	löytävänsä
löytää	löytäväsi
löytää	löytää
löytää	löytääkseen
löytö	löydöstään
löytö	löytöjä
lööppi	lööpeistä
m	m
m-	m-
m-19	m-19:n
maa	maa
maa	maahan
maa	maalla
maa	maallaan
maa	maalle
maa	maalta
maa	maamme
maa	maan
maa	maana
maa	maansa
maa	maassa
maa	maassamme
maa	maasta
maa	maastaan
maa	maat
maa	maata
maa	maatamme
maa	maiden
maa	maihin
maa	mailla
maa	maissa
maa	maissako
maa	maista
maa	maita
maa-	maa-
maaginen	maagista
maahanmuuttaja	maahanmuuttajat
maahanmuuttaja	maahanmuuttajia
maahanmuuttajalapsi	maahanmuuttajalasten
maahanmuutto	maahanmuutto
maahantulo	maahantulo
maahantuoja	maahantuojan
maahantuonti	maahantuonnin
maaherra	maaherra
maailma	maailma
maailma	maailmaa
maailma	maailmaan
maailma	maailmalla
maailma	maailmalle
maailma	maailmalta
maailma	maailman
maailma	maailmansa
maailma	maailmassa
maailma	maailmassakin
maailma	maailmasta
maailma	maailmastaan
maailma	maailmoja
maailmancup	maailmancup
maailmancup	maailmancupin
maailmanennätys	maailmanennätyksen
maailmanennätys	maailmanennätyksiäkin
maailmanennätys	maailmanennätys
maailmanjärjestö	maailmanjärjestön
maailmankaikkeus	maailmankaikkeudella
maailmankaikkeus	maailmankaikkeus
maailmankatsomus	maailmankatsomuksen
maailmankatsomus	maailmankatsomus
maailmankuva	maailmankuvaa
maailmankuva	maailmankuvan
maailmankuva	maailmankuvien
maailmanlaajuinen	maailmanlaajuinen
maailmanlaajuinen	maailmanlaajuiseen
maailmanlaajuisesti	maailmanlaajuisesti
maailmanmaine	maailmanmaineeseen
maailmanmestari	maailmanmestareita
maailmanmestaruus	maailmanmestaruudesta
maailmanmestaruus	maailmanmestaruus
maailmanmestaruus	maailmanmestaruuteen
maailmanmestaruus	maailmanmestaruutta
maailmansota	maailmansodan
maailmansota	maailmansota
maailmansota	maailmansotaa
maajoukkue	maajoukkueen
maajoukkue	maajoukkueeseen
maajoukkue	maajoukkueessa
maajoukkue	maajoukkueet
maajoukkuekomennus	maajoukkuekomennuksen
maakohtainen	maakohtaisia
maakunnallinen	maakunnallisilla
maakunta	maakunnan
maakunta	maakuntaan
maakuntajuhla	maakuntajuhla
maakuntakukka	maakuntakukka
maalaaminen	maalaaminen
maalailu	maalailujen
maalainen	maalaiset
maalainen	maalaisten
maalaisjärki	maalaisjärki
maalaiskunta	maalaiskunnan
maalaiskunta	maalaiskunnasta
maalaiskunta	maalaiskunta
maalaisliitto	maalaisliiton
maalaismusikaaliavustajatyttö	maalaismusikaaliavustajatytön
maalaistyttö	maalaistyttöjen
maalaistyttö	maalaistyttöjä
maalari	maalarilla
maalata	maalaa
maalata	maalannut
maalata	maalasi
maalata	maalasin
maalata	maalata
maalata	maalatakaan
maalata	maalattu
maalaus	maalauksen
maalaus	maalaukset
maalaus	maalauksiinsa
maalaus	maalausta
maalausremontti	maalausremonttiin
maalaustaide	maalaustaiteen
maalauttaa	maalauttaa
maali	maaaaaalin
maali	maaleitta
maali	maali
maali	maalia
maali	maalien
maali	maaliin
maali	maalilla
maali	maalin
maali	maalissa
maali	maalit
maaliintulo	maaliintulo
maalijyrä	maalijyrä
maalilinja	maalilinjan
maaliskuu	maaliskuun
maaliskuu	maaliskuussa
maaliskuu	maaliskuuta
maalivahti	maalivahdeista
maalivahti	maalivahdin
maalivahti	maalivahti
maallikko	maallikon
maallinen	maallinenkin
maallinen	maallisen
maallinen	maallisena
maallinen	maallisissa
maallinen	maallisista
maaltapako	maaltapako
maaluuhomma	maaluuhommaan
maamerkki	maamerkkiä
maamies	maamiehilleen
maamiina	maamiinojen
maamme-laulu	maamme-laulun
maanalainen	maanalaisessa
maanalainen	maanalaisilla
maanantai	maanantai
maanantai	maanantaihin
maanantai	maanantaiksi
maanantai	maanantaille
maanantai	maanantain
maanantai	maanantaina
maanantai-ilta	maanantai-illan
maanantai-ilta	maanantai-iltana
maanantaiaamu	maanantaiaamuna
maanantaiaamu	maanantaiaamusta
maanantainen	maanantaisessa
maanantaisin	maanantaisin
maaninen	maanisen
maaninka	maaningalle
maanjäristys	maanjäristyksen
maanjäristys	maanjäristyksiin
maankamara	maankamaralle
maanmies	maanmiehilleen
maanomistaja	maanomistajilta
maanosa	maanosista
maanpako	maanpaossa
maanpako	maanpaosta
maanpetoksellinen	maanpetoksellinen
maansiirto-	maansiirto-
maansiirtokone	maansiirtokoneita
maantie	maantie
maantie	maantiellä
maantie	maantien
maantieteellisesti	maantieteellisesti
maanvaihtopäätös	maanvaihtopäätös
maanvaiva	maanvaiva
maanviljely	maanviljelyä
maaottelu	maaottelussa
maapallo	maapallo
maapallo	maapalloksi
maapallo	maapallolla
maapallo	maapallolta
maapallo	maapallon
maapallo	maapallosta
maapalsta	maapalstaa
maaperä	maaperä
maaperä	maaperän
maaperä	maaperässä
maapläntti	maapläntti
maapohja	maapohja
maaraja	maaraja
maarianhamina	maarianhaminaa
maarit	maarit
maaseutu	maaseudulla
maaseutu	maaseudulle
maaseutu	maaseudulta
maaseutu	maaseudun
maaseutu	maaseutu
maaseutututkija	maaseutututkijat
maasilta	maasillalla
maassamuutto	maassamuutto
maastamuutto	maastamuutto
maasto	maaston
maasto	maastossa
maastokenkä	maastokengästä
maastokäytävä	maastokäytävässä
maata	maata
maata	maataan
maata	makaa
maata	makaamaan
maata	makaamassa
maata	makaavansa
maata	makaavat
maata	makasi
maata	makasit
maatalo	maatalon
maatalous	maataloudelle
maatalous	maatalouden
maatalous	maataloutta
maatalousministeri	maatalousministeri
maataloustuki	maataloustukia
maataloustuottaja	maataloustuottajilla
maatila	maatilan
madagaskar	madagaskarin
madaltaa	madaltamalla
madaltua	madaltuu
madame	madame
made	made
made	mateen
madeira	madeiraa
madella	matelee
madison	madison
madonna	madonna
madrid	madridissa
madrid	madridista
madsen	madsenin
mafia	mafian
magneettikuvauslaite	magneettikuvauslaite
magnetofoni	magnetofonia
magnets	magnets
maha	maha
maha	mahaan
maha	mahan
maha	mahani
maha	mahansa
maha	mahassa
mahakas	mahakaskin
mahallaan	mahallaan
mahalleen	mahallesi
mahayana-buddhalaisuus	mahayana-buddhalaisuus
mahdollinen	mahdollinen
mahdollinen	mahdolliseen
mahdollinen	mahdolliseksi
mahdollinen	mahdollisella
mahdollinen	mahdollisen
mahdollinen	mahdolliset
mahdollinen	mahdollisia
mahdollinen	mahdollisilta
mahdollinen	mahdollisimman
mahdollinen	mahdollisissa
mahdollinen	mahdollisista
mahdollinen	mahdollista
mahdollinen	mahdollisten
mahdollinen	mahollisimman
mahdollinen	mahollista
mahdollisesti	mahdollisesti
mahdollistaa	mahdollistaa
mahdollistaa	mahdollistaisi
mahdollisuus	mahdollisuuden
mahdollisuus	mahdollisuudesta
mahdollisuus	mahdollisuudet
mahdollisuus	mahdollisuuksia
mahdollisuus	mahdollisuuksiemme
mahdollisuus	mahdollisuuksien
mahdollisuus	mahdollisuus
mahdollisuus	mahdollisuutta
mahdoton	mahdoton
mahdoton	mahdotonta
mahdoton	mahdottomaksi
mahdoton	mahdottoman
mahdoton	mahdottomana
mahdoton	mahdottomat
mahdoton	mahdottomimmissa
mahdottomasti	mahdottomasti
mahduttaa	mahdutettu
mahduttaa	mahdutti
mahlamäki	mahlamäki
mahtaa	mahda
mahtaa	mahdatkohan
mahtaa	mahdoin
mahtaa	mahtaa
mahtaa	mahtaakaan
mahtaa	mahtaako
mahtaa	mahtaakohan
mahtaa	mahtaisi
mahtaa	mahtaneeko
mahtaa	mahtanut
mahtaa	mahtoi
mahtaa	mahtoiko
mahtava	mahtava
mahtava	mahtavaa
mahtava	mahtavan
mahtava	mahtavia
mahti	mahdin
mahtua	mahdu
mahtua	mahtua
mahtua	mahtui
mahtua	mahtuisi
mahtua	mahtumaan
mahtua	mahtuneet
mahtua	mahtunut
mahtua	mahtuu
mahtua	mahtuvat
mahtua	mahu
maihari	maihareita
maija	maija
maija	maijaa
maija	maijalta
maija	maijan
maija	maijasta
maija-liisa	maija-liisa
maiju	maiju
maila	maila
maila	mailoja
mailamörssäri	mailamörssäri
mailfast	mailfast
maili	mailin
main	main
maine	maine
maine	maineen
maine	maineensa
maine	maineesta
maine	mainettaan
maine	mainettakin
maineikas	maineikkailla
maineikas	maineikkaita
maineteko	maineteko
maininta	maininnan
mainio	mainio
mainio	mainion
mainiosti	mainiosti
mainita	mainita
mainita	mainitakseni
mainita	mainitsee
mainita	mainitsemalla
mainita	mainitsi
mainita	mainittakoon
mainita	mainittava
mainita	mainittu
mainita	mainittujen
mainita	mainituista
mainita	mainitut
mainittava	mainittavaa
mainittavammin	mainittavammin
mainonta	mainonnassa
mainonta	mainonta
mainos	mainoksen
mainos	mainoksia
mainos	mainos
mainos	mainosta
mainos	mainosten
mainosala	mainosalan
mainoskampanja	mainoskampanja
mainoslahjamessu	mainoslahjamessuilla
mainosmies	mainosmies
mainososasto	mainososastot
mainospaikka	mainospaikkasi
mainossanomat	mainossanomat
mainostaa	mainostaa
mainostaa	mainostamaan
mainostaa	mainostamasta
mainostaa	mainostava
mainostaa	mainostavat
mainostaminen	mainostaminen
mainostettu	mainostettu
maire	maire
maire	mairella
maisa	maisa
maisema	maisema
maisema	maisemaa
maisema	maiseman
maisema	maisemassa
maisema	maisemassaan
maisema	maisemat
maisema	maisemia
maisema	maisemien
maisema	maisemissa
maisema	maisemista
maisemanrumentaja	maisemanrumentaja
maisemanäkemys	maisemanäkemystä
maisemointityö	maisemointitöiden
maiskuttaa	maiskuttaa
maissa	maissa
maistaa	maistaa
maistaa	maistanut
maistaa	maistettaviksi
maistaa	maistoi
maistaa	maistoin
maistella	maistelemaan
maistella	maisteli
maistella	maistella
maistella	maistellen
maisteri	maisteri
maisterin-	maisterin-
maistua	maistu
maistua	maistui
maistua	maistuivat
maistua	maistunut
maistua	maistus
maistua	maistuu
maistua	maistuuko
maistua	maistuvat
maito	maidolla
maito	maidon
maito	maidossaan
maito	maidot
maito	maito
maito	maitoa
maito	maitoo
maito	maitosi
maitotuote	maitotuotteita
maitovati	maitovadin
maitse	maitse
maittava	maittavampi
majailla	majailee
majailla	majaileva
majakka	majakat
majakoski	majakosken
majapaikka	majapaikka
majapaikka	majapaikkaa
majapuro	majapuron
majava	majavan
majoitus	majoitus
majoituspuoli	majoituspuolella
major	major
majuri	majuri
makailla	makailemaan
makaroni	makaroni
makaroni	makaronit
makaroni-	makaroni-
make	make
make	maken
makea	makea
makea	makeaa
makea	makealle
makea	makeat
makea	makeeta
makea	makeita
makeahko	makeahko
makeahko	makeahkoista
makealöylyinen	makealöylyinen
makeinen	makeisen
makeinen	makeiset
makeinen	makeisia
makeinen	makeisten
makepeace	makepeacea
makeutua	makeutuu
makeutus	makeutuksen
makkara	makkaraa
makkara	makkarat
makkara	makrast
makkarakastike	makkarakastiketta
makkaranmyynti	makkaranmyynnillä
makkarapakkaus	makkarapakkaukset
makkarasoppa	makkarasoppaa
makkaratuote	makkaratuotteita
makkaravoileipä	makkaravoileipää
makkonen	makkosen
makrofagisolu	makrofagisolujen
makrotalo	makrotalo
maksa	maksa
maksa	maksan
maksaa	maksa
maksaa	maksaa
maksaa	maksaahan
maksaa	maksaakin
maksaa	maksaessani
maksaa	maksaisivat
maksaa	maksakaa
maksaa	maksakoon
maksaa	maksamaan
maksaa	maksamani
maksaa	maksamassa
maksaa	maksamatta
maksaa	maksamattomalle
maksaa	maksan
maksaa	maksanet
maksaa	maksanu
maksaa	maksanut
maksaa	maksat
maksaa	maksava
maksaa	maksavat
maksaa	maksetaan
maksaa	maksettaisiin
maksaa	maksettava
maksaa	maksettavaksi
maksaa	maksettiin
maksaa	maksettu
maksaa	maksettukin
maksaa	maksetut
maksaa	maksoi
maksaa	maksoin
maksaa	maksoivat
maksaja	maksajaksi
maksaja	maksajia
maksamaton	maksamattomien
maksaminen	maksamisen
maksaminen	maksamisessa
maksattaa	maksattaa
maksella	makselee
maksella	maksellaan
maksimi	maksimissaan
maksu	maksu
maksu	maksua
maksu	maksujen
maksu	maksun
maksu	maksut
maksu	maksuun
maksumies	maksumiehiä
maksupääte	maksupäätteet
maksusuoritus	maksusuoritukset
maksuton	maksutonta
maku	maku
maku	makua
maku	makuun
maku	maultaan
maku	maut
makuuhuone	makuuhuone
makuuhuone	makuuhuoneen
makuuhuone	makuuhuoneeseen
makuuhuone	makuuhuoneesta
makuuhuone	makuuhuonekin
makuuttaa	makuuttaa
makuuttaa	makuuttivat
malaria	malaria
malaria	malarian
malediivit	malediiveille
malin	malin
malinen	maline
malinen	malinen
maljakko	maljakko
malli	malleina
malli	malleja
malli	malli
malli	mallia
malli	mallien
malli	mallihan
malli	malliin
malli	malliksi
malli	mallin
malli	mallina
malli	mallista
mallinen	mallisia
mallorca	mallorcalle
mallorca	mallorcan
mallu	mallu
malmi	malmi
malmio	malmion
malmivara	malmivarat
malmström	malmströmillä
malmö	malmössä
malmö	malmösta
malta	maltalle
malta	maltassa
maltillinen	maltillinen
maltillinen	maltillista
maltillisesti	maltillisesti
malttaa	malta
malttaa	malttaa
malttaa	malttamattomana
malttaa	malttanut
maltti	malttia
mammuttimainen	mammuttimaisista
mammuttitauti	mammuttitauti
manageri	manageri
manageri	managerina
manchester	manchester
mandariini	mandariinin
mandela	mandela
mandi	mandi
maneesikatu	maneesikatu
manfred	manfred
mankka	mankkaa
mankowska	mankowskan
manna	mannaa
mannekiini	mannekiini
mannekiinikoulu	mannekiinikouluun
mannekiinitar	mannekiinittarien
manner	manner
manner	mantereen
mannerheim	mannerheimin
mannerheimintie	mannerheimintielle
mannerheimristin	mannerheimristin
mannerkoski	mannerkoski
mannheim	mannheimin
manni	mannin
manninen	manninen
manse	manse
mansikka	mansikan
mansikka	mansikkaa
mansikka	mansikkansa
mansikka	mansikoihin
mansikka	mansikoille
mansikka	mansikoista
mansikkakaktus	mansikkakaktusta
mansikki	mansikit
mantere	mantereen
mantila	mantilasta
manu	manu
manu	manukin
manuela	manuela
maori	maorit
maoriperhe	maoriperheestä
mapillinen	mapillinen
maputo	maputossa
mara	mara
mara	maraa
marasco	marasco
maraton	maratonin
maratoncross	maratoncrossin
maratonkokous	maratonkokouksessa
marcello	marcello
marco	marco
marcos	marcos
marcus	marcus
marenkipiiras	marenkipiiras
margareta	margareta
margareta	margaretaa
mari	mari
maria	maria
maria	mariaa
maria	marian
marilyn	marilyn
marin	marin
marina	marina
marionetti	marionetteja
marionettihallitsija	marionettihallitsija
marja	marja
marja	marjaan
marja	marjan
marja	marjat
marja	marjoista
marja	marjoja
marjamäki	marjamäen
marjamäki	marjamäki
marjapensas	marjapensaat
marjastus	marjastukseen
marjatta	marjatta
marjomatikainen	marjomatikaista
marju	marju
marjut	marjut
mark	mark
markareetta	markareettaa
markiisi	markiisien
markka	markalla
markka	markalle
markka	markan
markka	markasta
markka	markka
markka	markkaa
markka	markkaan
markka	markkansa
markka	markkoja
markka	markkojen
markka	markoiksi
markka	markoissa
markka	markoista
markkanen	markkaselle
markkanen	markkasen
markkanen	markkasilla
markkina	markkinat
markkina	markkinoilla
markkina	markkinoista
markkinajohtaja	markkinajohtaja
markkinamies	markkinamiehiä
markkinaosuus	markkinaosuutensa
markkinat	markkinat
markkinat	markkinoiden
markkinat	markkinoilla
markkinat	markkinoille
markkinat	markkinoilta
markkinat	markkinoita
markkinatilanne	markkinatilanteessa
markkinoida	markkinoida
markkinoija	markkinoijille
markkinoiminen	markkinoimiseksi
markkinointi	markkinoinnille
markkinointi	markkinoinnissaan
markkinointi	markkinointi
markkinointiyhtiö	markkinointiyhtiön
markku	markku
markku	markun
marko	marko
markus	markus
marleena	marleena
marmaris	marmarikseen
marokko	marokon
marraskuu	marraskuun
marraskuu	marraskuussa
marraskuu	marraskuuta
mars	marsilla
marsalkka	marsalkan
marsalkka	marsalkka
marssi	marssi
marssia	marssii
marssia	marssivat
marssijärjestys	marssijärjestys
marssittaa	marssitetaan
marssittaa	marssittaa
marssitunti	marssitunnin
martikka	martikkaa
martin	martin
martin	martinin
martinson	martinson
martinson	martinsonit
márton	márton
martta	martan
martta	martoista
martti	martin
martti	martti
maruna	marunan
marx	marx
marx	marxiin
marx	marxista
masennus	masennukselle
masennus	masennus
masennus	masennusta
masentua	masentua
masentua	masentuneille
masentua	masentuneita
masentua	masentunut
masentunut	masentunut
masi	masin
masi	masista
maski	maskista
massa	massaan
massa	massasta
massa	massojen
massa-	massa-
massahiihtotapahtuma	massahiihtotapahtuma
massairtisanominen	massairtisanominen
massakiinnostus	massakiinnostuksen
massatuotanto	massatuotantoa
massaturismi	massaturismi
massiivinen	massiivisen
massoittain	massoittain
mastroianni	mastroianni
matala	matalaan
matala	matalalla
matala	matalana
matala	matalassa
matala	matalasta
matala	matalia
matala	matalien
matalahko	matalahko
matalajalkainen	matalajalkainen
matalalla	matalalla
matalapaine	matalapaine
matalapalkkainen	matalapalkkaista
match	matchinsa
matelija	matelijat
matelu	matelua
matemaatikko	matemaatikko
matemaatikko	matemaatikoiden
matematiikka	matematiikan
matematiikka	matematiikasta
matematiikka	matematiikat
matematiikka	matematiikkaa
matematiikka	matematiikkakin
materiaali	materiaaleista
materiaali	materiaali
materiaali	materiaalit
materiaalihankinta	materiaalihankintaa
materiaalivalinta	materiaalivalintoihin
matias	matias
matikainen	matikainen
matikka	matikkaa
matikka	matikkaasal
matinkylä	matinkylän
matka	matka
matka	matkaa
matka	matkaan
matka	matkaani
matka	matkaansa
matka	matkalla
matka	matkallaan
matka	matkalle
matka	matkalta
matka	matkan
matka	matkansa
matka	matkassa
matka	matkasta
matka	matkat
matka	matkoilla
matka	matkoja
matka	matkojen
matkailija	matkailijat
matkailija	matkailijoiden
matkailu	matkailu
matkailu	matkailuun
matkailuala	matkailualalla
matkailuala	matkailualan
matkailuelinkeino	matkailuelinkeinonsa
matkailuklusteri	matkailuklusteriin
matkailunähtävyys	matkailunähtävyys
matkailuyritys	matkailuyritykset
matkakaveri	matkakaveri
matkakertomus	matkakertomuksensa
matkakirjoituskone	matkakirjoituskoneeni
matkakortti	matkakortin
matkalaina	matkalaina
matkalainen	matkalaisen
matkalaukku	matkalaukkujaan
matkalaukku	matkalaukkujen
matkalaukku	matkalaukkuun
matkalippu	matkaliput
matkapuhelin	matkapuhelimeen
matkapuhelin	matkapuhelimet
matkapuhelin	matkapuhelinta
matkapuhelintilaaja	matkapuhelintilaajaa
matkapuhelinverkko	matkapuhelinverkko
matkata	matkaa
matkata	matkaava
matkata	matkaavatko
matkata	matkannut
matkata	matkasi
matkata	matkata
matkata	matkattiin
matkatavara	matkatavarat
matkatavara	matkatavaroitamme
matkatavarasäilytys	matkatavarasäilytykseen
matkatavaratila	matkatavaratilasta
matkaton	matkattomina
matkatuttu	matkatuttuja
matkia	matkia
matkia	matkin
matkustaa	matkustaa
matkustaa	matkustaakseen
matkustaa	matkustaessa
matkustaa	matkustamaan
matkustaa	matkustaneet
matkustaa	matkustanut
matkustaa	matkustavat
matkustaa	matkusti
matkustaja	matkustajan
matkustaja	matkustajat
matkustaja	matkustajien
matkustaja	matkustajiin
matkustaja	matkustajistahan
matkustaminen	matkustaminen
matkustaminen	matkustamiseen
matkustaminen	matkustamiselle
matkustaminen	matkustamisesta
matkustella	matkustelin
matkustelu	matkustelu
matkustelu	matkustelusta
mato	madot
mato	madotkin
mato	matoja
matoniemi	matoniemeen
matsi	matseissa
matsi	matsi
matteus	matteus
matti	matille
matti	matin
matti	matista
matti	matti
matti	mattihan
mattila	mattilan
mattila	mattiloita
mattiluus	mattiluus
matto	matolle
matto	maton
matto	matossa
matto	mattoa
matto	mattonsa
mattokehikko	mattokehikoita
mattopyykki	mattopyykillä
mattsson	mattsson
maukas	maukkaalta
maukas	maukkaita
mauno	mauno
mauri	mauri
mauri	maurin
maurikulttuuri	maurikulttuuri
mausoleumi	mausoleumiksi
maustaminen	maustamisesta
mauste	mausteilla
maustekaappi	maustekaapille
maustekäristys	maustekäristys
mausteliemi	mausteliemen
mausteseos	mausteseoksella
mausteyrtti	mausteyrttejä
mauton	mautonta
mauton	mauttomalta
max	max
max	maxin
mcaliskey	mcaliskey
mccarthy	mccarthysta
mclaren	mclarenin
mclaren	mclarenistaan
me	me
me	meidän
mechelininkatu	mechelininkatua
media	media
media	mediaa
media	mediako
media	medioihin
media	meediaan
mediakeisari	mediakeisari
mediataide	mediataiteeseen
meditoida	meditoida
meduusa	meduusat
meeri	meeri
meeri	meerillä
meeri	meerin
megaluokka	megaluokan
megatapahtuma	megatapahtumaa
megatavu	megatavua
megatavu	megatavun
megawatti	megawatin
megawatti	megawattia
mehevä	meheviä
mehevä	mehevän
mehiläinen	mehiläiset
mehtonen	mehtosen
mehu	mehu
mehu	mehua
mehu	mehujen
mehu	mehusta
mehulasi	mehulasi
meijeri	meijeriin
meijeri	meijeristä
meikata	meikkaan
meikkaaja	meikkaajien
meikki	meikin
meikki	meikkejä
meikki	meikki
meikäläinen	meikäläinen
meikäläinen	meikäläisellä
meikäläinen	meikäläisen
meikäläinen	meikäläisessä
meikäläinen	meikäläisistä
meikäläinen	meikäläistä
meinata	meinaakos
meinata	meinaaksä
meinata	meinas
meinata	meinasi
meinata	meinasin
meininki	meiningissä
meininki	meininki
meininki	meininkii
mekaanikko	mekaanikko
mekaanikko	mekaanikkojen
mekaanikko	mekaanikon
mekaanisesti	mekaanisesti
mekastus	mekastus
mekka	mekka
mekko	mekko
mekko	mekkoa
mekko	mekon
mekko	mekot
meksiko	meksikossa
meksikonlahti	meksikonlahdella
mel	mel
mela	melasta
melkein	melkeen
melkein	melkein
melkein	melkeinpä
melkein	melkke
melko	melko
melkoinen	melkoinen
melkoinen	melkoisella
melkoinen	melkoisen
melkoinen	melkoista
melkoisesti	melkoisesti
mellakka	mellakat
mellin	mellinin
melodia	melodiaa
melontasafari	melontasafari
melu	melu
melu	melua
meluisa	meluisaksi
meluisuus	meluisuutensa
meluta	meluavat
mencius	mencius
menehtyä	menehtyi
menehtyä	menehtyneen
menehtyä	menehtyneistä
menehtyä	menehtyy
meneillään	meneillään
menekki	menekin
menekki	menekki
menekki	menekkiä
meneminen	menemiselle
meneminen	menemisistäni
meneminen	menemisiä
meneminen	menemistä
menestyjä	menestyjä
menestyksekäs	menestyksekkäänä
menestyminen	menestyminen
menestynyt	menestyneimmille
menestys	menestyksen
menestys	menestys
menestys	menestystä
menestyvä	menestyviä
menestyä	menesty
menestyä	menestyi
menestyä	menestyisi
menestyä	menestyisikään
menestyä	menestyneen
menestyä	menestyvät
menestyä	menestyy
menestyä	menestyä
menestyä	menestyäkseen
menetellä	menetellessään
menetellä	meneteltäköön
menetelmä	menetelmistä
menetelmä	menetelmiä
menetelmä	menetelmä
menetelmä	menetelmällä
menetelmä	menetelmät
menettelytapa	menettelytapaa
menettelytapa	menettelytapoja
menettää	menetetty
menettää	menetettyä
menettää	menetettyään
menettää	menetin
menettää	menetti
menettää	menettämiseen
menettää	menettämässä
menettää	menettämättä
menettää	menettäneen
menettää	menettäneiden
menettää	menettänyt
menettää	menettänyttä
menettää	menettää
menettää	menetämme
menettää	menetät
menetys	menetyksenä
menetys	menetykset
menetys	menetysten
menetyskohtaus	menetyskohtauksia
menevä	menevimpiä
menijä	menijänä
menijä	menijät
menneisyys	menneisyydestä
menneisyys	menneisyyttäni
mennessä	mennessä
mennessä	mennssä
menninkäinen	menninkäisen
menninkäinen	menninkäisiä
mennyt	menneiden
mennyt	menneitä
mennä	me
mennä	mee
mennä	meeks
mennä	meen
mennä	meeppäs
mennä	meet
mennä	mene
mennä	menee
mennä	menehän
mennä	menekin
mennä	menemme
mennä	menemmekin
mennä	menemästä
mennä	menemättä
mennä	menemään
mennä	menen
mennä	menenee
mennä	menenkin
mennä	menepä
mennä	menes
mennä	menet
mennä	menetkös
mennä	menette
mennä	meneviä
mennä	menevä
mennä	meneväksi
mennä	menevän
mennä	menevät
mennä	meni
mennä	menihän
mennä	menikin
mennä	meniks
mennä	menikään
mennä	menimme
mennä	menin
mennä	menisi
mennä	menisimme
mennä	menisin
mennä	menisinkö
mennä	menisis
mennä	menisit
mennä	menisivät
mennä	meniskö
mennä	menit
mennä	menivät
mennä	menkää
mennä	menkäähän
mennä	menkäämme
mennä	menkääpä
mennä	menkääs
mennä	menköön
mennä	menkööt
mennä	menneen
mennä	menneessä
mennä	menneestä
mennä	menneet
mennä	menneetkään
mennä	mennen
mennä	mennessä
mennä	mennessäsi
mennä	menny
mennä	mennyt
mennä	mennytkin
mennä	mennyttä
mennä	mennä
mennä	mennäkään
mennä	mennäkö
mennä	mennää
mennä	mennään
mennä	mennäänks
mennä	mennäänkö
mennä	mennääs
mennä	mentii
mennä	mentiin
mennä	menty
mennä	mentäessä
mennä	mentäisiin
mennä	mentäs
mennä	mentäviä
mennä	mentävä
mennä	mentävähän
mennä	männy
meno	meno
meno	menoa
meno	menoja
meno	menojaan
meno	menojen
meno	menoksi
meno	menolla
meno	menon
meno	menoon
meno	menos
meno	menossa
meno	menosta
meno-paluu	meno-paluu
menopuoli	menopuolen
menosuunta	menosuuntaan
mensalainen	mensalaiset
mensalaisuus	mensalaisuutta
mentaalinen	mentaalisen
mentaalinen	mentaalisten
mentaliteetti	mentaliteeteista
mentaliteetti	mentaliteetista
menu	menua
menu-	menu-
menuetti	menuetin
merano	merano
merano	meranon
mercedes	mercedes
mercedes	mercedesissä
mercury	mercury
mercury	mercuryn
merenelävä	mereneläville
merenjää	merenjäällä
merenjää	merenjäätä
merenmaa	merenmaan
merenmaa	merenmaasta
merenranta	merenrantaan
meri	mereen
meri	mereksi
meri	merellä
meri	mereltä
meri	meren
meri	meri
merihaka	merihaassa
merijalkaväki	merijalkaväen
merikortti	merikortteja
merikotka	merikotka
merikäärme	merikäärmeitä
meriläinen	meriläinen
merimies	merimiehelle
merimies	merimies
merimiessäkki	merimiessäkki
meripäivä	meripäivänsä
merirosvo	merirosvo
merisairas	merisairaan
merisatama	merisatama
merita	merita
merita	meritan
meritalainen	meritalaiset
meritori	meritorin
meritse	meritse
merituomari	merituomari
merituomari	merituomarin
merituuli	merituulin
merivesi	meriveteen
merivoimat	merivoimat
merja	merja
merja	merjaa
merja	merjan
merkata	merkkaat
merkata	merkkasin
merkeissä	merkeissä
merkillinen	merkillinen
merkillinen	merkillisen
merkillinen	merkillistä
merkillisesti	merkillisesti
merkinantolippu	merkinantolippuja
merkintä	merkinnät
merkintä	merkintään
merkintä	merkintöihin
merkintäoikeus	merkintäoikeutta
merkitsevästi	merkitsevästi
merkittävyys	merkittävyydestään
merkittävä	merkittävimmistä
merkittävä	merkittävimmät
merkittävä	merkittävin
merkittävä	merkittävintä
merkittävä	merkittäviä
merkittävä	merkittävä
merkittävä	merkittävämpi
merkittävä	merkittävän
merkittävä	merkittävänä
merkittävä	merkittävät
merkittävä	merkittävää
merkittävä	merkittävään
merkittävästi	merkittävästi
merkitys	merkitykseen
merkitys	merkityksen
merkitys	merkityksensä
merkitys	merkityksestä
merkitys	merkityksiä
merkitys	merkitys
merkitys	merkitystä
merkityttää	merkityttivät
merkitä	merkinneet
merkitä	merkinnette
merkitä	merkinnyt
merkitä	merkitse
merkitä	merkitsee
merkitä	merkitsemme
merkitä	merkitsi
merkitä	merkitty
merkitä	merkittävä
merkitä	merkityltä
merkitä	merkitä
merkitä	merkitään
merkki	merkeissä
merkki	merkiksi
merkki	merkille
merkki	merkkejä
merkki	merkki
merkki	merkkien
merkki	merkkiä
merkki	merkkiäkään
merkkihenkilö	merkkihenkilöitä
merkkiliike	merkkiliikkeissä
merkkipäivä	merkkipäiväänsä
merkkitietoinen	merkkitietoisia
mersu	mersua
mersu	mersuaan
mersu	mersujen
mersu	mersun
merta	merroistakin
mesi	mesi
mesi	mettä
mesikkahillo	mesikkahilloo
messias	messiaalta
messu	messu
messu	messuille
messu	messun
messu	messut
messuaamu	messuaamuna
messuasunto	messuasuntonsa
messukylä	messukylästä
mestari	mestareilta
mestari	mestari
mestari	mestaria
mestari	mestariksi
mestari	mestarin
mestari	mestarina
mestari-oppipoika	mestari-oppipoika
mestari-veiterä	mestari-veiterän
mestariehdokas	mestariehdokkaan
mestaripalloilija	mestaripalloilijaa
mestarisäveltäjä	mestarisäveltäjä
mestaruus	mestaruudesta
mestaruus	mestaruus
mestaruus	mestaruuteen
mestaruus	mestaruutta
mestaruuskilpailu	mestaruuskilpailuista
mestaruuskilpailu	mestaruuskilpailun
mestaruuskisa	mestaruuskisoissa
met	met
meta	meta
metafora	metafora
metal	metal
metalli	metallia
metalli	metalliin
metallinen	metalliseltako
metallinjalostusteollisuus	metallinjalostusteollisuuden
metallurginen	metallurgisen
meteli	metelii
meteli	metelistä
metelöidä	metelöivä
meteori	meteori
meteorihavaitsija	meteorihavaitsijan
meteoriitti	meteoriitti
metka	metka
metodi	metodeihin
metreittäin	metreittäin
metri	metrillä
metri	metrin
metri	metriä
metri	metriähän
metri	metriäkään
metro	metron
metro	metrossa
metrojuna	metrojuna
metronomi	metronomi
metsikkö	metsikkö
metsittyä	metsittyneeseen
metso	metsoa
metsä	mehteesäkkäät
metsä	metsien
metsä	metsille
metsä	metsissä
metsä	metsiä
metsä	metsä
metsä	metsälle
metsä	metsällä
metsä	metsän
metsä	metsässä
metsä	metsässäkin
metsä	metsästä
metsä	metsät
metsä	metsää
metsä	metsään
metsä	mettällä
metsä	mettäs
metsä-botnia	metsä-botniaan
metsä-serla	metsä-serlan
metsäekologia	metsäekologian
metsähallinto	metsähallinnon
metsähallitus	metsähallitusta
metsähiiri	metsähiiri
metsäjätti	metsäjätit
metsäkauris	metsäkauriilla
metsäkauris	metsäkauriin
metsäkone	metsäkone
metsäkoneyrittäjä	metsäkoneyrittäjä
metsäkukka	metsäkukkia
metsäkyyhkynen	metsäkyyhkysiä
metsälajisto	metsälajistoa
metsälampi	metsälammen
metsäliitto	metsäliiton
metsämaa	metsämaan
metsänomistaja	metsänomistajien
metsänparannusvara	metsänparannusvarojen
metsäpeuratyöryhmä	metsäpeuratyöryhmän
metsäpinta-ala	metsäpinta-alasta
metsäpolku	metsäpolkua
metsäpolku	metsäpoluilla
metsäretki	metsäretkiä
metsästysosasto	metsästysosastojen
metsästäjä	metsästäji
metsästäjä	metsästäjä
metsätalous	metsätalouden
metsätalousministeri	metsätalousministeri
metsäteollisuus	metsäteollisuudella
metsäteollisuus	metsäteollisuuden
metsätyökylä	metsätyökyliin
metsätyöntekijä	metsätyöntekijältä
metsävaltuuskunta	metsävaltuuskunnan
metsäveli	metsäveli
metsäverotoimikunta	metsäverotoimikunnan
metsäyhtiö	metsäyhtiöt
meuhkata	meuhkaavat
meuhkata	meuhkasi
mey	mey
mey	meylle
mey	meyn
meyer	meyer
mh	mh
mhh	mhh
mi-	mi-
mia	mia
mia	mian
michael	michael
michel	michel
michel	michelin
michelangelo	michelangeloa
microsoft	microsoft
miehekkäästi	miehekkäästi
miehekäs	miehekkääksi
miehekäs	miehekkään
miehenitku	miehenitkua
miehisyys	miehisyyttään
miehittää	miehitetty
miehittää	miehitetyille
miehittää	miehittämätön
miehitys	miehityksen
miekkailu	miekkailussa
mieleenjäävä	mieleenjäävä
mieleinen	mieleinen
mieleinen	mieleisensä
mieleinen	mieleisin
mielekkyys	mielekkyyttä
mielellään	mielelläni
mielellään	mielellään
mielenilmaus	mielenilmaukseen
mielenkiinnolla	mielenkiinnolla
mielenkiinto	mielenkiintoa
mielenkiintoinen	mielenkiintoinen
mielenkiintoinen	mielenkiintoisesta
mielenkiintoinen	mielenkiintoisia
mielenkiintoinen	mielenkiintoisiin
mielenkiintoinen	mielenkiintoisin
mielenkiintoinen	mielenkiintoista
mielenkiintoinen	mielenkiintosta
mielenosoittaja	mielenosoittajat
mielenosoittaja	mielenosoittajia
mielenosoitus	mielenosoituksia
mielenosoitus	mielenosoituksissa
mielenosoitus	mielenosoitusta
mielenosoituskulkue	mielenosoituskulkue
mielenterveydellinen	mielenterveydellisiä
mielenterveys	mielenterveydestään
mielenterveysongelma	mielenterveysongelmat
mielentila	mielentilassa
mielestä	mielest
mielestä	mielestä
mielestä	mielestäni
mielestä	mielestäsi
mielestä	mielestään
mielettömyys	mielettömyyksistä
mieletön	mielettömän
mieletön	mielettömät
mieletön	mieletön
mieli	mieleen
mieli	mieleeni
mieli	mieleensä
mieli	mielelle
mieli	mielellä
mieli	mielemme
mieli	mielen
mieli	mieleni
mieli	mielensä
mieli	mielessä
mieli	mielessään
mieli	mielestään
mieli	mieli
mieli	mielillä
mieli	mielin
mieli	mieltä
mieliala	mieliala
mieliala	mielialaas
mieliannos	mieliannokseni
mielihyvä	mielihyvää
mielikappale	mielikappaleeni
mielikirja	mielikirjansa
mielikseen	mielikseen
mielikuva	mielikuva
mielikuva	mielikuvaa
mielikuva	mielikuvana
mielikuva	mielikuvia
mielikuva	mielikuvien
mielikuva	mielikuvista
mielikuvituksellinen	mielikuvituksellisimpia
mielikuvitus	mielikuvituksen
mielikuvitus	mielikuvitusta
mielikuvitusmaailma	mielikuvitusmaailma
mielipide	mielipide
mielipide	mielipidettä
mielipide	mielipiteen
mielipide	mielipiteensä
mielipide	mielipiteesi
mielipide	mielipiteet
mielipide	mielipiteineen
mielipide	mielipiteitä
mielipide	mielipiteitään
mielipidekysely	mielipidekyselyn
mielipidemittaus	mielipidemittauksen
mielipidemittaus	mielipidemittauksesta
mielipidemittaus	mielipidemittauksia
mielisairaala	mielisairaalassa
mielisairaala	mielisairaalat
mielissään	mielissäni
mielistely	mielistely
mielivaltainen	mielivaltaiset
mieliä	mieli
mielle	mielteitä
miellyttävä	miellyttävä
miellyttävä	miellyttävämpi
miellyttävä	miellyttävän
miellyttävä	miellyttävää
miellyttää	miellyttämään
miellyttää	miellyttänyt
miellyttää	miellyttävä
miellyttää	miellyttävän
miellyttää	miellytä
mieltymys	mieltymyksensä
mieltymys	mieltymykset
mieltymys	mieltymysten
mieltynyt	mieltynyt
mieltyä	mieltyi
mieltää	miellettiin
mieltää	mielletään
mieltää	mieltävät
mieluimmin	mieluimmin
mieluisa	mieluisinta
mieluiten	mieluiten
mieluummin	mielluummi
mieluummin	mieluummin
mieluusti	mieluusti
mies	mieheen
mies	mieheksi
mies	miehelle
mies	miehellä
mies	mieheltä
mies	mieheltään
mies	miehen
mies	mieheni
mies	miehenkin
mies	miehensä
mies	miehenä
mies	miehes
mies	miehestä
mies	miehet
mies	miehetkin
mies	miehiksi
mies	miehille
mies	miehillä
mies	miehiltä
mies	miehinä
mies	miehistä
mies	miehiä
mies	mies
mies	mieshän
mies	mieskin
mies	miesten
mies	miestä
mies	miestäsi
mies	miestään
mies	miäs
mies-	mies-
mies-sana	mies-sanaa
mieshenkilö	mieshenkilön
mieshiihtäjä	mieshiihtäjät
mieshormoni	mieshormonien
miesjuontaja	miesjuontaja
mieskansanedustaja	mieskansanedustajilla
mieskuva	mieskuva
miesmarkkina	miesmarkkinoilla
miesparka	miesparka
miespoliitikko	miespoliitikon
miespotilas	miespotilaani
miespuhuja	miespuhujilta
miespuolinen	miespuolinen
miespuolinen	miespuoliset
miestenosasto	miestenosastoa
miesvuokralainen	miesvuokralaisen
miesääni	miesääni
mietintö	mietintö
mietiskellä	mietiskellyt
mietiskellä	mietiskellään
mietiskellä	mietiskeltävän
mietityttää	mietitytti
mietityttää	mietityttää
mieto	mieto
mietteissään	mietteissään
miettiminen	miettimiseen
miettiminen	miettimisen
miettiminen	miettimisestä
miettinen	miettistä
miettiä	mieti
miettiä	mietimmes
miettiä	mietin
miettiä	mietitty
miettiä	mietityksi
miettiä	mietti
miettiä	miettiessä
miettiä	miettii
miettiä	miettimässä
miettiä	miettimättä
miettiä	miettimään
miettiä	miettineeksi
miettiä	miettinyt
miettiä	miettisimmät
miettiä	miettivät
miettiä	miettiä
migreeni	migreenistä
mihailov	mihailov
mihin	mihil
mihin	mihin
mihin	mihinkähä
mihin	mihinkähän
mihinkään	mihinkään
mihinkään	mihkään
miia	miia
miikael	miikael
miikael	miikaelille
miina	miinoitta
miisa	miisa
miisa	miisan
mijas	mijaksen
mika	mika
mika	mikaa
mika	mikalla
mika	mikan
mika	mikasta
mika-matti	mika-matti
mikael	mikaelin
mikaela	mikaela
mikahäkkinen	mikahäkkiset
mikhailov	mikhailov
mikkeli	mikkeliin
mikkeli	mikkeliss
mikkeli	mikkelissä
mikko	mikko
mikko	mikkoa
mikko	mikkohan
mikko	mikkoon
mikko	mikon
mikkola	mikkola
miko	mikojen
mikonkatu	mikonkatujen
mikri	mikri
mikro	mikron
mikroauto	mikroautoa
mikrofilmi	mikrofilmiltä
mikrofooni	mikrofooneja
mikroistumiskilpa	mikroistumiskilvassa
mikroluokka	mikroluokkaa
mikroluokkalisenssi	mikroluokkalisenssi
mikroskooppi	mikroskoopilla
mikrotaso	mikrotason
mikrouuni	mikrouuniin
miksi	miks
miksi	miksi
miksi	miksihän
miksi	miksikähän
miksi	miksikö
miksi	miksiköhän
miksi	miksipä
miksi	mix
mikä	mihi
mikä	mihin
mikä	mihinkäs
mikä	miksi
mikä	mikä
mikä	mikähän
mikä	mikäs
mikä	mille
mikä	millä
mikä	milläs
mikä	miltä
mikä	miltähän
mikä	minkä
mikä	minkähän
mikä	minä
mikä	mis
mikä	missä
mikä	missähän
mikä	mist
mikä	mistä
mikä	mistähän
mikä	mitkä
mikä	mitä
mikä	mitä-
mikä	mitähäl
mikä	mitähän
mikä	mitäköhän
mikä	mitäpä
mikä	mitäs
mikä-mikä-maa-aineisto	mikä-mikä-maa-aineiston
mikäkin	mihinkin
mikäkin	minkäkin
mikäkin	mitäkin
mikäli	mikäli
mikään	mihinkään
mikään	mikkään
mikään	miksikään
mikään	mikään
mikään	millekään
mikään	millään
mikään	minkään
mikään	minään
mikään	missään
mikään	mistää
mikään	mistään
mikään	mitkään
mikään	mittää
mikään	mittään
mikään	mitää
mikään	mitääm
mikään	mitään
milano	milanon
miles	miles
miles	milesille
miljardi	miljardeilla
miljardi	miljardia
miljardi	miljardien
miljardi	miljardiin
miljardi	miljardilla
miljardi	miljardin
miljardi	miljardista
miljardiratkaisu	miljardiratkaisu
miljardivirhe	miljardivirheestä
miljonääri	miljonääriksi
miljoona	miljoona
miljoona	miljoonaa
miljoona	miljoonaan
miljoona	miljoonalla
miljoona	miljoonalle
miljoona	miljoonan
miljoona	miljoonani
miljoona	miljoonasta
miljoona	miljoonia
miljoona	miljoonien
miljoona	miljoonina
miljoonasade	miljoonasateen
miljoonaväestö	miljoonaväestö
millainen	millainen
millainen	millaiselle
millainen	millaisen
millainen	millaisena
millainen	millaisia
millainen	millaisiin
millainen	millaisilla
millainen	millaista
millainen	millanen
milli	millin
millimetri	millimetrin
milloin	milloin
milloin	millon
milloin	millonkas
milloin	millos
milloinkaan	milloinkaan
milloinkin	milloinkin
millänsäkään	millänsäkään
millään	millään
milosevic	milosevic
milosevic	milosevicia
miltei	miltei
milton	milton
mimmoinen	mimmonen
min	min
mineraalivesi	mineraalivettä
mini-ottopiste	mini-ottopisteellä
minibaari	minibaareja
minibaari	minibaari
minibaari	minibaaria
minihame	minihame
minihame	minihameet
minimaalinen	minimaalista
minimi	minimissään
minimi	minimiä
minimiansio	minimiansio
minimilentokorkeus	minimilentokorkeutta
minimoida	minimoitu
ministeri	ministereissä
ministeri	ministeri
ministeri	ministerille
ministeri	ministeriltä
ministeri	ministerin
ministeri	ministerinä
ministeri	ministerit
ministeri	ministeriä
ministerikato	ministerikadon
ministerikokous	ministerikokous
ministerineuvosto	ministerineuvostossa
ministerivuosi	ministerivuosista
ministeriö	ministeriö
ministeriö	ministeriöiden
ministeriö	ministeriön
ministeriö	ministeriöön
miniä	miniä
miniä	miniää
minkki	minkeillä
minkälainen	minkälainen
minkälainen	minkälaiseen
minkälainen	minkälaiselta
minkälainen	minkälaisen
minkälainen	minkälaisessa
minkälainen	minkälaiset
minkälainen	minkälaisia
minkälainen	minkälaisiin
minkälainen	minkälaista
minkäslainen	minkäslaine
minkäslainen	minkäslaista
minkäänlainen	minkäänlaisia
minkäänlainen	minkäänlaista
minkäännäköinen	minkäännäköstä
minna	minnan
minne	minne
minne	minnekkä
minnekään	minnekään
minnesota	minnesotalle
minuus	minuus
minuutti	minuuteilla
minuutti	minuutilla
minuutti	minuutin
minuutti	minuutteja
minuutti	minuutti
minuutti	minuuttia
minuutti	minuuttii
minuutti	minuuttiin
minä	m
minä	m-
minä	ma
minä	me
minä	mehän
minä	meidän
minä	meidänkin
minä	meidät
minä	meidätkin
minä	meihin
minä	meijä
minä	meijän
minä	meil
minä	meile
minä	meill
minä	meille
minä	meillekin
minä	meillä
minä	meilläkin
minä	meiltä
minä	meiltähän
minä	meiltäki
minä	meistä
minä	meistäkin
minä	meitin
minä	meitä
minä	meiäm
minä	meiän
minä	mekin
minä	mekö
minä	met
minä	meän
minä	mi
minä	mie
minä	miekii
minä	minu
minä	minua
minä	minulla
minä	minullakin
minä	minulle
minä	minullekin
minä	minulta
minä	minultakin
minä	minun
minä	minunhan
minä	minunkin
minä	minussa
minä	minussakin
minä	minusta
minä	minut
minä	minuun
minä	minä
minä	minähän
minä	minäki
minä	minäkin
minä	minäkä
minä	minäkään
minä	minäkö
minä	minäkös
minä	minän
minä	minäpä
minä	minäpäs
minä	miul
minä	miullaha
minä	miun
minä	miäpäs
minä	mua
minä	mul
minä	mull
minä	mulla
minä	mullahan
minä	mulle
minä	mullekin
minä	multa
minä	mum
minä	mun
minä	must
minä	musta
minä	mut
minä	muv
minä	myö
minä	mä
minä	mäkin
minä	mää
minä	määki
minä-sana	minä-sanan
mir	mir
mira	mira
miranda	miranda
mirhabar-matto	mirhabar-matoistani
mirja	mirja
mirjami	mirjami
mirka	mirka
mirkku	mirkusta
mirror	mirror
miss	miss
missi	misseistä
missi	missejä
missi	missiä
missivuosi	missivuosi
missä	missä
missä	missähän
missä	missäs
missään	missään
mistral	mistral
mistä	mistä
mistään	mistään
mitali	mitaleille
mitali	mitali
mitali	mitalissa
mitaliehdokas	mitaliehdokkaiksi
mitalisija	mitalisijasta
mitalisuosikki	mitalisuosikin
mitalitaistelu	mitalitaisteluissa
mitata	mitata
mitata	mitataan
mitata	mitatas
mitata	mitattavat
mitata	mitattiin
mitata	mitattu
mitata	mitattuna
mitata	mittaa
miten	mite
miten	mitem
miten	miten
miten	mitenkä
miten	mitenkäs
miten	mites
mitenkään	mitenkään
mitoittaa	mitoitettu
mitsu	mitsu
mitsubishi	mitsubishi
mitsubishi	mitsubishia
mitta	mitassa
mitta	mittaa
mitta	mittoja
mitta	mittojensa
mittaamaton	mittaamaton
mittaaminen	mittaaminen
mittaan	mittaan
mittainen	mittainen
mittainen	mittaiseksi
mittainen	mittaisella
mittainen	mittaiseni
mittainen	mittaisesta
mittainen	mittaisia
mittapuu	mittapuusta
mittari	mittareiden
mittari	mittari
mittari	mittarin
mittarinlukija	mittarinlukija
mittaus	mittaus
mittaus	mittausten
mittausasema	mittausasemaa
mittava	mittava
mittava	mittavia
mittava	mittavilla
mitterrand	mitterrandin
mitä	mittee
mitä	mitä
mitä	mitäs
mitättömyys	mitättömyyden
mitätön	mitätön
mitään	mitään
miumau	miumauksi
miyazaki	miyazakia
mk	mk
mk/kg	mk/kg
ml	ml:lta
mm	mm
mm-finaali	mm-finaalissa
mm-hiihto	mm-hiihdot
mm-kisa	mm-kisat
mm-kisa	mm-kisoihin
mm-kisa	mm-kisoissa
mm-kisa	mm-kisojen
mm-loppuottelu	mm-loppuottelun
mm-lopputurnaus	mm-lopputurnauksen
mm-sarja	mm-sarjaan
mm-sarja	mm-sarjan
mm-valinta	mm-valintojen
mm.	mm.
mobile	mobile
moderni	moderneja
moderni	modernimpi
moderni	modernin
moderni	modernit
modernismi	modernismin
modernisoida	modernisoida
moi	moi
moikata	moikkaa
moikata	moikkaak
moilanen	moilanen
moittia	moitittu
moittia	moitti
moittia	moittia
moittia	moittii
moittiminen	moittimista
moka	moka
moka	mokia
mokata	mokasi
mokoma	mokomin
moksiskaan	moksiskaan
molekyylibiologia	molekyylibiologiaa
molemmat	molemmat
molemmat	molemmilla
molemmat	molemmille
molemmat	molemmin
molemmat	molemmissa
molemmat	molempia
molemmat	molempien
molla	molla
mollata	mollattua
mollberg	mollbergin
mona	mona
monarkki	monarkki
monasti	monasti
mondi	mondin
monenkertainen	monenkertaisen
monenlainen	monenlaisia
monenlainen	monenlaista
monenlainen	monenlaisten
mones	monennessa
mones	monesko
monesti	monasti
monesti	monesti
mongertaa	mongertava
mongoli	mongoleille
moni	moneen
moni	moneksi
moni	monella
moni	monelle
moni	monelta
moni	moneltakin
moni	moneltakos
moni	monen
moni	mones
moni	monessa
moni	monesta
moni	monet
moni	moni
moni	monia
moni	monien
moni	moniin
moni	monikaan
moni	moniko
moni	monilla
moni	monille
moni	monilta
moni	monin
moni	monissa
moni	monista
moni	monneen
moni	monta
moni	montakin
moni	montako
moniaalla	moniaalla
monialaisuus	monialaisuuden
monica	monica
monikansallinen	monikansallinen
monikerroksinen	monikerroksisia
monikerroksisuus	monikerroksisuus
monikerroksisuus	monikerroksisuutta
monikkoperhe	monikkoperhe
monikäyttöinen	monikäyttöinen
monimerkityksellisyys	monimerkityksellisyyttä
monimuotoinen	monimuotoinen
monimutkainen	monimutkainen
monimutkainen	monimutkaisemmat
monimutkainen	monimutkaisia
monimutkainen	monimutkaisiksi
monimutkainen	monimutkaista
moninainen	moninaisia
moninkertainen	moninkertainen
moninkertainen	moninkertaiseksi
moninkertainen	moninkertaiset
moninkertaistaa	moninkertaistaa
monipuolinen	monipuolinen
monipuolinen	monipuolisempaa
monipuolinen	monipuolisia
monipuolinen	monipuolisimmat
monipuolisesti	monipuolisesti
monipäinen	monipäinen
monirotuinen	monirotuinen
monistua	monistumaan
monitasoinen	monitasoista
monitieteinen	monitieteisiä
monitieteinen	monitieteistä
monitoimikone	monitoimikoneella
moniulotteisuus	moniulotteisuus
monivuotinen	monivuotinen
moniääninen	moniääninen
mono	monoissa
monologipuheenvuoro	monologipuheenvuorot
mononen	mononen
monopoli	monopoleista
monrepos	monrepos'n
monta	montaa
monte	monte
montecristo	montecriston
montreal	montrealissa
monumentti	monumentti
moona	moona
moona	moonahan
moona	moonalta
moona	moonan
moore	moore
moore	mooren
mooses	moosekselta
mooses	mooseksen
moottori	moottorein
moottori	moottoreista
moottori	moottori
moottori	moottoria
moottori	moottorilla
moottori	moottorimme
moottori	moottorin
moottori	moottorissa
moottori	moottorista
moottorikelkka	moottorikelkan
moottorikelkka	moottorikelkkaa
moottorikelkka	moottorikelkoilla
moottorikelkkailija	moottorikelkkailija
moottorikerho	moottorikerho
moottorikerho	moottorikerhon
moottorintoimittaja	moottorintoimittaja
moottoripyörä	moottoripyörien
moottoripyörä	moottoripyörineen
moottoripyörä	moottoripyörällä
moottoripyörämies	moottoripyörämies
moottoripyöräpuoli	moottoripyöräpuolella
moottoriteho	moottoritehon
moottoritie	moottoriteistä
moottoritie	moottoritie
moottoritie	moottoritiellä
moottoriton	moottoritonta
moottoriurheilija	moottoriurheilijaksi
moottoriurheilu	moottoriurheilun
moottorivene	moottorivene
moottorivene	moottoriveneellä
mopo	mopojen
mopoilla	mopoileva
mopoilla	mopoilevia
moraali	moraali
moraali	moraalia
moraali	moraaliltaan
moraalinen	moraalisen
moraaliopetus	moraaliopetus
moraalisesti	moraalisesti
moraalisuus	moraalisuus
moraalittomuus	moraalittomuudelle
moralisti	moralisti
moreenivaippa	moreenivaippa
morgan	morgan
morjens	morjens
morjestaa	morjestamaan
morning	morning
morsian	morsian
morsian	morsiantani
mosambik	mosambikin
mosambik	mosambikissa
mosambikilainen	mosambikilaiset
moses	mosesin
moska	moskaa
moskova	moskovaan
moskova	moskovan
moskova	moskovassa
moskovalainen	moskovalaiset
motiivi	motiiveista
motoparkki	motoparkissa
motoriikka	motoriikan
motoriikka	motoriikat
motorisesti	motorisesti
motti	mottiin
mouhijärveläinen	mouhijärveläiset
mouhijärvi	mouhijärveltä
mount	mount
mountain	mountain
mr	mr
mr.	mr.
mrs	mrs.
mt	mt
mtk	mtk:lle
mtk	mtk:n
mtv3	mtv3:lta
mtv3	mtv3:n
muassa	muassa
mugabe	mugabe
muge	muge
muhai	muhai
muhammad	muhammad
muhia	muhi
muhonen	muhosen
muikku	muikkuja
muikku	muikun
muikkukanta	muikkukanta
muilu	muilu
muinaisjäännös	muinaisjäännöksiä
muinaismuistolaki	muinaismuistolain
muinaissuomalainen	muinaissuomalaiset
muinoin	muinoin
muistaa	muista
muistaa	muistaa
muistaa	muistaako
muistaa	muistaakseni
muistaa	muistaisi
muistaa	muistakin
muistaa	muistan
muistaa	muistanette
muistaa	muistanut
muistaa	muistappas
muistaa	muistat
muistaa	muistathan
muistaa	muistatko
muistaa	muistatkos
muistaa	muistatte
muistaa	muistattehan
muistaa	muistatteko
muistaa	muistavat
muistaa	muistetaan
muistaa	muistettava
muistaa	muisti
muistaa	muistin
muistaa	muistithan
muisteleminen	muistelemisensa
muistella	muistelee
muistella	muistelemaan
muistella	muistelepa
muistella	muistelevat
muistella	muisteli
muistella	muistelimme
muistelma	muistelmiensa
muistelma	muistelmissaan
muisti	muisti
muisti	muistiihan
muisti	muistin
muisti	muistissa
muisti	muistissaan
muisti-	muisti-
muistiinpano	muistiinpanoista
muistiinpano	muistiinpanoja
muistikirja	muistikirjani
muistio	muistio
muistisolu	muistisolua
muistivihko	muistivihkoja
muisto	muisto
muisto	muistoa
muisto	muistoja
muisto	muistokin
muisto	muistoksi
muisto	muistona
muisto	muistonsa
muisto	muistosi
muisto	muistot
muistomerkki	muistomerkki
muistomerkki	muistomerkkiin
muistua	muistui
muistuttaa	muistuta
muistuttaa	muistutetaan
muistuttaa	muistuttaa
muistuttaa	muistuttaisin
muistuttaa	muistuttavan
muistuttaa	muistuttavat
muistuttaa	muistuttavia
muistuttaa	muistutti
muistuttaa	muistuttivat
muistutus	muistutuksen
muistutus	muistutuksia
muistutus	muistutusta
muka	muka
mukaa	mukaa
mukaan	mukaan
mukaan	mukaanhan
mukaan	mukaani
mukaan	mukaansa
mukaan	mukaasi
mukaantulo	mukaantulonsa
mukailla	mukaillakseni
mukailla	mukaillen
mukainen	mukaiseen
mukainen	mukaiseksi
mukainen	mukaista
mukaisesti	mukaisesti
mukamas	mukamas
mukana	mukana
mukana	mukanaan
mukana	mukanamme
mukana	mukanani
mukava	mukava
mukava	mukavaa
mukava	mukavaan
mukava	mukavalla
mukava	mukavalle
mukava	mukavalta
mukava	mukavampaa
mukava	mukavampi
mukava	mukavan
mukava	mukavana
mukava	mukavassa
mukava	mukavia
mukava	mukavina
mukava	mukavinta
mukavasti	mukavasti
mukavuudenhaluinen	mukavuudenhaluinen
mukavuusvaruste	mukavuusvarusteita
muki	mukista
muksu	muksut
mukula	mukulat
mukulakivi	mukulakivet
mukulakivi	mukulakivillä
muljahtaa	muljahtaneet
mulkaisu	mulkaisu
mulli	mullit
mullistaa	mullistava
mullistava	mullistavaa
mullistava	mullistavimpana
mullistus	mullistus
multa	multaa
multaus	multauksessa
multava	multaviin
multia	multialla
multimedia-ala	multimedia-alaa
multimediataito	multimediataidot
multimediatietokone	multimediatietokoneita
multimiljonääri	multimiljonääri
mumbai	mumbaissa
mummi	mummi
mummi	mummia
mummi	mummiaan
mummi	mummille
mummi	mummin
mummo	mummo
mummo	mummoja
mummo	mummojen
mummo	mummol
mummo	mummolla
mummo	mummolle
mummo	mummon
mummo	mummossani
mummo	mummot
mummola	mummolaan
mummola	mummolassa
mummu	mummuaan
muna	munat
munakenno	munakenno
munanmuotoinen	munanmuotoiset
munia	munitaan
munintapäivä	munintapäivästä
munkki	munkit
munkki	munkki
munkkiniemi	munkkiniemestä
munuainen	munuaisiin
munuaiskivi	munuaiskivet
muodikas	muodikas
muodikas	muodikkaaseen
muodikas	muodikkailla
muodinluoja	muodinluojien
muodokas	muodokkaaksi
muodollisesti	muodollisesti
muodollisuus	muodollisuus
muodostaa	muodostaa
muodostaa	muodostamaan
muodostaa	muodostamat
muodostaa	muodostavat
muodostaa	muodostivat
muodostaja	muodostajaksi
muodostaminen	muodostamiseksi
muodostamisprosessi	muodostamisprosessi
muodostua	muodostu
muodostua	muodostua
muodostua	muodostuen
muodostua	muodostui
muodostua	muodostunut
muodostua	muodostuu
muodostua	muodostuvat
muodostuminen	muodostumiseen
muodoton	muodottomiksi
muokata	muokata
muori	muori
muoti	muodin
muoti	muodinkin
muoti	muodissa
muoti	muoti
muoti	muotia
muoti-ihanne	muoti-ihanteita
muotigaala	muotigaaloissa
muotiliike	muotiliikkeita
muotitalo	muotitalojen
muotitermi	muotitermeille
muoto	muodossa
muoto	muoto
muoto	muotoa
muoto	muotoja
muoto	muotoon
muotoilla	muotoilemasta
muotoilla	muotoili
muotoilla	muotoillun
muotoilu	muotoilukaan
muotoilu	muotoilussa
muotoilu	muotoiluun
muotoiluosasto	muotoiluosastolle
muotoilustipendi	muotoilustipendin
muotoinen	muotoinen
muotokuva	muotokuva
muotoutua	muotoutuva
muottisarja	muottisarjaa
muovata	muovaama
muovata	muovaamia
muovata	muovanneet
muovautua	muovautunut
muovi	muovien
muoviauto	muoviautoja
muovipullo	muovipullojen
muovipussi	muovipussia
muovipussi	muovipussit
muovisuojus	muovisuojuksilla
muovittaa	muovitetaan
muovittaa	muovitettu
muovittaa	muovitettuna
muovittaa	muovittavat
murahtaa	murahti
murdoch	murdochin
murea	mureassa
murehtia	murehdimme
murehtia	murehti
murehtia	murehtia
murehtia	murehtiessa
murentuminen	murentuminen
murha	murha
murha	murhan
murha	murhia
murhaaja	murhaaja
murhaaja	murhaajaksi
murhaaja	murhaajan
murhaaminen	murhaaminen
murhata	murhataan
murhata	murhatuksi
murhayritys	murhayrityksestä
murhayritys	murhayritystä
murhe	murheilta
murhe	murheita
murheellinen	murheellinen
murheellinen	murheellisemmat
murheissaan	murheissaan
murjoa	murjottua
murmeli	murmelit
murole	muroleen
murre	murre
murre	murrest
murre	murretta
murre	murrettani
murre	murteensa
murros	murroksessa
murska	murskana
murskaaja	murskaajaa
murskaantua	murskaantui
murskaava	murskaava
murskaava	murskaavan
murskata	murskaat
murskata	murskasi
murtaa	murretun
murtautua	murtauduttiin
murtautua	murtauduttu
murtautua	murtautua
murtautua	murtautui
murtautua	murtautuivat
murteenpuhuja	murteenpuhujat
murto	murto
murto	murtoon
murtopaikka	murtopaikan
murtsikkasuksi	murtsikkasukset
murtua	murtui
murtuma	murtumat
muru	murua
murunen	murusia
musa	musan
musampa	musampa
museo	museo
museo	museon
museo	museoon
museo	museossa
museo	museosta
museo	museot
museo	museota
museokatu	museokadullako
museonjohtaja	museonjohtajan
museovirasto	museovirasto
museovirasto	museoviraston
musertua	musertua
musiikillinen	musiikillisen
musiikillisesti	musiikillisesti
musiikinopiskelija	musiikinopiskelijoista
musiikki	musiikilla
musiikki	musiikin
musiikki	musiikissa
musiikki	musiikista
musiikki	musiikki
musiikki	musiikkia
musiikki	musiikkiin
musiikkiarvostelija	musiikkiarvostelija
musiikkielämä	musiikkielämään
musiikkijuhla	musiikkijuhlien
musiikkikulttuuri	musiikkikulttuuriin
musiikkimaku	musiikkimaku
musiikkimies	musiikkimiehiä
musiikkiteatteri	musiikkiteatteria
musiikkiviikko	musiikkiviikolla
musikaali	musikaalin
musikaalinen	musikaalinen
muskelimoottori	muskelimoottorista
muslimi	muslimeilta
muslimi	muslimeja
muslimi	muslimi
muslimi	muslimien
muslimialue	muslimialueelta
muslimiasukas	muslimiasukasta
muslimityttö	muslimityttö
musse	musselta
musta	musta
musta	mustaa
musta	mustaan
musta	mustaksi
musta	mustalla
musta	mustan
musta	mustassa
musta	mustasta
musta	mustat
musta	mustempi
musta	mustia
musta	mustien
musta	mustiin
musta	mustiksi
musta	mustine
mustaaminen	mustaaminen
mustaherukka	mustaherukan
mustaherukka	mustaherukkaa
mustajoki	mustajoen
mustamaalaus	mustamaalaukseksi
mustamaija	mustamaijaan
mustamakkara	mustamakkara
mustanaamio	mustanaamion
mustanaan	mustanaan
mustanpörssi	mustanpörssin
mustarastas	mustarastaat
mustarastas	mustarastaita
mustasukkainen	mustasukkainen
mustasukkaisuus	mustasukkaisuuksissaan
mustasukkaisuus	mustasukkaisuus
mustaviklo	mustaviklon
muste	musteella
mustelma	mustelma
mustelma	mustelmia
mustepullo	mustepullo
mustikka	mustikalla
mutanen	mutanen
muti	mutin
mutista	mutisi
mutista	mutisin
mutka	mutkassa
mutka	mutkitta
mutkaton	mutkaton
mutkattomasti	mutkattomasti
mutkikas	mutkikkaan
mutkistaa	mutkistaa
mutkistua	mutkistuneet
mutristella	mutristeli
mutrullaan	mutrullaan
mutsi	mutsi
mutta	mu
mutta	mut
mutta	mutt
mutta	mutta
mutteri	mutterien
muu	muiden
muu	muidenkaan
muu	muihin
muu	muilla
muu	muille
muu	muillekin
muu	muilta
muu	muin
muu	muina
muu	muissa
muu	muissakin
muu	muista
muu	muita
muu	muitakin
muu	muitta
muu	muitten
muu	muu
muu	muuhun
muu	muukaan
muu	muukin
muu	muuksi
muu	muulla
muu	muulle
muu	muulta
muu	muun
muu	muuna
muu	muunkin
muu	muussa
muu	muussakin
muu	muusta
muu	muut
muu	muuta
muu	muutakaan
muu	muutakin
muu	muutkaan
muu	muutkin
muualla	muualla
muualla	muuallakin
muualle	muualle
muualle	muuallekaan
muualta	muualta
muualta	muualtakin
muuan	muuan
muuan	muuatta
muulloin	muulloin
muumi	muumien
muumimammoittelu	muumimammoittelut
muumio	muumio
muumipeikko	muumipeikoksi
muunkinlainen	muunkinlaisia
muunlainen	muunlaisiakin
muunnos	muunnoksista
muuntelu	muuntelu
muuntua	muuntuu
muurahainen	muurahaiset
muurahainen	muurahaisia
muurahainen	muurahaisten
muurame	muuramen
muurari	muurari
muurari	muurarilla
muuri	muurilta
muuri	muurin
muurikki	muurikit
muurimäki	muurimäet
muurinen	muurisen
muusi	muusia
muusikko	muusikko
muusikko	muusikkojen
muusikko	muusikoiden
muusikko	muusikoille
muusikko	muusikolle
muussi	muussilla
muutama	muutama
muutama	muutamaa
muutama	muutamaan
muutama	muutamalla
muutama	muutamalle
muutama	muutaman
muutama	muutamana
muutama	muutamassa
muutama	muutamasta
muutama	muutamat
muutama	muutamia
muutama	muutamien
muutama	muutamiin
muutama	muutamilla
muuten	muute
muuten	muuten
muuten	muutenhan
muuten	muutenkaan
muuten	muutenki
muuten	muutenkin
muutoin	muutoin
muutoin	muutoinkin
muutoksentekijä	muutoksentekijöitä
muutos	muutokseen
muutos	muutoksella
muutos	muutoksen
muutos	muutokset
muutos	muutoksia
muutos	muutoksiin
muutos	muutoksista
muutos	muutos
muutos	muutosta
muutos	muutostenkin
muutosehdotus	muutosehdotus
muutosesitys	muutosesityksistä
muutosjohtaja	muutosjohtajia
muuttaa	muuta
muuttaa	muutan
muuttaa	muutettaisiin
muuttaa	muutettava
muuttaa	muutettavaksi
muuttaa	muutettiin
muuttaa	muutettu
muuttaa	muutetuksi
muuttaa	muutin
muuttaa	muutit
muuttaa	muuttaa
muuttaa	muuttaisi
muuttaa	muuttaisivat
muuttaa	muuttamaan
muuttaa	muuttamassa
muuttaa	muuttamatta
muuttaa	muuttaneen
muuttaa	muuttaneensa
muuttaa	muuttaneet
muuttaa	muuttanu
muuttaa	muuttanut
muuttaa	muuttavan
muuttaa	muuttavat
muuttaa	muuttavia
muuttaa	muutti
muuttaa	muuttivat
muuttaja	muuttaja
muuttaja	muuttajat
muuttaminen	muuttaminen
muuttaminen	muuttamista
muutto	muuton
muutto	muutosta
muutto	muutto
muutto	muuttoa
muuttoilmoitus	muuttoilmoitus
muuttolintu	muuttolinnuilla
muuttopuuha	muuttopuuhista
muuttopäivä	muuttopäivää
muuttostressi	muuttostressistä
muuttua	muuttua
muuttua	muuttui
muuttua	muuttuisi
muuttua	muuttuivat
muuttua	muuttumaan
muuttua	muuttumassa
muuttua	muuttumattomana
muuttua	muuttuna
muuttua	muuttuneet
muuttua	muuttunut
muuttua	muuttuu
muuttua	muuttuvassa
muuttua	muutu
muuttuminen	muuttumisesta
muuttuminen	muuttumista
myhäillä	myhäilee
mykistys	mykistykseksi
mykistyä	mykistyneenä
mykkä	mykkä
mykkänen	mykkänen
müller	müller
myllerrys	myllerrykseen
mylly	mylly
mylly	myllyssä
mylly	myllyä
myllykoski	myllykoskella
myllylä	myllylä
myllylä	myllylän
myllynkivi	myllynkivi
myllys	myllys
mylvintä	mylvintä
mypa	mypa
mypa	mypaa
myrkky	myrkkyjen
myrkky	myrkyt
myrkky-yhdiste	myrkky-yhdisteitä
myrkyllinen	myrkyllisiä
myrsky	myrsky
myrsky	myrskyjen
myrsky	myrskyn
myrsky	myrskyä
myrskytä	myrskyää
myrtsi	myrtsinä
myski	myski
mystifioida	mystifioidun
mystillinen	mystillisten
mytologia	mytologian
mytty	mytyt
myydä	myi
myydä	myin
myydä	myis
myydä	myivät
myydä	myy
myydä	myydä
myydä	myydään
myydä	myykää
myydä	myykö
myydä	myymistä
myydä	myymällä
myydä	myymässä
myydä	myymättä
myydä	myymättömistä
myydä	myyn
myydä	myyneet
myydä	myynyt
myydä	myytiin
myydä	myytiinkö
myydä	myytiinpä
myydä	myyty
myydä	myytynä
myydä	myytyä
myydä	myytäviksi
myydä	myytäväksi
myydä	myytävän
myydä	myytävänä
myydä	möi
myyjä	myyjien
myyjä	myyjiä
myyjä	myyjä
myyjä	myyjästä
myyjä	myyjät
myyjä	myyjätkin
myyjäiset	myyjäisiin
myyminen	myyminen
myyminen	myymistä
myymälä	myymälä
myymälä	myymälässä
myymälä	myymälään
myymälävarkaus	myymälävarkaukseen
myynninedistäminen	myynninedistämiseen
myynti	myynniksi
myynti	myynnillä
myynti	myynnin
myynti	myynnissä
myynti	myynnistä
myynti	myyntiin
myynti	myyntiä
myyntiaika	myyntiaika
myyntiaika	myyntiaikaa
myyntiluettelo	myyntiluetteloon
myyntimiesjärjestelmä	myyntimiesjärjestelmään
myyntipalvelu	myyntipalvelumme
myyntitiski	myyntitiskin
myyntivaltti	myyntivaltti
myyntivirkailija	myyntivirkailijan
myyntivoitto	myyntivoitot
myyrä	myyrä
myyrä	myyrät
myyttimaakari	myyttimaakarista
myödä	möi
myöhemmin	myöhemmin
myöhä	myöhemmässäkin
myöhä	myöhä
myöhäinen	myöhäiseen
myöhäinen	myöhäisestä
myöhäinen	myöhäistä
myöhäisilta	myöhäisillan
myöhäisintään	myöhäsintää
myöhäiskeski-ikä	myöhäiskeski-iässä
myöhässä	myöhässä
myöhästyä	myöhästyi
myöhästyä	myöhästyin
myöhästyä	myöhästymässä
myöhästyä	myöhästynen
myöhästyä	myöhästyy
myöhästyä	myöhästyä
myöhään	myöhään
myönnellä	myönnellen
myönteinen	myönteinen
myönteinen	myönteisen
myönteinen	myönteisessä
myönteinen	myönteisiä
myönteinen	myönteistä
myönteisemmin	myönteisemmin
myönteisyys	myönteisyyteen
myöntyä	myönnyn
myöntyä	myöntyi
myöntäminen	myöntämisen
myöntävä	myöntävän
myöntää	myönnettiin
myöntää	myönnetty
myöntää	myönnettäköön
myöntää	myönnän
myöntää	myönsi
myöntää	myöntämistään
myöntää	myöntämään
myöntää	myöntänyt
myöntää	myöntää
myös	myos
myös	myös
myös	myöskin
myös	myöskään
myöten	myöten
myötä	myötä
myötämielisemmin	myötämielisemmin
myötäsyntyinen	myötäsyntyisin
myötätuuli	myötätuuli
mädäntyä	mädäntyneen
mäkelä	mäkelä
mäki	mäen
mäki	mäessä
mäki	mäet
mäki	mäkeä
mäki	mäki
mäkihyppääjä	mäkihyppääjistä
mäkihyppääjä	mäkihyppääjällä
mäkilehto	mäkilehdolla
mäkinen	mäkinen
mäkinen	mäkinenkin
mäkinen	mäkisen
mällätä	mällätä
mämmilä	mämmilän
männikkö	männikkö
mänttä	mäntän
mänttä	mäntässä
mänty	männyn
mänty	mäntyjen
mäntykaluste	mäntykalusteisiin
mäntynen	mäntysen
mäntyniemi	mäntyniemessä
mäntyniemi	mäntyniemestä
mäntyniemi	mäntyniemi
märistä	märise
märkä	märillä
märkä	märiltä
märkä	märkä
märkä	märäksi
märkä	märällä
märkäajo	märkäajon
mässäily	mässäilyltä
mäsä	mäsäksi
mäsä	mäsänä
mätke	mätkettä
mätky	mätkyt
mättää	mättää
mätä	mätä
mätä	mätää
mätäs	mättäät
määri	määrin
määritellä	määritelleet
määritellä	määritelty
määritellä	määriteltynä
määritellä	määriteltäessä
määritellä	määriteltävä
määritellä	määrittelee
määritellä	määrittelemiinsä
määritellä	määrittelemään
määritellä	määrittelin
määritelmä	määritelmä
määrittäminen	määrittämisessä
määrittää	määrittää
määrä	määrin
määrä	määrä
määrä	määrän
määrä	määrästä
määrä	määrät
määrä	määrää
määrä	määrään
määräaika	määräaikaan
määräaikais-	määräaikais-
määräaikaishuolto	määräaikaishuollossa
määräaikaistarkistus	määräaikaistarkistus
määräaikaistili	määräaikaistileillä
määräillä	määräile
määräillä	määräilemättä
määräraha	määrärahaa
määrätietoisesti	määrätietoisesti
määrätty	määrätyssä
määrätä	määräisi
määrätä	määrännyt
määrätä	määräsi
määrätä	määrättiin
määrätä	määrätty
määrätä	määrättyjä
määrätä	määrätä
määrätä	määrätään
määrätä	määrää
määrätä	määräämä
määrätä	määräämällä
määrätä	määräämättömäksi
määrätä	määräämättömän
määrätä	määräämään
määrätä	määrään
määrävuosi	määrävuosin
määräys	määräyksen
määräys	määräyksestä
määräys	määräykset
määräys	määräyksiä
määräytyä	määräytyä
määrääminen	määrääminen
määräävä	määräävältä
määttä	määttää
mökki	mökeille
mökki	mökillä
mökki	mökillään
mökki	mökit
mökki	mökkejä
mökki	mökkejään
mökki	mökki
mökkitie	mökkitien
mökkönen	mökkösen
mönkkönen	mönkkönen
möttölä	möttölän
möyriä	möyrivät
n	n:n
n-ryhmä	n-ryhmän
n.	n.
naali	naali
naali	naalista
naama	naama
naama	naamaansa
naama	naamalleni
naama	naamalta
naama	naaman
naama	naamani
naama	naamasta
naama	naamoja
naamari	naamaria
naamio	naamion
naapuri	naapureilla
naapuri	naapureille
naapuri	naapureiltani
naapuri	naapureista
naapuri	naapuri
naapuri	naapuriin
naapuri	naapurimme
naapuri	naapurin
naapuri	naapurissa
naapuri	naapurissamme
naapuri	naapurista
naapuri	naapurit
naapuri	naapuritki
naapurikaupunki	naapurikaupungissa
naapurikylä	naapurikylistä
naapurimaa	naapurimaa
naapurimaa	naapurimaan
naapurimaa	naapurimaassa
naapurimaa	naapurimaastamme
naarasvästäräkki	naarasvästäräkin
naarmu	naarmu
naava	naavan
nadja	nadja
nagasaki	nagasakin
nagasaki	nagasakissa
nahinoida	nahinoimaan
nahka	nahkaa
nahkahousupoika	nahkahousupoikia
nahkapalo	nahkapaloja
nahkatakki	nahkatakin
nahkatakki	nahkatakit
nahkatakki	nahkatakki
nahkatakkimies	nahkatakkimiehiä
naida	naida
naida	naimattomana
naida	naimattomille
naiivi	naiiveiksi
naiivi	naiivia
nailon	nailonista
naimisiin	naimisiin
naimisissa	naimisissa
nainen	nainen
nainen	naiseen
nainen	naiseksi
nainen	naisella
nainen	naiselle
nainen	naiselta
nainen	naisen
nainen	naisena
nainen	naisensa
nainen	naisesta
nainen	naiset
nainen	naisia
nainen	naisiakin
nainen	naisiin
nainen	naisilla
nainen	naisille
nainen	naisista
nainen	naista
nainen	naisten
naintikumi	naintikumeja
naisargumentti	naisargumenttien
naisasialiike	naisasialiikettä
naisasialiitto	naisasialiitto
naisellinen	naisellinen
naisellisuus	naisellisuutta
naiseus	naiseudesta
naishakija	naishakijaa
naishakija	naishakijoiden
naisihminen	naisihminen
naisjohtajainstituutti	naisjohtajainstituutti
naisjoukkue	naisjoukkueita
naisjuristi	naisjuristien
naiskeilaaja	naiskeilaajat
naiskirjuri	naiskirjurin
naisleski	naisleski
naislisä	naislisää
naisnäkökulma	naisnäkökulma
naisopiskelija	naisopiskelijat
naispappeus	naispappeuden
naispappi	naispappi
naisparlamentaarikko	naisparlamentaarikkoja
naispeluri	naispeluri
naispresidentti	naispresidentti
naispuolinen	naispuoliselle
naispuolinen	naispuoliset
naisrehtori	naisrehtorin
naisseuralainen	naisseuralaisten
naissuhde	naissuhteen
naistenlehti	naistenlehden
naistenlehti	naistenlehti
naistoimittaja	naistoimittajien
naistutkimus	naistutkimukseen
naistyrannia	naistyranniaa
naisurheilu	naisurheiluun
naisvastaava	naisvastaavilla
naitattaa	naitattaa
naittaminen	naittamisestani
nakata	nakkasi
nakayama	nakayama
nakella	nakkelivat
nakertaa	nakertaa
nakertaa	nakertaakseen
nakertaminen	nakertamisen
nakertuminen	nakertumisesta
nakkikeitto	nakkikeittoa
nakkikioski	nakkikioskin
nakkila	nakkilan
nakkimakkara	nakkimakkara
nakkipaketti	nakkipaketin
nakkipaperi	nakkipaperinsa
naksahdus	naksahdukset
naku	naku
naljaileva	naljaileva
nalle	nalle
nalle	nalleille
namibia	namibiassa
namibia-rahasto	namibia-rahastoihin
namika	namikan
nano-bakteeri	nano-bakteeri
nanobakteeri	nanobakteerit
napa	napa
napa	navalla
napakymppi	napakympissä
napakymppi	napakymppi
napakymppi	napakymppiä
napata	napattu
napata	nappasi
napin	napin
napina	napinaa
napinläpi	napinläpeä
napoleonmainen	napoleonmainen
napostelu	napostelun
nappi	napista
nappi	nappi
nappi	nappia
nappula	nappuloilla
napsaista	napsaisemassa
napsauttaa	napsautti
napsia	napsii
napster	napster
napsu	napsun
naputella	naputelleet
naputtaa	naputti
narahdus	narahdus
narina	narinaa
nariseva	narisevat
narista	narisi
narri	narri
narrigalleria	narrigallerian
naru	narua
naru	narulla
nassau	nassau
nasta	nasta
nasta	nastaa
nasta	nastalla
nasta	nastat
nasta	nastempi
nastoittaa	nastoitettujen
nasu	nasu
natalia	natalia
natasa	natasa
nationalismi	nationalismista
natista	natisee
natista	natisten
nato	nato
nato	naton
nato	natoon
nato-jäsenyys	nato-jäsenyyden
natrium	natriumia
natsi	natseja
natsiunivormu	natsiunivormuihin
nauha	nauhaa
nauha	nauhalta
nauha	nauhan
nauha	nauhassa
nauha	nauhoille
nauha	nauhoja
nauhamakaroni	nauhamakaroni
nauhoitella	nauhoittelee
nauhoittaa	nauhoitettuina
nauhoittaa	nauhotattako
nauhuri	nauhurin
naukkailla	naukkailla
naukua	naukuu
naula	naulaan
naula	naulatkin
naula	naulojen
naulapyssy	naulapyssyn
naulata	naulanneet
naulata	naulasi
nauraa	nauraa
nauraa	nauraen
nauraa	nauraisin
nauraa	nauramaan
nauraa	nauramalla
nauraa	nauramatta
nauraa	nauramme
nauraa	nauraneet
nauraa	naurat
nauraa	nauravat
nauraa	nauroi
nauraa	nauroikin
nauraa	nauroimme
naurahdella	naurahteli
naurahtaa	naurahdin
naurahtaa	naurahtaa
naurahtaa	naurahti
nauraminen	nauramisesta
nauraminen	nauramistaan
naurattaa	nauratakaan
naurattaa	naurattaa
naurattaa	naurattaisi
naurattaa	naurattanut
naurattaa	naurattavan
naurattaa	nauratti
naurava	nauravan
naureksia	naureksien
naureskella	naureskelee
naureskella	naureskelevat
naureskella	naureskelin
naureskella	naureskelisi
naurettava	naurettavaa
naurettava	naurettavan
nauris	nauriit
naurismaa	naurismaan
nauru	naurun
nauru	naurusta
nauru	nauruun
naurunalainen	naurunalaiseksi
nauruterapia	nauruterapiaa
nauta	naudat
nautinto	nautinto
nautiskella	nautiskella
nauttia	nauti
nauttia	nautin
nauttia	nautitaan
nauttia	nautittava
nauttia	nautittavaksi
nauttia	nautittua
nauttia	nautittuna
nauttia	nauttia
nauttia	nauttii
nauttia	nauttimaan
nauttia	nauttineet
nauttia	nauttinut
nauttia	nauttivan
navetta	navetalle
navetta	navetan
navetta	navetassa
navettatyö	navettatöitä
naxos	naxoksen
ncc:läinen	ncc:läisen
ne	ne
ne	ne-
ne	nekin
ne	nekinhän
ne	net
ne	niiden
ne	niidenkin
ne	niihi
ne	niihij
ne	niihim
ne	niihin
ne	niille
ne	niillä
ne	niilt
ne	niiltä
ne	niine
ne	niissä
ne	niist
ne	niistä
ne	niit
ne	niitten
ne	niitä
neekeri	neekereitä
negatiivinen	negatiivinen
negatiivinen	negatiivisia
negatiivinen	negatiivista
neilikka	neilikka
neiti	neiti
neito	neidolla
neito	neidon
neito	neito
neitonen	neitonen
neitonen	neitosen
neitonen	neitosta
neitseellinen	neitseellisistä
nelijalkainen	nelijalkaiset
nelikko	nelikko
nelikuinen	nelikuisen
nelikymmenvuotias	nelikymmenvuotias
nelikymppinen	nelikymppinen
nelikymppinen	nelikymppisen
nelinpeli	nelinpelissäkään
nelisenkymmentä	nelisenkymmentä
nelivetoinen	nelivetoinen
nelivuotias	nelivuotias
nelivuotiskausi	nelivuotiskauden
neliö	neliöt
neliömetri	neliömetrin
neliömetri	neliömetriä
neljä	neljä
neljä	neljällä
neljä	neljältä
neljä	neljän
neljä	neljässä
neljä	neljästä
neljä	neljää
neljä	neljään
neljä-viisi	neljän-viiden
neljäkymmentä	neljäkymmentä
neljäkymmentä	neljänkymmenen
neljäkymmentäkaksi	neljäkymmentäkaksi
neljäkymmentävuotias	nelkytvuotiaana
neljäkymppiä	neljäkymppiä
neljäkymppiä	neljänkympin
neljäkymppiä	neljääkymppiä
neljännes	neljänneksen
neljännes	neljänneksestä
neljännes	neljännes
neljännestunti	neljännestunnin
neljäs	neljänneksi
neljäs	neljännellä
neljäs	neljännet
neljäs	neljäs
neljäs	neljättä
neljäsataakuusikymmentäviisi	neljäsataakuuskytviis
neljätoista	neljästtoist
nelonen	nalosen
nelosperhe	nelosperheiden
nelostie	nelostie
nelostie	nelostielle
nenä	neniään
nenä	nenä
nenä	nenälleni
nenä	nenän
nenä	nenässään
nenä	nenät
nenä	nenää
nenä	nenään
nenä	nenäänsä
nenäliina	nenäliinalla
nenäliina	nenäliinoja
nenänpää	nenänpää
nenänpää	nenänpään
nepalilainen	nepalilaiselle
neringri	neringriä
nero	nerona
nervanderinkatu	nervanderinkadulle
neste	nesteellä
neste	nesteen
neste	nestettä
nestekaasu	nestekaasua
nestekideruutu	nestekideruutu
nestemäinen	nestemäisiä
netskeippi	netskeipissä
nettailla	nettailevia
netti	nettiin
nettikirjoittajakoulu	nettikirjoittajakoulun
nettiykkönen	nettiykköseksi
nettotuki	nettotukeen
nettovoitto	nettovoitto
neuhauser	neuhauser
neulejakku	neulejakku
neutraali	neutraaleja
neutroni	neutroneja
neuvo	neuvo
neuvo	neuvoa
neuvo	neuvoja
neuvo	neuvon
neuvoa	neuvoa
neuvoa	neuvoi
neuvoa	neuvoisin
neuvoa	neuvoo
neuvoa	neuvotaan
neuvoa	neuvovat
neuvokkuus	neuvokkuuttaan
neuvola	neuvolassa
neuvonta	neuvonnan
neuvonta	neuvonnast
neuvonta	neuvonnasta
neuvonta	neuvonta
neuvosto	neuvoston
neuvostoelämä	neuvostoelämässä
neuvostoliitto	neuvostoliiton
neuvostoliitto	neuvostoliitossa
neuvostoliitto	neuvostoliitosta
neuvostoliitto	neuvostoliittokin
neuvostoviranomainen	neuvostoviranomaiset
neuvotella	neuvotella
neuvotella	neuvotelleen
neuvotella	neuvoteltava
neuvotella	neuvottelemaan
neuvoton	neuvottomia
neuvottelija	neuvottelijamme
neuvottelija	neuvottelijat
neuvottelu	neuvotteluin
neuvottelu	neuvotteluissa
neuvottelu	neuvotteluista
neuvottelu	neuvotteluja
neuvottelu	neuvottelujen
neuvottelu	neuvottelut
neuvottelukunta	neuvottelukunnalle
neuvottelupöytä	neuvottelupöydälle
neuvottelutaito	neuvottelutaitoa
neuvottelutie	neuvottelutietä
neuvottomuus	neuvottomuuttaan
nevalainen	nevalaisen
new	new
newton	newton
nhl	nhl:ssä
nhl	nhl:ään
nicki	nicki
niclaus	niclaus
nielaista	nielaisevatko
nielaista	nielaisi
nielaista	nielaisin
nieleksiä	nieleksien
nieleskellä	nieleskelemään
nieleskellä	nieleskellen
niellä	nielly
niellä	niellä
niemi	niemen
niemi	niemi
nieminen	nieminen
nieminen	niemisen
nieminen	niemisten
nigeria	nigerian
night	nightin
nightwish	nightwishin
niikuttelu	niikuttelun
niilo	niilo
niilo	niilolle
niilo	niilon
niin	ni
niin	nii
niin	niim
niin	niin
niin	niinhän
niin	niinkin
niin	nin
niinisalo	niinisalossa
niinistö	niinistö
niinistö	niinistön
niiniviita	niiniviidalta
niinkuin	niiku
niinkuin	niinko
niinkuin	niinku
niinkuin	niinkuin
niinkuin	niinkun
niinkuin	nikun
niinkuin	ninku
niinkuin	ninkun
niinpä	niinpä
niinsanottu	niinsanotun
niiskuttaa	niiskutti
niistää	niistimme
niitata	niitatut
niittymäki	niittymäki
nikita	nikitan
nikkola	nikkola
niko	niko
nikolajeva	nikolajeva
nikolajevitsh	nikolajevitshilla
nikotella	nikottelemaan
nikotiini	nikotiini
niksi	nikseimpänä
niksi	niksiä
nikula	nikula
nilkka	nilkan
nilkka	nilkat
nilkka	nilkka
nilkka	nilkkoihin
nils	nils
nilsiä	nilsiän
nimenhuuto	nimenhuudossa
nimenomaan	nimenomaan
nimenomainen	nimenomaisesta
nimetä	nimennyt
nimetä	nimesi
nimetä	nimettiin
nimetä	nimetty
nimetä	nimetyksi
nimetä	nimetä
nimetä	nimeämään
nimetön	nimetön
nimi	nimeen
nimi	nimekseen
nimi	nimeksi
nimi	nimellä
nimi	nimeltä
nimi	nimeltään
nimi	nimen
nimi	nimeni
nimi	nimenne
nimi	nimensä
nimi	nimensähän
nimi	nimesi
nimi	nimessä
nimi	nimestään
nimi	nimet
nimi	nimeä
nimi	nimeään
nimi	nimi
nimi	nimillä
nimi	nimistä
nimi	nimiä
nimibiisi	nimibiisi
nimikkomessu	nimikkomessuillaan
nimimerkki	nimimerkki
niminen	niminen
nimipäivälahja	nimipäivälahjaksi
nimismies	nimismiehen
nimismiespiiri	nimismiespiirissä
nimissä	nimissä
nimistö	nimistöjä
nimittäin	nimittäi
nimittäin	nimittäin
nimittäjä	nimittäjänsä
nimittäminen	nimittämistä
nimittämispäätös	nimittämispäätöksestä
nimittää	nimitettiin
nimittää	nimitetty
nimittää	nimitetyksi
nimittää	nimitetään
nimittää	nimittämään
nimitys	nimitys
nimitys	nimitysten
nimitys	nimitystä
nimitysoikeus	nimitysoikeus
nimmari	nimmareiden
nina	ninalla
nina	ninan
nipa	nipaa
nipin	nipin
nipistää	nipisti
nippeli	nippeliä
nippu	nipun
nippu	nipussa
niska	niska
niska	niskaa
niska	niskaan
niska	niskaani
niska	niskaansa
niska	niskaha
niska	niskan
niska	niskassa
niska	niskat
niskanen	niskanen
niskatuki	niskatuen
nissan	nissan
nissan	nissanissa
nissinen	nissinen
nisäkäs	nisäkkäille
nisäkäs	nisäkkäitä
nitistä	nitisi
nitro	nitroja
niukalti	niukalti
niukasti	niukasti
niukka	niukka
niva	niva
nivel	niveliäni
nivelbussi	nivelbussia
nivelpussijuttu	nivelpussijuttu
nivelside	nivelsiteet
niveltäminen	niveltäminen
nivoutua	nivoutumattomia
nivunen	nivuseni
nizza	nizzaan
nizza	nizzasta
njanja	njanjaa
nkdv	nkdv:n
nkp	nkp:n
nn	nn
nn	nn:lle
nn	nn:n
no	no
nobel	nobelin
nobel-palkinto	nobel-palkinnon
nobel-palkinto	nobel-palkinto
noh	noh
noidankehä	noidankehälle
noin	noi
noin	noin
noin	noinkin
noin	noinko
noin	noinkohan
noin	nuin
noita	noita
nojailla	nojaileva
nojailla	nojaili
nojalla	nojalla
nojata	nojaa
nojata	nojasi
nojatuoli	nojatuoliin
nojautua	nojautumaan
nokatusten	nokatusten
nokia	nokia
nokia	nokialla
nokia	nokialle
nokia	nokialta
nokia	nokian
nokia	nokiasta
nokialainen	nokialaiseen
nokikaappi	nokikaappi
nokiluukku	nokiluukun
nokittain	nokittain
nokitusten	nokitusten
nokka	nokassa
nokka	nokastaan
nokka	nokat
nokka	nokka
nokka-akseli	nokka-akseli
nokkela	nokkelilla
nol	nolin
noljakka	noljakkaan
nolla	nolla
nolla	nollaan
nolla	nollan
nolla	nollassa
nollakeli	nollakelillä
nollapiste	nollapistettä
nollas	nollatta
nollatili	nollatilillä
nollatoleranssi	nollatoleranssin
nolo	nolona
nolosti	nolosti
nolottaa	nolottaa
nõmm	nõmmella
nõmmi	nõmmella
nono	nono
nono	nonon
noo	noo
noora	noora
noormarkku	noormarkun
nopea	nopea
nopea	nopeaa
nopea	nopeaan
nopea	nopeampi
nopea	nopeampia
nopea	nopean
nopea	nopeat
nopea	nopeiden
nopea	nopeimman
nopea	nopeimmat
nopea	nopein
nopea	nopeinta
nopea	nopeista
nopeammin	nopeammin
nopeanlainen	nopeanlainen
nopeasti	nopeasti
nopeasti	nopeesti
nopeatekoinen	nopeatekoinen
nopeaälyinen	nopeaälyiseksi
nopeimmin	nopeimmin
nopeus	nopeuden
nopeus	nopeudessa
nopeus	nopeus
nopeusmittari	nopeusmittari
nopeusmittari	nopeusmittarin
nopeusrajoitus	nopeusrajoituksen
noppa	noppaa
nordin	nordinin
norja	norja
norja	norjan
norja	norjassa
norja	norjiksi
norjalainen	norjalainen
norjalainen	norjalaisella
norjalainen	norjalaiselle
norjalainen	norjalaiset
norjalainen	norjalaisiin
norjalainen	norjalaisissa
norjalaissyntyinen	norjalaissyntyisestä
norkoilla	norkoilin
norkoilla	norkoilla
norma	norman
normaali	normaali
normaali	normaalia
normaali	normaaliin
normaali	normaalilta
normaali	normaalin
normaali-ihoinen	normaali-ihoinen
normaaliaika	normaaliaikaan
normaalihuone	normaalihuoneessa
normaalilinja	normaalilinjoilla
normaalisti	normaalisti
normaalisuolainen	normaalisuolaista
normaalitilanne	normaalitilanteessa
normalisointi	normalisointia
normandia	normandiassa
normi	normeja
norppa	norppia
norsk	norsk
norssi	norssissa
norsu	norsu
norsu	norsun
north	north
nostaa	nosta
nostaa	nostaa
nostaa	nostaakkaan
nostaa	nostaakseen
nostaa	nostaisi
nostaa	nostakaa
nostaa	nostamaan
nostaa	nostanut
nostaa	nostavan
nostaa	nostavat
nostaa	nostetaan
nostaa	nostettakoon
nostaa	nostettiin
nostaa	nostettu
nostaa	nostettuna
nostaa	nostetut
nostaa	nosti
nostaa	nostin
nostaa	nostivat
nostaminen	nostamiseen
nostaminen	nostamisessa
nostaminen	nostamisesta
nostattaa	nostattaneet
nostattavasti	nostattavasti
nostella	nostelemaan
nosturi	nosturi
noteeraus	noteeraus
notkahdus	notkahdus
notkea	notkea
notkua	notkuivat
notkua	notkuvat
noudatella	noudattele
noudattaa	noudatetaan
noudattaa	noudatettava
noudattaa	noudatettiin
noudattaa	noudattaa
noudattaa	noudattaen
noudattaa	noudattakoot
noudattaa	noudattamaan
noudattaa	noudattavaa
noudattaa	noudattavat
noudattaminen	noudattaminen
noudattaminen	noudattamisen
noukkia	noukki
noukku	noukun
nouseminen	nouseminen
nouseminen	nousemisesta
nousta	nouse
nousta	nousee
nousta	nousemaan
nousta	nousemaisillani
nousta	nouseppas
nousta	nousetko
nousta	nousevat
nousta	nousi
nousta	nousivat
nousta	nouskaamme
nousta	nousseesta
nousta	nousseet
nousta	nousseitten
nousta	noussut
nousta	nousta
nousta	noustaan
nousta	noustakseen
nousta	noustava
nousta	nousten
nousu	nousu
nousu	nousua
nousu	nousussa
nousu	noususta
nousu	nousuu
nousu	nousuun
nousuprosentti	nousuprosentit
noutaa	noudettaessa
noutaa	noutamaan
noutaa	noutamassa
noutaja	noutaja
nova	nova
novelli	novelleja
novelli	novellinsakin
novellikokoelma	novellikokoelmaani
noviisi	noviisi
npc	npc:t
nro	nro
nrw	nrw:llä
ns.	ns.
nuha	nuha
nuha	nuhan
nuha-	nuha-
nuhainen	nuhaisena
nuhapumppu	nuhapumppu
nuhraantua	nuhraantui
nuija	nuija
nuiva	nuiva
nukahtaa	nukahtaa
nukahtaa	nukahtamaisillaan
nukahtaa	nukahtanut
nukahtaa	nukahti
nukahtaminen	nukahtamiselle
nukka	nukka
nukkaantua	nukkaantumaton
nukkavieru	nukkavieru
nukke	nuken
nukke	nukke
nukke	nukkein
nukke-	nukke-
nukketeatteri	nukketeatteri
nukketeatteri	nukketeatteria
nukkua	nukkua
nukkua	nukkuen
nukkua	nukkuessaan
nukkua	nukkuessani
nukkua	nukkui
nukkua	nukkuisit
nukkua	nukkumaan
nukkua	nukkumassa
nukkua	nukkunut
nukkua	nukkuos
nukkua	nukkuu
nukkua	nukkuukin
nukkua	nukkuukos
nukkua	nukkuvat
nukkua	nuku
nukkua	nukuin
nukkua	nukuinkii
nukkua	nukun
nukkua	nukutaan
nukkua	nukutte
nukkua	nukuttua
nukkumaanlaittaminen	nukkumaanlaittamiseen
nukkumaanmeno	nukkumaanmenoa
nukkumattilaji	nukkumattilajit
nukkuminen	nukkuminen
nukuksissa	nukuksissa
nukuttaa	nukuttaa
nuljake	nuljake
nulkkaista	nulkkaisi
numero	numero
numero	numeroin
numero	numeroita
numero	numeron
numero	numeroon
numero	numerossa
numero	numerot
numerojärjestys	numerojärjestyksessä
numerolappu	numerolapun
numeronetti-luettelo	numeronetti-luetteloa
nummela	nummela
nummelin	nummelin
numminen	numminen
nunnanpäähine	nunnanpäähineet
nuo	noi
nuo	noiden
nuo	noihin
nuo	noilla
nuo	noille
nuo	noip
nuo	nois
nuo	noist
nuo	noita
nuo	nuilaki
nuo	nuo
nuo	nuokin
nuokkua	nuokkui
nuoli	nuolen
nuoli	nuolet
nuolihaukka	nuolihaukka
nuolinäppäin	nuolinäppäimet
nuolioja	nuolioja
nuolla	nual
nuolla	nuolla
nuorekas	nuorekas
nuorgam	nuorgamiin
nuorgam	nuorgamissa
nuorgam	nuorgamista
nuori	nuari
nuori	nuoreen
nuori	nuoreksi
nuori	nuorella
nuori	nuorelle
nuori	nuoremman
nuori	nuoremmat
nuori	nuoremmille
nuori	nuoremmilleen
nuori	nuorempaan
nuori	nuorempana
nuori	nuorempi
nuori	nuorempien
nuori	nuoren
nuori	nuorena
nuori	nuorenne
nuori	nuoresta
nuori	nuoret
nuori	nuoretkin
nuori	nuori
nuori	nuoria
nuori	nuoriin
nuori	nuorilla
nuori	nuorille
nuori	nuorimmalle
nuori	nuorimman
nuori	nuorimmasta
nuori	nuorimpaan
nuori	nuorimpien
nuori	nuorin
nuori	nuorina
nuori	nuorinta
nuori	nuorissa
nuori	nuorta
nuori	nuorten
nuorikko	nuorikko
nuorimmainen	nuorimmaisenne
nuoripari	nuoripari
nuoriso	nuoriso
nuoriso	nuorison
nuorisoauto	nuorisoautoksi
nuorisofestivaali	nuorisofestivaalit
nuorisohuolto	nuorisohuolto
nuorisohömppä	nuorisohömppää
nuorisojengi	nuorisojengiä
nuorisojoukko	nuorisojoukko
nuorisokasvatus	nuorisokasvatuksen
nuorisokeskus	nuorisokeskuksen
nuorisokulttuuri	nuorisokulttuurina
nuorisopsykiatria	nuorisopsykiatrian
nuorisotoiminta	nuorisotoimintaan
nuortenkirja	nuortenkirjat
nuortenkirjailija	nuortenkirjailijoille
nuorukainen	nuorukainen
nuorukainen	nuorukaiseen
nuorukainen	nuorukaisesta
nuorukainen	nuorukaista
nuoruudenaikainen	nuoruudenaikaisia
nuoruus	nuoruudessaan
nuoruus	nuoruudestani
nuoruus	nuoruus
nuoruus	nuoruuttaan
nuoruus	nuoruuttani
nuotantekotaito	nuotantekotaidon
nuotio	nuotiolla
nuotio	nuotion
nuotio	nuotioon
nuotta	nuottoo
nuottikorva	nuottikorvaa
nupullaan	nupullaan
nupunpeijakas	nupunpeijakkaat
nurin	nurin
nurinperin	nurinperin
nurja	nurja
nurkka	nurkalla
nurkka	nurkan
nurkka	nurkassa
nurkka	nurkat
nurkka	nurkin
nurkka	nurkissa
nurkka	nurkkaan
nurkkaus	nurkkaus
nurkua	nurkuvat
nurmes	nurmeksessa
nurmialue	nurmialueilla
nurmijärvi	nurmijärven
nurmikko	nurmikkoon
nurmikko	nurmikoiden
nurminen	nurminen
nurminen	nurmista
nuttura	nutturalla
nuttura	nutturalle
nuuhkia	nuuhki
nuuhkia	nuuhkii
nuuka	nuuka
nuutajärvi	nuutajärven
nybondas	nybondas
nüganen	nüganen
nyhtää	nyhdimme
nyhtää	nyhtämään
nyk.	nyk.
nykiä	nyki
nykiä	nykii
nyky-amerikka	nyky-amerikan
nyky-yhteiskunta	nyky-yhteiskunta
nykyaika	nykyaika
nykyaika	nykyajan
nykyaikainen	nykyaikaista
nykybändi	nykybändit
nykyhallitus	nykyhallituksen
nykyhetki	nykyhetkestä
nykyihminen	nykyihmisen
nykyihminen	nykyihmistä
nykyinen	nykyinen
nykyinen	nykyiseen
nykyinen	nykyiselle
nykyinen	nykyisen
nykyinen	nykyisessä
nykyinen	nykyisestä
nykyinen	nykyiset
nykyinen	nykyisiin
nykyinen	nykyisille
nykyinen	nykyisissä
nykyinen	nykyisiä
nykyinen	nykyisten
nykyinen	nykyistenkin
nykyinen	nykyistä
nykyisellään	nykyisellään
nykyisin	nykyisin
nykyisin	nykyisinkin
nykymuoto	nykymuodossaankin
nykymuoto	nykymuodot
nykynuori	nykynuoret
nykynuoriso	nykynuoriso
nykynäkymä	nykynäkymillä
nykypäivä	nykypäivästä
nykyraha	nykyrahassa
nykysuomalainen	nykysuomalaisten
nykytaide	nykytaide
nykytaide	nykytaiteen
nykyä	nykyä
nykyään	nykyään
nykyään	nykyäänhän
nykyään	nykyäänkin
nykänen	nykänen
nylkeminen	nylkemisestä
nylonkassi	nylonkassi
nynäshamn	nynäshamn
nyplätä	nypläämään
nyppiä	nyppivät
nyquist	nyquistiä
nyqvist	nyqvist
nyrjähdellä	nyrjähtelee
nyrjähdys	nyrjähdykseen
nyrkinlyönti	nyrkinlyöntien
nyrkkeilijä	nyrkkeilijä
nyrkkeillä	nyrkkeillä
nyrkkeilysali	nyrkkeilysalille
nyrkki	nyrkeillä
nyrkki	nyrkillä
nyrkki	nyrkillään
nyrkki	nyrkki
nyrkki	nyrkkinsä
nyrkki	nyrkkiään
nyrkkitappelu	nyrkkitappelussa
nürnberg	nürnbergin
nyrpeä	nyrpeänä
nyrpistää	nyrpistivät
nyrpistää	nyrpistämästä
nysäjärvi	nysäjärvessä
nyt	ny
nyt	nyt
nyt	nythän
nyt	nytkin
nyt	nytte
nyt	nytten
nyyhkäistä	nyyhkäisi
nyökkäillä	nyökkäili
nyökytellä	nyökytellen
nyökätä	nyökkää
näemmä	näemmä
näennäinen	näennäinen
näet	näet
nähdä	näe
nähdä	näemme
nähdä	näemmehän
nähdä	näen
nähdä	näetkö
nähdä	nähden
nähdä	nähdyn
nähdä	nähdä
nähdä	nähdäkseen
nähdä	nähdäkseni
nähdä	nähdään
nähdä	nähkö
nähdä	nähköön
nähdä	nähneet
nähdä	nähny
nähdä	nähnykää
nähdä	nähnyt
nähdä	nähteni
nähdä	nähtii
nähdä	nähtiin
nähdä	nähty
nähdä	nähtyäni
nähdä	nähtyään
nähdä	nähtävillä
nähdä	nähtävissä
nähdä	nähtävä
nähdä	nähtäväkseen
nähdä	nähä
nähdä	nähään
nähdä	näimme
nähdä	näin
nähdä	näinkin
nähdä	näitkö
nähdä	näitte
nähdä	näke
nähdä	näkee
nähdä	näkemäni
nähdä	näkemänsä
nähdä	näkemästä
nähdä	näkemästäni
nähdä	näkemättä
nähdä	näkemään
nähdä	näkevilläkin
nähdä	näkevinäni
nähdä	näkevinään
nähdä	näkevän
nähdä	näkevänsä
nähdä	näkeväsi
nähdä	näkevät
nähdä	näki
nähdä	näkisi
nähdä	näkisimme
nähdä	näkisit
nähdä	näkivät
nähdä	näät
nähtävyys	nähtävyyksistä
nähtävä	nähtävää
nähtävästi	nähtävästi
näin	näi
näin	näij
näin	näim
näin	näin
näin	näinhän
näin	näinkin
näin	näinkö
näin	näinköhän
näkemiin	näkemiin
näkeminen	näkeminen
näkeminen	näkemiseen
näkeminen	näkemisestä
näkemys	näkemykseen
näkemys	näkemyksen
näkemys	näkemyksensä
näkemys	näkemykset
näkemys	näkemyksiin
näkemys	näkemyksiä
näkemys	näkemys
näkemys	näkemystään
näkijänainen	näkijänaisen
näkkileipä	näkkileipä
näkkileipä	näkkileipää
näkkileipä	näkkileivällä
näkkileipäateria	näkkileipäaterian
näkkälä	näkkälän
näky	näky
näky	näkyä
näky-raivotar	näky-raivotar
näkymä	näkymin
näkymä	näkymiä
näkymä	näkymät
näkyviin	näkyviin
näkyvissä	näkyvissä
näkyvyys	näkyvyyttä
näkyvä	näkyvin
näkyvä	näkyvä
näkyvä	näkyvämpi
näkyvä	näkyvään
näkyvästi	näkyvästi
näkyy	näkyy
näkyä	näkyi
näkyä	näkyivät
näkyä	näkymättömissä
näkyä	näkyneet
näkyä	näkynyt
näkyä	näkynä
näkyä	näkyvät
näkyä	näkyvää
näkyä	näkyvään
näkyä	näkyy
näkyä	näkyä
näkyä	näy
näkö	näköö
näköinen	näköinen
näköinen	näköiseksi
näköinen	näköiseltä
näköinen	näköisen
näköinen	näköisensä
näköinen	näköisenä
näköinen	näköisesi
näköinen	näköiset
näköinen	näköisiä
näköinen	näköistä
näköinen	näkönen
näköinen	näköstä
näköjään	näköjeä
näköjään	näköjään
näkökanta	näkökantansa
näkökenttä	näkökenttä
näkökohta	näkökohdat
näkökulma	näkökulma
näkökulma	näkökulman
näkökulma	näkökulmasta
näkökulma	näkökulmastaan
näkökulmasta	näkökulmasta
näköradio	näköradion
näkötorni	näkötorneineen
näkövammainen	näkövammaisille
näkövammainen	näkövammaista
nälissään	nälissään
nälkiintyä	nälkiintynyt
nälkä	nälkä
nälkä	nälkää
nälkä	nälkään
nälkä	nälälle
nälkä	nälän
nälkäinen	nälkäisiä
nälkäpalkka	nälkäpalkkaan
nämä	näessä
nämä	näiden
nämä	näihin
nämä	näil
nämä	näille
nämä	näillä
nämä	näiltä
nämä	näinä
nämä	näis
nämä	näissä
nämä	näissäkin
nämä	näistä
nämä	näistäkin
nämä	näitten
nämä	näitä
nämä	nämä
nämä	nää
näpelöidä	näpelöidessään
näpelöidä	näpelöidä
näppituntuma	näppituntumalta
näppäillä	näppäilivät
näppäillä	näppäiltävä
näppäimistö	näppäimistö
näppäimistö	näppäimistön
näppäin	näppäimiä
näppärä	näppärä
näppärä	näppärän
näpsäkkä	näpsäkät
näpsäkkäästi	näpsäkkäästi
näpsäys	näpsäys
näpäytys	näpäytyksen
näre	näreen
närästys	närästystä
närästää	närästää
näsijärvi	näsijärven
näsinneula	näsinneulasta
näsäviisas	näsäviisas
nätisti	nätisti
nätti	näteiksi
nätti	nättiä
näyte	näytteet
näyte	näytteistä
näyteikkuna	näyteikkunan
näytelaukku	näytelaukuistani
näytellä	näytellä
näytellä	näyteltävää
näytellä	näyttelee
näytellä	näytteli
näytellä	näyttelisi
näytellä	näyttelit
näytelmä	näytelmä
näytelmä	näytelmän
näytelmä	näytelmästä
näytelmä	näytelmät
näytelmä	näytelmää
näytelmäkirjailija	näytelmäkirjailija
näytelmäkonteksti	näytelmäkontekstista
näytelmätaide	näytelmätaiteen
näytteillä	näytteillä
näyttelijä	näyttelijä
näyttelijä	näyttelijälle
näyttelijä	näyttelijän
näyttelijä	näyttelijänä
näyttelijä	näyttelijät
näyttelijä	näyttelijää
näyttelijä	näyttelijään
näyttelijä	näyttelijöiden
näyttelijäharjoittelija	näyttelijäharjoittelijana
näyttelijälahjakkuus	näyttelijälahjakkuus
näyttelijälakko	näyttelijälakkoon
näyttelijänkyky	näyttelijänkykyihin
näyttelijäntyö	näyttelijäntyön
näyttely	näyttely
näyttely	näyttelyihin
näyttely	näyttelymme
näyttely	näyttelyn
näyttely	näyttelyssä
näyttely	näyttelystä
näyttelykehä	näyttelykehässä
näyttelytila	näyttelytila
näyttämö	näyttämö
näyttämö	näyttämölle
näyttämö	näyttämöllä
näyttämö	näyttämöltä
näyttämö	näyttämön
näyttämö-	näyttämö-
näyttämökoneisto	näyttämökoneiston
näyttämökuva	näyttämökuva
näyttävä	näyttävä
näyttävästi	näyttävästi
näyttäytyä	näyttäytyisi
näyttäytyä	näyttäytynyt
näyttäytyä	näyttäytyä
näyttää	näytettiin
näyttää	näytettäisiin
näyttää	näytetään
näyttää	näytin
näyttää	näytti
näyttää	näyttivät
näyttää	näyttäisimme
näyttää	näyttäisin
näyttää	näyttämässä
näyttää	näyttämästä
näyttää	näyttämään
näyttää	näyttäneet
näyttää	näyttänyt
näyttää	näyttävät
näyttää	näyttää
näyttää	näyttääkö
näyttää	näytä
näyttää	näytän
näyttää	näytät
näyttö	näyttö
näyttö	näyttöä
näytös	näytöksen
näytös	näytös
näytöslaji	näytöslajina
näännyttää	näännyttää
näärännäppy	näärännäpyt
nääs	nääs
nääs-niminen	nääs-niminen
nöhtä	nöhtää
nököttää	nökötti
nöyristelijä	nöyristelijä
nöyristelijä	nöyristelijäksi
nöyristellä	nöyristelee
nöyrtyä	nöyrry
nöyryys	nöyryyttä
nöyryytetty	nöyryytetyksi
nöyryyttävä	nöyryyttävät
nöyryyttää	nöyryyttää
nöyrästi	nöyrästi
o-	o-
o-vartaloinen	o-vartaloiselle
o.s.	o.s.
oahu-saari	oahu-saarella
objekti	objekti
oderjoki	oderjoen
odotella	odotella
odotella	odotellaan
odotella	odoteltu
odotella	odottelemaan
odotella	odottelemassa
odotella	odottelimme
odotetusti	odotetusti
odottaa	odota
odottaa	odotamme
odottaa	odotan
odottaa	odotappas
odottaa	odotas
odottaa	odotatko
odottaa	odotatte
odottaa	odotetaan
odottaa	odotettavissa
odottaa	odotettiin
odottaa	odotettu
odottaa	odotettua
odottaa	odotettuja
odottaa	odotetun
odottaa	odotin
odottaa	odottaa
odottaa	odottaessa
odottaa	odottaisi
odottaa	odottaisimme
odottaa	odottamaan
odottaa	odottamassa
odottaa	odottamaton
odottaa	odottamatonta
odottaa	odottamatta
odottaa	odottaneen
odottaa	odottaneensa
odottaa	odottanut
odottaa	odottavan
odottaa	odottavansa
odottaa	odottavat
odottaa	odottavia
odottaa	odottavista
odottaa	odotti
odottaa	odottivat
odottaa	ootappas
odottaa	ootas
odottaa	ootatte
odottaa	ootetaan
odottaa	vuottavi
odotuksenmukainen	odotuksenmukaista
odotus	odotuksen
odotus	odotuksia
odotus	odotusta
odotus	odotusten
odotusaika	odotusajan
oecd	oecd:n
of	of
oh-	oh-
oheinen	oheisella
oheisjuttu	oheisjuttua
ohella	ohella
ohessa	ohessa
ohi	ohi
ohikulkija	ohikulkija
ohikulkija	ohikulkijaa
ohikulkija	ohikulkijoille
ohikulkija	ohikulkijoita
ohikulkutie	ohikulkutie
ohimenevä	ohimenevää
ohimennen	ohimennen
ohitse	ohitse
ohitse	ohitseen
ohitse	ohitseni
ohittaa	ohitat
ohittaa	ohitettava
ohittaa	ohitettu
ohittaa	ohittaa
ohittaa	ohittamatta
ohittaa	ohitti
ohitus	ohitukset
ohitusleikkaus	ohitusleikkauksia
ohitusleikkaus	ohitusleikkaus
ohitusleikkaus	ohitusleikkausta
ohitustie	ohitustie
ohitustie	ohitustien
ohitustilanne	ohitustilanteet
ohjaaja	ohjaaja
ohjaaja	ohjaajaa
ohjaaja	ohjaajalle
ohjaaja	ohjaajan
ohjaaja	ohjaajansa
ohjaaja	ohjaajat
ohjaaminen	ohjaaminen
ohjaamo	ohjaamo
ohjaamo	ohjaamoon
ohjain	ohjain
ohjata	ohjaa
ohjata	ohjannut
ohjata	ohjasi
ohjata	ohjata
ohjata	ohjataan
ohjata	ohjatessaan
ohjata	ohjattava
ohjata	ohjattavaa
ohjata	ohjattiin
ohjata	ohjattu
ohjata	ohjattuun
ohjaus	ohjauksensa
ohjaus	ohjaus
ohjaus	ohjausta
ohjausjärjestelmä	ohjausjärjestelmä
ohjauspylväs	ohjauspylvääseen
ohjauspyörä	ohjauspyörän
ohjautua	ohjautui
ohjautua	ohjautuu
ohje	ohje
ohje	ohjeen
ohje	ohjeessa
ohje	ohjeet
ohje	ohjeisiin
ohje	ohjeissa
ohje	ohjeista
ohje	ohjeita
ohjearvo	ohjearvojen
ohjeenmukainen	ohjeenmukaista
ohjehinta	ohjehintojen
ohjelma	ohjelma
ohjelma	ohjelmaa
ohjelma	ohjelmaansa
ohjelma	ohjelmaasi
ohjelma	ohjelman
ohjelma	ohjelmana
ohjelma	ohjelmassa
ohjelma	ohjelmasta
ohjelma	ohjelmia
ohjelma	ohjelmien
ohjelma	ohjelmiinsa
ohjelma	ohjelmissa
ohjelmajohtaja	ohjelmajohtajille
ohjelmalehtinen	ohjelmalehtiset
ohjelmallinen	ohjelmallinen
ohjelmalähde	ohjelmalähteen
ohjelmantekijä	ohjelmantekijän
ohjelmasarja	ohjelmasarjan
ohjelmatyö	ohjelmatyön
ohjelmatyösopimus	ohjelmatyösopimus
ohjelmisto	ohjelmisto
ohjelmisto	ohjelmistoa
ohjelmisto	ohjelmistoonsa
ohjelmisto	ohjelmistossa
ohjelmistokehittäjä	ohjelmistokehittäjät
ohjelmointi	ohjelmoinnista
ohjelmointi	ohjelmointi
ohjesääntö	ohjesääntö
ohjus	ohjukset
ohjus	ohjusten
oho	oho
ohra	ohraa
ohra	ohrahan
ohrarieska	ohrarieska
ohuelti	ohuelti
ohuesti	ohuesti
ohut	ohueksi
ohut	ohuen
ohut	ohuessa
ohut	ohuet
ohut	ohuita
ohut	ohut
oi	oi
oih	oih
oik.	oik.
oikaista	oikaisee
oikaista	oikaistuksi
oikarainen	oikarainen
oikea	oikea
oikea	oikeaa
oikea	oikeaan
oikea	oikeaksi
oikea	oikealla
oikea	oikealta
oikea	oikean
oikea	oikeana
oikea	oikeassa
oikea	oikeasta
oikea	oikeat
oikea	oikee
oikea	oikeita
oikeakielisyys	oikeakielisyydestä
oikealla	oikealla
oikealle	oikealle
oikeammalle	oikeammalle
oikeanlainen	oikeanlaista
oikeanpuoleinen	oikeanpuoleinen
oikeantuntuisesti	oikeantuntuisesti
oikeassa	oikeassa
oikeastaan	oikeastaan
oikeastaan	oikeestaa
oikeastaan	oikeestaan
oikeasti	oikeasti
oikeasti	oikeesti
oikeestaan	oikeestaan
oikein	oikee
oikein	oikeen
oikein	oikein
oikein	oikkeen
oikeisto-vasemmisto	oikeisto-vasemmisto
oikeistohallitus	oikeistohallitus
oikeudellinen	oikeudellinen
oikeudenkäynti	oikeudenkäynniltä
oikeudenkäynti	oikeudenkäynti
oikeudenkäyntikulu	oikeudenkäyntikulut
oikeudenmukainen	oikeudenmukainen
oikeus	oikeuden
oikeus	oikeudessa
oikeus	oikeudet
oikeus	oikeuksiamme
oikeus	oikeuksista
oikeus	oikeus
oikeus	oikeuteen
oikeus	oikeutensa
oikeus	oikeuttaan
oikeusasiamies	oikeusasiamiehen
oikeusasiamies	oikeusasiamies
oikeusavustaja	oikeusavustajineen
oikeuskansleri	oikeuskanslerille
oikeusministeri	oikeusministeriksi
oikeusministeriö	oikeusministeriössä
oikeustieteellinen	oikeustieteellinen
oikeusturva	oikeusturvan
oikeustutkinto	oikeustutkinnon
oikeuttaa	oikeutettu
oikkuilla	oikkuillakseen
oikoa	oikoen
oikoilla	oikoilemaan
oikoisenaan	oikoisenaan
oikullinen	oikullinen
oikullinen	oikullisena
oikutella	oikutteleva
oili	oilin
oinas	oinas
oire	oireista
oire	oireistaan
oire	oireita
oireellinen	oireellinen
oireeton	oireeton
oiva	oivan
oiva	oivana
oivallinen	oivallinen
oivaltaa	oivaltamaisillaan
oivaltaa	oivaltanut
oivaltaja	oivaltajana
oja	ojaan
ojala	ojala
ojanpientare	ojanpientareita
ojentaa	ojensi
ojentaa	ojensin
ojentaa	ojentaa
ojentaa	ojentamaan
ojentua	ojentuneena
ojossa	ojossa
ok	ok
okei	okei
okista	okista
okke	okke
oksa	oksalla
oksa	oksia
oksala	oksala
oksanhaara	oksanhaaraan
oksennella	oksennella
oksentaa	oksensi
oksentaa	oksentaa
oksentaa	oksentamaan
olalaa	olalaa
olavi	olavi
olavinlinna	olavinlinna
oleellinen	oleellinen
oleellinen	oleellista
oleellisesti	oleellisesti
oleilla	oleili
olemassa	olemassa
olemassa	olemassakaan
olemassaolo	olemassaololle
olemassaolo	olemassaolosta
olemassaolo	olemassaolostaan
olematon	olematon
oleminen	oleminen
oleminen	olemisemme
oleminen	olemisen
oleminen	olemisesta
oleminen	olemista
olemus	olemukseltaan
olemus	olemuksen
olemus	olemuksesta
olemus	olemuksestaan
olemus	olemus
olemus	olemusta
olennainen	olennainen
olennainen	olennaiseen
olennainen	olennaisen
olennainen	olennaisinta
olennainen	olennaista
olennainen	olennaistahan
olennaisesti	olennaisesti
olento	olennot
olento	olentoja
oleskella	oleskelivat
oleskella	oleskellut
oleskelu	oleskelu
oleskelulupa	oleskelulupaa
oleskelulupa	oleskeluluvat
olettaa	oleteta
olettaa	oletetaan
olettaa	oletetulla
olettaa	oletimme
olettaa	olettaa
olettaa	olettaen
olettaa	olettaisin
olettaa	olettakaamme
olettamus	olettamuksena
olettamus	olettamuksesta
olettamus	olettamuksia
oletus	oletuksia
oliivisilmä	oliivisilmät
olija	olijalle
olija	olijat
olio	olio
olka	olalle
olkapää	olkapäille
olkapää	olkapää
olkapää	olkapäähän
olkapää	olkapäähäni
olkapäävaiva	olkapäävaiva
olkapäävamma	olkapäävamman
olkavarsi	olkavarsi
olla	lie
olla	liekö
olla	liene
olla	lienee
olla	lieneekään
olla	lieneekö
olla	lienemme
olla	lienen
olla	lienevät
olla	lienisi
olla	o
olla	ois
olla	oisi
olla	oisin
olla	oisko
olla	oiskohan
olla	oj
olla	ol
olla	ol´
olla	ole
olla	oleen
olla	olekaan
olla	olekin
olla	oleks
olla	oleksä
olla	olemaan
olla	olemalla
olla	olemasta
olla	olemme
olla	olemmeko
olla	olen
olla	olenhan
olla	olenk
olla	olenkin
olla	olenko
olla	olepa
olla	olet
olla	oletkaan
olla	oletkin
olla	oletko
olla	oletkohan
olla	oletkos
olla	oletpa
olla	olette
olla	oletteko
olla	oleva
olla	olevaa
olla	olevaan
olla	olevalle
olla	olevan
olla	olevana
olla	olevani
olla	olevankaan
olla	olevansa
olla	olevassa
olla	olevat
olla	olevia
olla	olevien
olla	oleviin
olla	olevilla
olla	olevilta
olla	olevinaan
olla	olevinasi
olla	olevissa
olla	olevista
olla	oli
olla	olihan
olla	olii
olla	olija
olla	olik
olla	olikaan
olla	olikii
olla	olikin
olla	oliko
olla	olikohan
olla	olikos
olla	oliks
olla	olimma
olla	olimme
olla	olin
olla	olinkin
olla	olinko
olla	olinpa
olla	olipa
olla	olipas
olla	olis
olla	olisi
olla	olisihan
olla	olisikaan
olla	olisikin
olla	olisiko
olla	olisikohan
olla	olisimme
olla	olisin
olla	olisinko
olla	olisipa
olla	olisit
olla	olisitpa
olla	olisitte
olla	olisitteko
olla	olisivat
olla	olisivatko
olla	oliskin
olla	olisko
olla	olit
olla	olithan
olla	olitko
olla	olitkos
olla	olitte
olla	olitteks
olla	olivat
olla	olivatkaan
olla	olkaa
olla	olkaamme
olla	olkoon
olla	olkoonkin
olla	olkoonpa
olla	olkoot
olla	olla
olla	ollaa
olla	ollaan
olla	ollaanhan
olla	ollaanpas
olla	ollaas
olla	ollakaan
olla	ollako
olla	ollakseen
olla	ollaksesi
olla	ollapa
olla	olleelta
olla	olleen
olla	olleeni
olla	olleenkaan
olla	olleensa
olla	olleet
olla	olleetkaan
olla	olleetkin
olla	olleilta
olla	olleita
olla	ollen
olla	ollessa
olla	ollessaan
olla	ollessakaan
olla	ollessani
olla	ollos
olla	ollu
olla	olluh
olla	olluj
olla	olluk
olla	ollukkaan
olla	ollukki
olla	ollukko
olla	ollum
olla	ollun
olla	ollut
olla	ollutkaan
olla	ollutta
olla	olluv
olla	oltaessa
olla	oltais
olla	oltaisi
olla	oltas
olla	oltava
olla	oltavan
olla	oltii
olla	oltiin
olla	oltiinhan
olla	oltiinkin
olla	oltti
olla	oltu
olla	oltuaan
olla	oltuk
olla	olä
olla	om
olla	on
olla	onhan
olla	onk
olla	onkaan
olla	onki
olla	onkin
olla	onko
olla	onkoha
olla	onkohan
olla	onkos
olla	onks
olla	onpa
olla	onpas
olla	oo
olla	ook
olla	ookin
olla	ookkonää
olla	ooks
olla	ooksää
olla	ool
olla	oom
olla	oon
olla	oonko
olla	oonksmä
olla	oot
olla	ootko
olla	ootte
olla	ootteko
olla	oottekste
olla	oovat
olla	os
olla	ous
olla	ovat
olla	ovathan
olla	ovatkaan
olla	ovatkin
olla	ovatko
ollenkaan	ollenkaa
ollenkaan	ollenkaan
olletikin	olletikin
olli	olli
olli	ollin
ollie	ollien
ollila	ollila
olo	olo
olo	oloissa
olo	oloista
olo	olojen
olo	olokin
olo	olon
olo	oloon
olo	oloonsa
olo	olot
olof	olof
olohuone	olohuone
olohuone	olohuoneemme
olohuone	olohuoneen
olohuone	olohuoneeseen
olohuone	olohuoneessa
olohuone	olohuoneissamme
olohuoneteatterityyppinen	olohuoneteatterityyppinen
oloinen	oloisen
olomuoto	olomuotoja
olos	oloksen
olos	olos
olosuhde	olosuhteet
olosuhde	olosuhteetkin
olosuhde	olosuhteisiin
olosuhde	olosuhteista
olosuhde	olosuhteita
olosuhteet	olosuhteita
oltavat	oltavat
oluenpano	oluenpanon
olut	oluella
olut	oluen
olut	oluet
olut	olut
olut	olutta
olut	oluttamme
olutjuhla	olutjuhla
olutlasi	olutlasin
olutteltta	olutteltan
oluttippa	oluttipoista
olutvero	olutvero
olvi	olvia
olympiahanke	olympiahankkeen
olympiahopea	olympiahopea
olympiajoukkue	olympiajoukkueen
olympiakarsinta	olympiakarsinnoista
olympiakisa	olympiakisoissa
olympiakisa	olympiakisojen
olympiakisat	olympiakisoihin
olympiakisat	olympiakisoissa
olympiakomitea	olympiakomitea
olympiakomitea	olympiakomitean
olympiakulta	olympiakulta
olympialainen	olympialaiset
olympialainen	olympialaisiin
olympialippu	olympialippu
olympiarengas	olympiarenkaat
olympiasoihtu	olympiasoihdun
olympiastadion	olympiastadionille
olympiastadion	olympiastadionin
olympiatuli	olympiatuli
oma	oma
oma	omaa
oma	omaan
oma	omakseen
oma	omaksesi
oma	omaksi
oma	omalla
oma	omalle
oma	omalta
oma	oman
oma	omana
oma	omani
oma	omansa
oma	omapa
oma	omassa
oma	omasta
oma	omat
oma	omatkin
oma	omia
oma	omiaan
oma	omiani
oma	omien
oma	omii
oma	omiin
oma	omiini
oma	omilla
oma	omille
oma	omilleen
oma	omimmassa
oma	omin
oma	omine
oma	omis
oma	omissa
oma	omista
oma	omistaki
oma	ommoo
oma-aloitteisesti	oma-aloitteisesti
omaelämäkerta	omaelämäkertaa
omaelämäkerta	omaelämäkertaansa
omahoito	omahoito
omailmeinen	omailmeinen
omailmeinen	omailmeisiä
omainen	omaisen
omainen	omaiset
omainen	omaisia
omainen	omaisilleen
omaishoito	omaishoito
omaisuus	omaisuuden
omaisuus	omaisuuksia
omaisuus	omaisuus
omaisuus	omaisuutta
omakohtainen	omakohtaisen
omakohtainen	omakohtaista
omakotialue	omakotialueen
omakotitalo	omakotitalon
omakotitalo	omakotitaloon
omakotitalo	omakotitalossa
omakotitalo	omakotitalosta
omakotitalo	omakotitalot
omaksua	omaksuttavaksi
omaksua	omaksuttua
omaksua	omaksuu
omakudottu	omakurotui
omaleimaisuus	omaleimaisuutensa
omanarvontunto	omanarvontuntoa
omapäinen	omapäisenä
omapäinen	omapäisille
omata	omaava
omatunto	omaatuntoa
omavarainen	omavaraisen
omavarainen	omavaraisia
omavastuu	omavastuulla
omavastuuosuus	omavastuuosuuksia
omena	omena
omena	omenaa
omena	omenan
omena	omenoita
omenapiiras	omenapiiras
omenapuu	omenapuun
omia	omii
omiaan	omiaan
omillaan	omillaan
ominainen	ominaisia
ominaispaino	ominaispainojen
ominaisuus	ominaisuudet
ominaisuus	ominaisuuksia
ominaisuus	ominaisuuksiinsa
ominaisuus	ominaisuuksista
ominaisuus	ominaisuus
omistaa	omista
omistaa	omistaa
omistaa	omistamanne
omistaa	omistamme
omistaa	omistanut
omistaa	omistavat
omistaa	omistetaan
omistaa	omistettu
omistaa	omisti
omistaja	omistaja
omistaja	omistajalle
omistaja	omistajalleen
omistaja	omistajan
omistaja	omistajat
omistus	omistuksessa
omistusoikeus	omistusoikeutta
omistusyhtiö	omistusyhtiö
omituinen	omituinen
omituinen	omituiselta
omituinen	omituisia
ommella	ompeli
ompelija	ompelijaksi
ompelija	ompelijalla
ompeluhuone	ompeluhuoneeseen
onerva	onervalle
ongelma	ongelma
ongelma	ongelmaa
ongelma	ongelmaan
ongelma	ongelmaksi
ongelma	ongelman
ongelma	ongelmana
ongelma	ongelmasi
ongelma	ongelmasta
ongelma	ongelmat
ongelma	ongelmia
ongelma	ongelmiaan
ongelma	ongelmien
ongelma	ongelmiin
ongelma	ongelmista
ongelma	ongelmitta
ongelmallinen	ongelmallisena
ongelmallinen	ongelmallisesta
ongelmallinen	ongelmallista
ongelmaton	ongelmaton
ongelmaton	ongelmatonta
onki	ongella
onki	ongellakinko
onki	ongelle
onki	onget
onkia	onkinut
onkimato	onkimato
onnahtava	onnahtavia
onnekas	onnekkaalla
onnekas	onnekkaita
onneksi	onneks
onneksi	onneksi
onnellinen	onnellinen
onnellinen	onnelliseksi
onnellinen	onnellisempi
onnellinen	onnellisessa
onnellinen	onnellisia
onnellinen	onnellisina
onnellinen	onnellista
onnellisesti	onnellisesti
onnellisuus	onnellisuus
onnellisuusero	onnellisuusero
onnennumero	onnennumeroni
onnentoivotus	onnentoivotukset
onnetar	onnettarena
onneton	onneton
onneton	onnettomalta
onneton	onnettomat
onneton	onnettomilta
onneton	onnettomin
onnettomasti	onnettomasti
onnettomuus	onnettomuuden
onnettomuus	onnettomuudesta
onnettomuus	onnettomuuksia
onnettomuus	onnettomuus
onnettomuus	onnettomuuteen
onnettomuus	onnettomuutta
onni	onnea
onni	onneaan
onni	onneksi
onni	onnella
onni	onnesta
onni	onni
onnistaa	onnistaa
onnistaa	onnisti
onnistaipale	onnistaipaleen
onnistua	onnistu
onnistua	onnistua
onnistua	onnistuessaan
onnistua	onnistui
onnistua	onnistuin
onnistua	onnistuisi
onnistua	onnistuivat
onnistua	onnistuneenne
onnistua	onnistuneensa
onnistua	onnistuneet
onnistua	onnistuneisiin
onnistua	onnistunut
onnistua	onnistut
onnistua	onnistuttu
onnistua	onnistuu
onnistua	onnistuvani
onnistua	onnistuvat
onnistua	onnistuvatkin
onnistuminen	onnistumisen
onnistuminen	onnistumisena
onnistuminen	onnistumisia
onnistuminen	onnistumista
onnistunut	onnistuneet
onnistunut	onnistuneiden
onnistunut	onnistuneimpia
onnitella	onnitella
onnitella	onnittelee
onozava	onozava
ontto	ontoksi
ontua	onnuin
ontua	ontuen
ooik	ooik
oopiumi	oopiumia
oopiumi	oopiumiin
ooppera	ooppera
ooppera	oopperaa
ooppera	oopperahan
ooppera	oopperan
ooppera	oopperassa
oopperajuhla	oopperajuhlien
oopperajuhla	oopperajuhlilla
oopperakellari	oopperakellarin
oopperakulttuuri	oopperakulttuuriin
oopperalaulaja	oopperalaulajien
oopperavideo	oopperavideoita
opas	opas
opas	oppaan
opas	oppaineen
opaskirja	opaskirja
opaskirja	opaskirjoissa
opastaa	opastaa
opastaminen	opastaminen
opastetaulu	opastetauluun
opastus	opastusta
opel	opel
operaatio	operaatio
operaatio	operaatioita
operaatio	operaation
operaatio	operaatioon
opetella	opetella
opetella	opetellut
opetella	opettelimme
opetella	opettelin
opetella	opettelisit
opettaa	opetan
opettaa	opetettavaa
opettaa	opetettiin
opettaa	opetettu
opettaa	opetetuksi
opettaa	opetin
opettaa	opettaa
opettaa	opettaisin
opettaa	opettanut
opettaa	opetti
opettaa	opettivat
opettaja	opettaja
opettaja	opettajaa
opettaja	opettajaasi
opettaja	opettajaksi
opettaja	opettajalle
opettaja	opettajan
opettaja	opettajana
opettaja	opettajat
opettaja	opettajia
opettaja	opettajien
opettaja	opettajiimme
opettajankyky	opettajankyvyistään
opettajaopisto	opettajaopistossa
opettajuus	opettajuuden
opettaminen	opettamisesta
opettavainen	opettavainen
opettelu	opettelun
opettelu	opetteluun
opetus	opetuksen
opetus	opetus
opetus	opetusta
opetushallitus	opetushallitus
opetusmaatila	opetusmaatilan
opetusmetsä	opetusmetsän
opetusministeri	opetusministeri
opetusministeriö	opetusministeriö
opetusohjelma	opetusohjelmamme
opetusryhmä	opetusryhmän
opetustarkoitus	opetustarkoituksessa
opetustoimi	opetustoimeen
opetustulos	opetustuloksiin
opetusviranomainen	opetusviranomaiset
opetusvirasto	opetusviraston
opetusvirasto	opetusvirastoon
opinahjo	opinahjo
opinto	opinnoista
opinto	opintoja
opinto	opintojaan
opinto	opintonsa
opintolaina	opintolainaa
opintomatka	opintomatkan
opintopiiri	opintopiiriin
opintosuoritustieto	opintosuoritustiedot
opintotuki	opintotuella
opintotuki	opintotuen
opintotuki	opintotuet
opintotuki	opintotukea
opiskelija	opiskelija
opiskelija	opiskelijaa
opiskelija	opiskelijan
opiskelija	opiskelijana
opiskelija	opiskelijat
opiskelija	opiskelijoiden
opiskelija	opiskelijoille
opiskelija	opiskelijoissa
opiskelija	opiskelijoista
opiskelija	opiskelijoistaha
opiskelija	opiskelijoita
opiskelijamäärä	opiskelijamäärä
opiskelijapop	opiskelijapop
opiskelijatutkimus	opiskelijatutkimus
opiskella	opiskelee
opiskella	opiskeleen
opiskella	opiskelemaan
opiskella	opiskeli
opiskella	opiskelin
opiskella	opiskella
opiskella	opiskellakseen
opiskella	opiskellakseni
opiskella	opiskelleen
opiskella	opiskellen
opiskella	opiskellut
opiskelu	opiskelu
opiskelu	opiskelujen
opiskelu	opiskelun
opiskelu	opiskeluni
opiskelu	opiskeluun
opiskeluaika	opiskeluaika
opiskeluaika	opiskeluaikanaan
opiskeluaika	opiskeluajat
opiskelutoveri	opiskelutoveri
opisto	opisto
opisto	opiston
opo	opolle
oppi	opikseen
oppi	opin
oppi	oppeja
oppi	oppia
oppi	oppiin
oppia	opi
oppia	opittava
oppia	opittiin
oppia	opittu
oppia	opittua
oppia	opitut
oppia	oppi
oppia	oppia
oppia	oppii
oppia	oppimaan
oppia	oppineen
oppia	oppineena
oppia	oppineet
oppia	oppinut
oppia	oppivat
oppiaine	oppiaineena
oppiaine	oppiaineiden
oppiala	oppialana
oppikirja	oppikirjaa
oppikirja	oppikirjasta
oppikoulu	oppikoulu
oppikoulu	oppikouluun
oppilaitos	oppilaitoksen
oppilaitos	oppilaitoksiin
oppilas	oppilaaksi
oppilas	oppilaalla
oppilas	oppilaalle
oppilas	oppilaana
oppilas	oppilaat
oppilas	oppilaiden
oppilas	oppilailla
oppilas	oppilaisiinsa
oppilas	oppilaista
oppilas	oppilaita
oppilas	oppilas
oppilas	oppilasta
oppilaspaikka	oppilaspaikkojen
oppiminen	oppiminen
oppiminen	oppimiseen
oppiminen	oppimisen
oppiminen	oppimisessani
oppiminen	oppimisesta
oppiminen	oppimista
oppimishäiriöinen	oppimishäiriöinen
oppimisvaikeus	oppimisvaikeuksia
oppipoika	oppipoika
oppipoika	oppipojille
oppiraha	oppirahoja
oppisopimuskoulutus	oppisopimuskoulutuksen
oppitunti	oppituntien
oppiäiti	oppiäiti
oppositio	oppositio
oppositio	opposition
oppositio	oppositiossa
oppositioaines	oppositioaineksia
oppositiojohtaja	oppositiojohtaja
optimisti	optimisti
optimistinen	optimistisempi
optimistinen	optimistisin
optimistisesti	optimistisesti
optio	optio
optio	optioiden
optio	optioilla
optio	option
optiolaina	optiolainojen
opus	opuksen
or	or
oranssi	oranssi
orastaa	orastavat
orava	oravan
orava	oravat
oravanpyörä	oravanpyörästä
orchestra	orchestraa
ordina	ordina
orgaaninen	orgaaniset
orgaaninen	orgaanisissa
organ	organ
organisaatio	organisaatio
organisaatio	organisaatioiden
organisaatio	organisaationne
organisaatio	organisaatiota
organismi	organismi
organisoida	organisoi
organisoida	organisoikoot
organisointimalli	organisointimallit
ori	oriilla
orient	orient
orivesi	orivedeltä
orivesi	oriveden
orja	orjat
orkesteri	orkestereita
orkesteri	orkesteri
orkesteri	orkesterilla
orkesteri	orkesterin
orkesteri	orkesterinsa
orpo	orvon
orpokoti	orpokoteihin
orpokoti	orpokotien
orpokoti	orpokotiin
orpolapsi	orpolapsena
orsi	orrella
ortodoksinen	ortodoksinen
ortodoksinen	ortodoksisessa
ortopedi	ortopedit
orvaskesi	orvaskedestä
orvo	orvo
orvo	orvosta
orvokkiaiheinen	orvokkiaiheinen
osa	osa
osa	osaa
osa	osaan
osa	osaansa
osa	osahan
osa	osaksi
osa	osalla
osa	osan
osa	osana
osa	osansa
osa	osassa
osa	osasta
osa	osat
osa	osiin
osa	osin
osa	osissa
osa	osista
osa-aikainen	osa-aikaisesta
osa-aikainen	osa-aikaista
osa-aikalisä	osa-aikalisän
osa-alue	osa-alue
osaaminen	osaamisensa
osaaminen	osaamista
osaamisalue	osaamisalueen
osaamiskeskus	osaamiskeskus
osaamiskeskushanke	osaamiskeskushankkeelle
osahankkija	osahankkija
osakas	osakas
osakas	osakkaasta
osake	osakkeen
osake	osakkeet
osake	osakkeista
osake	osakkeita
osakemäärä	osakemäärästä
osakesarja	osakesarjoille
osakeyhtiö	osakeyhtiölle
osakeyhtiölaki	osakeyhtiölain
osakilpailu	osakilpailut
osakilpailu	osakilpailuun
osakoti	osakodikseen
osaksi	osaksi
osallinen	osalliseksi
osallistua	osallistua
osallistua	osallistui
osallistua	osallistuin
osallistua	osallistun
osallistua	osallistunee
osallistua	osallistuneen
osallistua	osallistuneet
osallistua	osallistuneita
osallistua	osallistunut
osallistua	osallistutaan
osallistua	osallistutaanko
osallistua	osallistuttiin
osallistua	osallistuu
osallistua	osallistuva
osallistua	osallistuvaa
osallistua	osallistuvan
osallistua	osallistuvat
osallistua	osallistuvien
osallistuja	osallistujaa
osallistuja	osallistujat
osallistuja	osallistujista
osallistujamaa	osallistujamaasta
osallistujamäärä	osallistujamäärä
osallistuminen	osallistuminen
osallistuminen	osallistumisen
osallistuminen	osallistumistaan
osalta	osalta
osanottaja	osanottajasta
osanottaja	osanottajia
osanotto	osanotto
osanotto	osanottonsa
osaottelu	osaottelu
osaottelu	osaotteluun
osapuilleen	osapuilleen
osapuoli	osapuolen
osapuoli	osapuolet
osapuoli	osapuoli
osapuoli	osapuolia
osasto	osasto
osasto	osastojen
osasto	osastolla
osasto	osastolle
osasto	osaston
osastonjohtaja	osastonjohtajan
osastonjohtaja	osastonjohtajana
osastoton	osastottomana
osata	osaa
osata	osaakin
osata	osaamme
osata	osaan
osata	osaapa
osata	osaat
osata	osaatte
osata	osaatteko
osata	osaattekos
osata	osaavan
osata	osaavat
osata	osaavatkaan
osata	osaisi
osata	osaisinpa
osata	osanneet
osata	osannu
osata	osannut
osata	osasi
osata	osasivat
osata	osata
osata	osataan
osata	osataanko
osata	osattava
osata	osattiin
osata	osattu
osavaltio	osavaltio
osavaltio	osavaltioita
oscar	oscaria
osin	osin
osinko	osinkoa
osittain	osittain
oskar	oskar
oskari	oskari
oslo	oslossa
osmo	osmo
osoite	osoite
osoite	osoitetta
osoite	osoitteen
osoite	osoitteeseen
osoite	osoitteessa
osoite	osoitteet
osoite	osoitteista
osoite	osoitteita
osoite	osote
osoitepalvelu	osoitepalvelusta
osoitin	osoitinta
osoittaa	osoitettava
osoittaa	osoitettuja
osoittaa	osoitin
osoittaa	osoittaa
osoittaa	osoittakoon
osoittaa	osoittamaan
osoittaa	osoittaman
osoittaa	osoittaneen
osoittaa	osoittaneet
osoittaa	osoittanut
osoittaa	osoittavat
osoittaa	osoitti
osoittaa	osoittivat
osoittautua	osoittautui
osoittautua	osoittautuneet
osoittautua	osoittautunut
osoittautua	osoittautuu
osoittelu	osoittelu
osoitus	osoitus
ossi	ossi
ostaa	osta
ostaa	ostaa
ostaa	ostaako
ostaa	ostaakseen
ostaa	ostais
ostaa	ostaisi
ostaa	ostaisit
ostaa	ostaisivat
ostaa	ostakaa
ostaa	ostakin
ostaa	ostamaan
ostaa	ostamalla
ostaa	ostamani
ostaa	ostamansa
ostaa	ostamassa
ostaa	ostamatta
ostaa	ostan
ostaa	ostaneelle
ostaa	ostaneessa
ostaa	ostanks
ostaa	ostanut
ostaa	ostasin
ostaa	ostat
ostaa	ostatko
ostaa	ostavat
ostaa	ostetaan
ostaa	ostettaessa
ostaa	ostettavissa
ostaa	ostettiin
ostaa	ostettu
ostaa	ostetuiksi
ostaa	ostetuissa
ostaa	ostetuksi
ostaa	osti
ostaa	ostin
ostaa	ostit
ostaa	ostivat
ostaja	ostaja
ostaja	ostajalle
ostaja	ostajan
ostaja	ostajia
ostaja	ostajien
ostattaa	ostattanut
osto	ostoa
osto	ostoon
osto	ostot
ostoboikotti	ostoboikottien
ostos	ostokseeni
ostoskassillinen	ostoskassillisen
ostoskatu	ostoskatu
ostosretki	ostosretki
ostotieto	ostotiedot
ostovoima	ostovoima
ostovoima	ostovoimaa
ostovoima	ostovoimaan
osua	osua
osua	osuessani
osua	osui
osua	osuneen
osua	osunut
osua	osuu
osua	osuvat
osuma	osuma
osuus	osuudellani
osuus	osuuden
osuus	osuudesta
osuus	osuus
osuus	osuutta
osuus	osuuttaan
osuuskunta	osuuskuntaa
osuuspankki	osuuspankin
osuuspankki	osuuspankkeja
osuuspankki	osuuspankki
osuva	osuvan
osuva	osuvinta
oswald	oswald
otala	otalalla
otattaja	otattajia
otc-lista	otc-listaa
ote	ote
ote	otetta
ote	otettaan
ote	otteeseen
ote	ottein
otollinen	otolliset
ototiedottaja	ototiedottaja
otsa	otsa
otsa	otsalla
otsa	otsalle
otsa	otsassa
otsa	otsassaan
otsikko	otsikko
otsikko	otsikon
otsonikato	otsonikato
ottaa	ota
ottaa	otakin
ottaa	otaksä
ottaa	otamme
ottaa	otan
ottaa	otapas
ottaa	otas
ottaa	otat
ottaa	otathan
ottaa	otatko
ottaa	otatte
ottaa	otatteko
ottaa	otatteks
ottaa	oteta
ottaa	otetaa
ottaa	otetaan
ottaa	otetaanki
ottaa	otetaanks
ottaa	otetaanpa
ottaa	otetaas
ottaa	otettava
ottaa	otettavan
ottaa	otettii
ottaa	otettiin
ottaa	otettiinko
ottaa	otettu
ottaa	otettuja
ottaa	otetuksi
ottaa	otetut
ottaa	otin
ottaa	otit
ottaa	ottaa
ottaa	ottaako
ottaa	ottaan
ottaa	ottaen
ottaa	ottaessa
ottaa	ottaessaan
ottaa	ottais
ottaa	ottaisi
ottaa	ottaisin
ottaa	ottaisit
ottaa	ottaisivatkaan
ottaa	ottakaa
ottaa	ottakaamme
ottaa	ottakaas
ottaa	ottako
ottaa	ottakoon
ottaa	ottakoot
ottaa	ottamaan
ottaa	ottamalla
ottaa	ottamat
ottaa	ottamatta
ottaa	ottamiin
ottaa	ottan
ottaa	ottana
ottaa	ottaneen
ottaa	ottaneensa
ottaa	ottaneista
ottaa	ottanette
ottaa	ottannu
ottaa	ottanu
ottaa	ottanut
ottaa	ottasivat
ottaa	ottavat
ottaa	otti
ottaa	ottikin
ottaa	ottivat
ottaminen	ottaminen
ottaminen	ottamiseen
ottaminen	ottamisesta
otteeseen	otteeseen
ottelu	ottelu
ottelu	ottelua
ottelu	otteluaan
ottelu	ottelun
ottelu	ottelussa
ottelu	ottelusta
ottelu	ottelut
ottelu	otteluun
otto	otto
otto	ottoa
ottopiste	ottopisteellä
ottovanhempi	ottovanhempiensa
otus	otuksia
otus	otusta
oudosti	oudosti
oui	oui
oulainen	oulaisissa
oulu	oulun
oulu	oulussa
oulu	oulusta
oulu	ouluun
ounastella	ounasteltu
out	out
out	out´iin
outinen	outinen
outo	oudolta
outo	oudompi
outo	outo
outo	outoa
outo	outojenkin
outo	outoo
outokumpu	outokummun
outokumpu	outokumpu
ouzo	ouzoa
ovaalinmuotoinen	ovaalinmuotoinen
ove	ove
oveluus	oveluus
ovenavaus	ovenavaus
ovenkahva	ovenkahvassa
ovenrako	ovenraosta
ovensuu	ovensuuhun
ovensuu	ovensuusa
ovensuu	ovensuussa
ovi	ovea
ovi	oveamme
ovi	oveen
ovi	ovella
ovi	ovelle
ovi	ovelta
ovi	oven
ovi	ovensa
ovi	ovessa
ovi	ovesta
ovi	ovet
ovi	ovi
ovi	ovien
ovi	ovista
ovikello	ovikelloa
ovilasi	ovilasiin
ovimatto	ovimatolla
ovipuhelin	ovipuhelimien
ovisilmä	ovisilmästä
ovisysteemi	ovisysteemi
owe	owe
oy	oy
oy	oy:llä
oy	oy:n
paahde	paahteessa
paahtaa	paahtaa
paahtoleipäteline	paahtoleipätelineen
paahtua	paahtuneina
paali	paaleissa
paalupaikka	paalupaikkoja
paanu	paanut
paasikivi	j.k.paasikivelle
paasikivi	paasikiven
paasikivi	paasikivi
paasikivi-kekkonen	paasikiven-kekkosen
paasio	paasio
paasio	paasion
paasio	paasiota
paasonen	paasoselle
paatelainen	paatelainen
paavali	paavali
paavali	paavalin
paavi	paavi
paavi	paavin
paavillinen	paavillisempi
paavo	paavo
paavo	paavokaa
paavolainen	paavolainen
paavolainen	paavolaiseen
paddock	paddockissa
padota	padota
paestum	paestumin
paeta	paenneiden
paeta	paenneista
paeta	paennut
paeta	paeta
paeta	pakene
paeta	pakenemaan
paeta	pakenen
paeta	pakeni
paeta	pakenin
paeta	pakenisivat
paeta	pakenivat
paganini	paganinin
pah	pah
pah-aine	pah-aineet
paha	paha
paha	pahaa
paha	pahaankin
paha	pahalle
paha	pahalta
paha	pahan
paha	pahana
paha	pahassa
paha	pahasta
paha	pahat
paha	pahemmaksi
paha	pahemmassa
paha	pahemmitta
paha	pahempi
paha	pahempiakin
paha	pahimmassa
paha	pahimmasta
paha	pahimmat
paha	pahimpaan
paha	pahimpana
paha	pahimpia
paha	pahimpii
paha	pahin
paha	pahinta
paha	pahoilla
paha	pahoja
pahaaennustava	pahaaennustavan
pahakseen	pahakseen
pahamaineinen	pahamaineisessa
pahamaineinen	pahamaineisilla
pahanhajuinen	pahanhajuisella
pahanilmanlintu	pahanilmanlinnut
pahanpuhuja	pahanpuhujien
pahasti	pahasti
pahastua	pahastui
pahatar	pahattaren
pahe	pahe
paheksua	paheksui
pahemmin	pahemmin
paheneva	pahenevien
paheta	pahenee
pahimmillaan	pahimmillaan
pahiten	pahiten
pahkasika-lehti	pahkasika-lehteen
pahoillaan	pahoillani
pahoilleen	pahoilleen
pahoin	pahoin
pahoinpidellä	pahoinpidelleet
pahoinpidellä	pahoinpidellyiksi
pahoinpidellä	pahoinpidellyn
pahoinpidellä	pahoinpitele
pahoinpidellä	pahoinpiteli
pahoinpitelijä	pahoinpitelijät
pahoinpitely	pahoinpitelyjen
pahoinpitely	pahoinpitelyn
pahoinpitely	pahoinpitelyyn
pahoinvointi	pahoinvoinnissa
pahoinvointi	pahoinvointi
pahoinvointi	pahoinvointia
pahoitella	pahoittelee
pahoitella	pahoittelen
pahoitella	pahoitteli
pahuus	pahuuden
pahuus	pahuus
pahvi	pahvin
pahvi	pahvit
pahvilaatikko	pahvilaatikko
pahvimuki	pahvimukissa
paija	paijan
paikalla	paikalla
paikallaan	paikallaan
paikallaan	paikallasi
paikalle	paikalle
paikalleen	paikalleen
paikallinen	paikallinen
paikallinen	paikalliseen
paikallinen	paikalliselta
paikallinen	paikallisen
paikallinen	paikallisista
paikallinen	paikallisten
paikalliskokemus	paikalliskokemuksella
paikallislehti	paikallislehti
paikallisneuvosto	paikallisneuvostojen
paikallisradioverkko	paikallisradioverkko
paikallissija	paikallissijojen
paikallistaa	paikallistanut
paikallisverkko	paikallisverkkoon
paikaltaan	paikaltaan
paikata	paikannut
paikka	paikaksi
paikka	paikal
paikka	paikalla
paikka	paikallaan
paikka	paikalle
paikka	paikalta
paikka	paikaltaan
paikka	paikan
paikka	paikassa
paikka	paikasta
paikka	paikat
paikka	paikka
paikka	paikkaa
paikka	paikkaan
paikka	paikkaansa
paikka	paikkakin
paikka	paikkamme
paikka	paikkansa
paikka	paikkoihin
paikka	paikkoja
paikka	paikoille
paikka	paikoin
paikka	paikoissa
paikka	paikoista
paikkaaja	paikkaajaksi
paikkakunnittain	paikkakunnittain
paikkakunta	paikkakunnalla
paikkakunta	paikkakunnalle
paikkakunta	paikkakunnalta
paikkakunta	paikkakunnan
paikkakunta	paikkakunnilta
paikkakunta	paikkakunta
paikkakuntalainen	paikkakuntalainen
paikkakuntalainen	paikkakuntalaiset
paikkakuntalainen	paikkakuntalaista
paikkeilla	paikkeilla
paikkeille	paikkeille
paikkuu	paikkuuseen
paikoillaan	paikoillaan
paikoillaan	paikoillanne
paikoilleen	paikoilleen
paikoin	paikoin
painaa	paina
painaa	painaa
painaa	painaisi
painaa	painaisitko
painaa	painamalla
painaa	painan
painaa	painaneet
painaa	painanut
painaa	painatkos
painaa	painava
painaa	painavaa
painaa	painavat
painaa	painetaan
painaa	painettu
painaa	painoi
painaa	painoin
painajainen	painajaisen
painajainen	painajaisesta
painajainen	painajaisia
painajaismainen	painajaismainen
painattaa	painatetuiksi
painava	painavaa
painava	painavat
painava	painavimmaksi
painava	painavin
paine	paine
paine	paineen
paine	paineet
paine	paineille
paine	paineita
paine	paineitten
paine	painetta
painella	painele
painella	painellaan
painia	painimaan
painike	painikkeilla
painiskella	painiskeleva
paino	paino
paino	painoa
paino	painonsa
paino	painoon
paino	painossa
paino	painosta
painoarvo	painoarvon
painoindeksi	painoindeksejä
painoinen	painoinen
painoinen	painoiseksi
painoinen	painoisensa
painoinen	painoisista
painokone	painokoneilla
painoluokka	painoluokan
painonappi	painonappi
painonnosto	painonnosto
painonvartiointi	painonvartiointi
painopiste	painopiste
painopiste	painopisteen
painorajoitus	painorajoitus
painos	painos
painostus	painostuksen
painotalo	painotaloista
painotalo	painotalon
painottaa	painotetaan
painoväri	painoväreistä
painua	painu
painua	painua
painua	painun
painuksiin	painuksiin
pair	pairiksi
paiskata	paiskaamaan
paiskata	paiskannut
paiskata	paiskasi
paiskata	paiskata
paiskautua	paiskautuen
paiskella	paiskeltavia
paiskoa	paiskovat
paiskominen	paiskominen
paistaa	paista
paistaa	paistaa
paistaa	paistamatta
paistaa	paistetaan
paistaa	paistettava
paistaa	paistettiin
paistaa	paistettu
paistaa	paistettua
paistaa	paistettuna
paistaa	paistetuksi
paistaa	paistoi
paistatella	paistateltiin
paistinpannu	paistinpannu
paistinpannu	paistinpannussa
paisua	paisuneet
paisuttaa	paisuttaa
paita	paidan
paita	paidassa
paita	paidat
paita	paidatta
paita	paita
paita	paitaa
paita	paitansa
paita	paitojaan
paita	paitojen
paitasillaan	paitasillaan
paitsi	paitsi
pajero	pajero
paju	pajujen
pajunen	pajusen
pajupilli	pajupillin
pakahtua	pakahtua
pakahtua	pakahtumaisillaan
pakanauskonto	pakanauskonnoiksi
pakastaa	pakastettuina
pakasterapu	pakasteravuista
pakastevirka	pakastevirkoja
pakastin	pakastinta
pakata	pakannu
pakata	pakannut
pakata	pakata
pakata	pakataan
pakata	pakattu
pakata	pakattuja
pakata	pakattuna
pakata	pakkaa
pakata	pakkaatte
pakata	pakkasi
pakata	pakkasivat
paketti	paketin
paketti	paketista
paketti	paketit
paketti	paketti
paketti	pakettia
pakettiauto	pakettiautolla
pakettiauto	pakettiautoon
pakistan	pakistanin
pakistanin-matka	pakistanin-matka
pakittaa	pakittaa
pakkaaminen	pakkaamiseen
pakkaamo	pakkaamosta
pakkanen	pakkanen
pakkanen	pakkasella
pakkanen	pakkasessa
pakkanen	pakkaset
pakkanen	pakkasilla
pakkanen	pakkasta
pakkasaste	pakkasasteen
pakkaus	pakkauksia
pakkaus	pakkauksissa
pakkautua	pakkautui
pakki	pakit
pakki	pakki
pakko	pakko
pakko	pakkoa
pakkoautoilu	pakkoautoilu
pakkoesperanto	pakkoesperantoa
pakkolasku	pakkolasku
pakkoloma	pakkolomaa
pakkolunastaa	pakkolunastetaan
pakkomielle	pakkomielteiden
pakkoruotsi	pakkoruotsin
pakkosiirtää	pakkosiirrettiin
pakkosiirtää	pakkosiirtää
pakkotahtinen	pakkotahtisia
pakkotyö	pakkotyöstä
pakkotyö	pakkotöihin
pako	pako
pakoauto	pakoautosta
pakokaasu	pakokaasuissa
pakokauhu	pakokauhu
pakokauhu	pakokauhussa
pakolainen	pakolaisen
pakolainen	pakolaiset
pakolainen	pakolaisia
pakolainen	pakolaisille
pakolainen	pakolaista
pakolainen	pakolaisten
pakolaiskielteinen	pakolaiskielteinen
pakolaisongelma	pakolaisongelma
pakolaispolitiikka	pakolaispolitiikassa
pakolaispolitiikka	pakolaispolitiikkaa
pakolaistilanne	pakolaistilanne
pakollinen	pakolliset
pakollinen	pakollisiksi
pakollinen	pakollista
pakoon	pakoon
pakosarja	pakosarjat
pakote	pakotteilla
pakote	pakotteista
pakottaa	pakottaa
pakottaa	pakottamaan
pakottaa	pakottamalla
pakottaa	pakotti
paksu	paksu
paksu	paksua
paksu	paksuja
paksu	paksujen
paksu	paksussa
paksu	paksusta
paksuinen	paksuisena
paksuinen	paksuiset
paksulti	paksulti
paksusti	paksusti
paksuta	paksunevassa
paksuus	paksuuden
paku	pakua
pala	pala
pala	palalta
pala	palan
palaa	palaa
palaa	palamaan
palaa	palaneet
palaa	palavan
palaa	palo
palaa	paloi
palaaja	palaaja
palace	palacessa
palahalli	palahallista
palanen	palanen
palanen	palaseen
palanen	palasiksi
palanne	palanteen
palapeli	palapelinsa
palapeli	palapelissä
palapeli	palapeliä
palata	palaa
palata	palaako
palata	palaamaan
palata	palaamme
palata	palaan
palata	palaavan
palata	palaavat
palata	palaisi
palata	palannut
palata	palasi
palata	palasivat
palata	palata
palata	palataan
palata	palatakseen
palata	palatakseni
palata	palatessa
palata	palatessani
palata	palattaessa
palata	palattua
palata	palattuaan
palatinus	palatinuksen
palatsi	palatseihinsa
palatsi	palatsi
palatsi	palatsiin
palau	palau
palaute	palautetta
palautella	palautelkaa
palautella	palautteli
palauttaa	palautetaan
palauttaa	palautettava
palauttaa	palautettavaksi
palauttaa	palautettukin
palauttaa	palauttaa
palauttaa	palauttamaan
palauttaa	palauttamatta
palauttaa	palauttaneet
palauttaa	palauttanet
palauttaa	palauttava
palauttaa	palauttavat
palauttaa	palautti
palauttaminen	palauttaminen
palauttaminen	palauttamiselle
palauttaminen	palauttamisen
palauttaminen	palauttamisessa
palauttaminen	palauttamisesta
palauttaminen	palauttamista
palautua	palautuisi
palautus	palautuksesta
palautus	palautus
palautus	palautusta
palella	palelee
palella	palelen
palella	palelin
palella	palella
paleltaa	palelsi
paleltua	paleltui
palen	palen
pales	pales
palestiina	palestiinan
palestiinalainen	palestiinalaisia
palestiinalainen	palestiinalaisten
palikka	palikoiksi
palikka	palikoilla
paljakka	paljakan
paljakka	paljakka
paljas	paljaaksi
paljas	paljaalla
paljas	paljaana
paljas	paljaiksi
paljas	paljaille
paljas	paljaita
paljastaa	paljasta
paljastaa	paljastaa
paljastaa	paljastamaan
paljastaa	paljastat
paljastaa	paljasteta
paljastaa	paljastettuja
paljastaa	paljasti
paljastua	paljastui
paljastua	paljastuisi
paljastua	paljastunut
paljastua	paljastuu
paljastus	paljastuksen
paljo	paljossa
paljo	paljosta
paljoa	paljoa
paljolti	paljolti
paljon	paljo
paljon	paljoko
paljon	paljon
paljon	paljonkaan
paljon	paljonkin
paljon	paljonko
paljous	paljouteen
palkallinen	palkallisten
palkanalennus	palkanalennuksia
palkankorotus	palkankorotuksista
palkankorotus	palkankorotusten
palkanlisäys	palkanlisäyksiä
palkansaaja	palkansaajia
palkansaaja	palkansaajien
palkansaaja	palkansaajista
palkata	palkata
palkata	palkkaa
palkata	palkkaamalla
palkaton	palkattomalla
palkinto	palkinnon
palkinto	palkinnot
palkinto	palkinto
palkinto	palkintoa
palkinto	palkintoja
palkinto	palkintojen
palkintolautakunta	palkintolautakunnan
palkintopalli	palkintopallilla
palkita	palkitaan
palkita	palkittaisiin
palkita	palkittu
palkita	palkittuja
palkka	palkakseis
palkka	palkaksi
palkka	palkat
palkka	palkka
palkka	palkkaa
palkka	palkkaansa
palkka	palkkakin
palkka	palkkansa
palkka	palkkoja
palkka	palkkojen
palkka	palkoissa
palkkaaminen	palkkaamistaan
palkkalinja	palkkalinjan
palkkalista	palkkalistan
palkkalista	palkkalistoilla
palkkameno	palkkamenoissa
palkkanauha	palkkanauhansa
palkkaperusteinen	palkkaperusteisten
palkkatulo	palkkatulo
palkkatyö	palkkatyö
palkkatyö	palkkatyöhön
palkkatyö	palkkatyön
palkkauskustannus	palkkauskustannuksista
palkkio	palkkiosta
palkokasvi	palkokasveja
palkollinen	palkollinen
palkollinen	palkolliset
palli	palli
pallo	pallo
pallo	palloa
pallo	pallon
pallo	palloo
pallo-poika	pallo-pojille
palloilla	palloilevat
palloiluhalli	palloiluhallin
pallomeri	pallomerta
pallonpuolisko	pallonpuoliskon
palme	palmen
palme-requiem	palme-requiem
palmu	palmu
palo	palo
palo	palon
palo	paloon
paloheimo	paloheimo
palokaasu	palokaasut
palokangas	palokankaan
palokunta	palokunta
palomestari	palomestarin
palomies	palomiehille
palomies	palomies
palomuuri	palomuuri
palopaikka	palopaikalla
palosaari	palosaari
palotorninvuori	palotorninvuorelta
paloturvallisuus	paloturvallisuuden
palovamma	palovammoja
palsta	palstallasi
palstatila	palstatilaa
paluu	paluu
paluu	paluun
paluu	paluusta
paluu	paluutaan
paluuelokuva	paluuelokuva
paluukuljetus	paluukuljetus
paluulento	paluulennolla
paluumatka	paluumatkat
paluusuunta	paluusuuntaan
palveleminen	palvelemisesta
palvelija	palvelija
palvelin	palvelimia
palvelin	palvelin
palvella	palvelemaan
palvella	palvelemassa
palvella	palveli
palvella	palvella
palvella	palvellakseen
palvella	palvelleetkaan
palvelu	palvelu
palvelu	palvelua
palvelu	palveluista
palvelu	palveluja
palvelu	palvelujen
palvelu	palvelun
palvelu	palvelusta
palvelu-	palvelu-
palvelualtis	palvelualttiit
palvelualttius	palvelualttius
palveluntuotanto	palveluntuotantoon
palvelupiste	palvelupiste
palvelupiste	palvelupisteen
palveluraha	palveluraha
palvelus	palvelukseen
palvelus	palveluksen
palvelus	palveluksessa
palveluskoirarotu	palveluskoirarodut
palvelussuhde	palvelussuhteen
palvelusväki	palvelusväen
palveluyrittäjä	palveluyrittäjistä
palvoa	palvovia
pam	pam
pamauttaa	pamautan
pamppu	pampulla
pan	pan
panasonic	panasonic
panasonic	panasoniciin
panda	panda
pandora	pandora
paneeli	paneelissa
paneelikeskustelu	paneelikeskustelua
paneelikeskustelutilaisuus	paneelikeskustelutilaisuus
paneutua	paneuduttiin
paneutua	paneutua
panhelainen	panhelainen
paniikki	paniikkia
paniikki	paniikkiin
panimointressi	panimointressien
pankinjohtaja	pankinjohtaja
pankinjohtaja	pankinjohtajana
pankinjohtaja	pankinjohtajista
pankki	pankeille
pankki	pankilla
pankki	pankin
pankki	pankissa
pankki	pankissakin
pankki	pankista
pankki	pankit
pankki	pankkeja
pankki	pankki
pankki	pankkien
pankki	pankkii
pankki-	pankki-
pankkiasia	pankkiasiat
pankkiasia	pankkiasioista
pankkiautomaatti	pankkiautomaatti
pankkifuusio	pankkifuusiota
pankkikorko	pankkikorkojen
pankkikortti	pankkikortti
pankkikriisi	pankkikriisi
pankkikriisi	pankkikriisissä
pankkimaailma	pankkimaailmaan
pankkirosvo	pankkirosvon
pankkisalaisuus	pankkisalaisuutta
pankkitili	pankkitiliä
pankkitoimihenkilö	pankkitoimihenkilöt
pankkitoiminta	pankkitoiminnan
pankkitoiminta	pankkitoiminnassa
pankkityöntekijä	pankkityöntekijöitä
pankkivaltuusmies	pankkivaltuusmiesten
pankkivirkailija	pankkivirkailija
panna	paa
panna	paas
panna	pane
panna	panee
panna	paneeko
panna	panen
panna	panetkin
panna	panevat
panna	pani
panna	panin
panna	panisi
panna	panisimme
panna	pankaamme
panna	pankoon
panna	panna
panna	pannaan
panna	pannaas
panna	pannee
panna	panneet
panna	pannessaan
panna	pannessani
panna	pannus
panna	pannut
panna	pantavaa
panna	pantii
panna	pantiin
panna	pantu
pannu	pannu
pannu	pannulla
pannu	pannun
pannu	pannuun
pannukarkeus	pannukarkeutta
pannullinen	pannulliseen
pannullinen	pannullisen
panos	panoksesta
panos	panoksilla
panostaa	panostavat
panssariprikaati	panssariprikaatiin
panssarivaunumentaliteetti	panssarivaunumentaliteetti
panssaroida	panssaroitu
pantata	panttaa
pantsu	pantsu
panttihuutokauppa	panttihuutokaupassa
panttila	panttila
panttivanki	panttivangikseen
panttivanki	panttivangista
panttivanki	panttivankeina
panu	panu
panu	panulle
paolo	paolo
paossa	paossa
paperi	papereiden
paperi	papereihin
paperi	papereillasi
paperi	papereista
paperi	papereit
paperi	papereita
paperi	papereitaan
paperi	paperi
paperi	paperia
paperi	paperiin
paperi	paperille
paperi	paperin
paperi	paperista
paperi	paperit
paperiarkki	paperiarkin
paperierä	paperierälle
paperiliitto	paperiliiton
paperin-	paperin-
paperinaru	paperinarusta
paperinsilppu	paperinsilpusta
paperiröykkiö	paperiröykkiöitten
paperiröykkiö	paperiröykkiöitä
paperisota	paperisodasta
paperisäkki	paperisäkki
paperityö	paperityöt
papiljotti	papiljotit
pappa	papan
pappi	papiksi
pappi	papiksikin
pappi	papin
pappi	papit
pappi	pappi
pappi	pappija
pappi	pappiki
pappi	pappina
pappila	papla
pappila	pappilassa
paprika	paprika
papu	papuja
papu	pavut
paraati	paraati
paraati	paraatissa
paraatilaji	paraatilajissaan
paradoksaalinen	paradoksaalinen
paradoksi	paradoksi
parahiksi	parahiksi
parahtaa	parahdimme
paraikaa	paraikaa
parainen	paraisilla
parakleetti	parakleetin
parametri	parametrit
paraneminen	paraneminen
parantaa	parannanpa
parantaa	parannettava
parantaa	parantaa
parantaa	parantaako
parantaa	parantaakseen
parantaa	parantaisiko
parantaa	parantavat
parantaminen	parantamiseen
parantaminen	parantamiseksi
parantaminen	parantamisen
parantua	parantua
parantua	parantuneet
paras	paras
paras	parasta
paras	parastaan
paras	parastamme
paras	parastasi
paras	parhaaksi
paras	parhaan
paras	parhaana
paras	parhaani
paras	parhaansa
paras	parhaaseen
paras	parhaassa
paras	parhaasta
paras	parhaat
paras	parhailla
paras	parhaillakin
paras	parhain
paras	parhaista
paras	parhaita
parata	parane
parata	paranee
parata	paranemaan
parata	parani
parata	paranisi
parata	paratkoon
paratiisi	paratiisiin
paratiisillisuus	paratiisillisuudesta
paratiisimainen	paratiisimaisilla
pareittain	pareittain
paremmin	paremmi
paremmin	paremmin
paremmin	paremminkin
paremmuus	paremmuudesta
parempi	paremmaksi
parempi	paremmalle
parempi	paremman
parempi	paremmassa
parempi	paremmasta
parempi	paremmistaan
parempi	parempaa
parempi	parempaan
parempi	parempana
parempi	parempansa
parempi	parempi
parempi	parempia
parhaanmakuinen	parhaanmakuista
parhaillaan	parhaillaan
parhaillaan	parhaillaankin
parhaimmillaan	parhaimmillaan
parhaiten	parhaiten
parhankangas	parhankangas
pari	pareja
pari	pari
pari	pariin
pari	parikseen
pari	pariksi
pari	parin
pari	parina
pari	parissa
pari-kolmekymppinen	pari-kolmekymppisten
pariin	pariin
pariisi	pariisia
pariisi	pariisiin
pariisi	pariisin
pariisi	pariisissa
pariisilainen	pariisilaiseksi
pariisilainen	pariisilaiset
parijono	parijonoon
parikiloinen	parikiloisen
parikkala	parikkalassa
parikymmentä	parikymmentä
parikymmentä	parillakymmenellä
parikymmenvuotias	parikymmenvuotiaita
parikymppinen	parikymppinen
pariloida	pariloi
parimetrinen	parimetrinen
pariovi	pariovet
paris	paris
parisataa	parisataa
pariskunta	pariskunnalla
pariskunta	pariskunnan
pariskunta	pariskunta
parissa	parissa
parisuhde	parisuhde
parisuhde	parisuhteen
parisuhde	parisuhteesta
pariton	pariton
parittaja	parittajan
parittelu	parittelun
parivaljakko	parivaljakko
parjata	parjataan
parka	parka
parkano	parkanon
parketti	parketti
parkinson	parkinsonin
parkki	parkkiin
parkkipaikka	parkkipaikan
parkkipaikka	parkkipaikkaa
parku	parku
parlamentaarikko	parlamentaarikkojen
parlamentti	parlamenteista
parlamentti	parlamentin
parlamentti	parlamentti
parlamentti	parlamenttia
parlamentti	parlamenttiin
parlamenttivaali	parlamenttivaalit
parlamenttivaalit	parlamenttivaalien
parma	parmaan
parodia	parodioita
parola	parolan
parrantasaaja	parrantasaajalla
parsa	parsat
parta	partaa
parta	partaansa
parta	partansa
parta	partoineen
partainen	partaisia
partamies	partamies
partanen	partaset
partaniekka	partaniekan
partavesi	partavettä
partio	partiot
partneri	partnereikseen
partneri	partnereista
partners	partners
partners	partnersin
parturi	parturilla
parturi	parturissa
parturi-kampaamo	parturi-kampaamo
parturoida	parturoitiin
parveilla	parveilee
parveilla	parveilevia
parveke	parvekkeella
parveke	parvekkeelle
parvi	parvi
parviainen	parviainen
parviainen	parviaista
pasanen	pasaselle
pasanen	pasasen
pashko	pashko
pasi	pasi
pasila	pasila
paska	paska
paska	paskaa
paska	paskaaks
paska	paskat
paskanen	paskanen
paskanen	paskaset
paskanruskea	paskanruskeaksi
paskantaa	paskannat
passari	passareita
passata	passaa
passata	passaako
passata	passattavia
passi	passi
passi	passin
passi	passissa
passi	passit
passiivinen	passiivinen
passikuva	passikuvaansa
passittaa	passitettiin
pasternak-museo	pasternak-museoilla
pastori	pastorille
pat	pat
pata	padassa
patalanmaja	patalanmajan
pataleikkaus	pataleikkaus
patarehellinen	patarehellinen
pataruoka	pataruoka
patasuti	patasuti
patellavyö	patellavyöt
patentti	patentiksi
patentti	patentille
patistaa	patistaa
patja	patjalla
patja	patjan
pato	pato
patoalue	patoaluetta
patpong	patpong
patrik	patrikin
patsas	patsas
patsy	patsy
patteri	patteri
patteriventtiili	patteriventtiilejä
pauhata	pauhaamaan
pauhu	pauhu
pauke	pauketta
paukku	paukkua
paukkua	paukkuivat
paukuttaa	paukutti
paul	paul
paula	paula
paulaharju	paulaharju
paulaharju	paulaharjulta
pauli	paulin
pauliina	pauliina
paunu	paunun
paviaani	paviaanit
paviljonki	paviljonki
pavlina	pavlina
pc-kortti	pc-kortti
pcmcia	pcmcia
pdc-kanava	pdc-kanavan
pdc-kanava	pdc-kanavat
pe	pe
peacock	peacockin
pedagoginen	pedagogisilla
pedagoginen	pedagogista
pedata	petaamatta
pedersen	pedersen
pedersöre	pedersöre
pedofiili	pedofiili
peesata	peesata
pegasos	pegasoksen
pehkonen	pehkonen
pehmennys	pehmennys
pehmentää	pehmentämissä
pehmetä	pehmeni
pehmetä	pehmetä
pehmeä	pehmeitä
pehmeä	pehmeä
pehmeä	pehmeällä
pehmeä	pehmeämpi
pehmeä	pehmeässä
pehmeä	pehmeää
pehmoinen	pehmoisia
pehmopaperikone	pehmopaperikonetta
peijakkaasti	peijakkaasti
peikko	peikkoa
peikko	peikot
peilailla	peilaillessani
peili	peili
peili	peilin
peili	peilissä
peili	peilit
peilikuva	peilikuvaksi
peippo	peippoja
peipponen	peipponen
peite	peitteeseen
peitellä	peitellään
peitossa	peitossa
peitto	peitto
peitto	peittonaan
peittoperenna	peittoperennat
peittyä	peittyä
peittää	peitetty
peittää	peitetään
peittää	peitti
peittää	peittäkää
peittää	peittämiä
peittää	peittämä
peittää	peittämänä
peittää	peittämään
peittää	peittää
peittää	peittääkseen
peittää	peitä
peking	peking
peking	pekingin
pekka	pekan
pekka	pekasta
pekka	pekka
pekka	pekkaa
pekka	pekkahan
pekkanen	pekkasen
pekkarinen	pekkarinen
pekkarinen	pekkariselle
pelaaja	pelaaja
pelaaja	pelaajaa
pelaaja	pelaajalla
pelaaja	pelaajalle
pelaaja	pelaajan
pelaaja	pelaajana
pelaaja	pelaajasta
pelaaja	pelaajat
pelaaja	pelaajia
pelaaja	pelaajiaan
pelaaja	pelaajien
pelaaja	pelaajilla
pelaaja	pelaajille
pelaaja	pelaajilta
pelaaja	pelaajista
pelaajaystävällisyys	pelaajaystävällisyydessä
pelaaminen	pelaaminen
pelaaminen	pelaamisen
pelaaminen	pelaamistamme
pelaaminen	pelaamistasi
pelastaa	pelastaa
pelastaa	pelastamaan
pelastaa	pelastava
pelastaa	pelastettu
pelastaa	pelastin
pelastaa	pelastit
pelastaa	pelastitte
pelastaa	pelastivat
pelastaja	pelastajaksi
pelastaja	pelastajat
pelastaja	pelastajien
pelastaja	pelastajiksi
pelastaminen	pelastaminen
pelastautua	pelastautui
pelastua	pelastuimme
pelastua	pelastuu
pelastus	pelastukseksi
pelastus	pelastuksensa
pelastusarmeija	pelastusarmeijan
pelastuslaitos	pelastuslaitos
pelastustarina	pelastustarinoista
pelata	pelaa
pelata	pelaamalla
pelata	pelaamassa
pelata	pelaamatta
pelata	pelaamme
pelata	pelaan
pelata	pelannut
pelata	pelasi
pelata	pelasimme
pelata	pelasit
pelata	pelasivat
pelata	pelata
pelata	pelataan
pelata	pelatakseen
pelata	pelattiin
pelata	pelatun
pelata	pelloo
peli	peleihin
peli	peleissä
peli	pelejä
peli	peli
peli	pelien
peli	peliin
peli	pelimme
peli	pelin
peli	pelissä
peli	peliä
peliaika	peliaikaa
pelikelpoinen	pelikelpoinen
pelikielto	pelikieltoja
pelimanni	pelimanneja
pelimerkki	pelimerkkejä
peliminuutti	peliminuutit
pelinappula	pelinappula
pelinavaus	pelinavaus
peliongelma	peliongelma
pelipaikka	pelipaikkaa
pelipaita	pelipaidat
peliprosentti	peliprosentti
pelittää	pelittämään
pelivara	pelivaraa
pelkkä	pelkistä
pelkkä	pelkkiä
pelkkä	pelkkä
pelkkä	pelkkänä
pelkkä	pelkkää
pelkkä	pelkkään
pelkkä	pelkäksi
pelkkä	pelkällä
pelkkä	pelkän
pelko	pelko
pelko	pelkoa
pelko	pelkojensa
pelko	pelon
pelko	pelossa
pelkästään	pelkästään
pelkääjä	pelkääjän
pellava	pellavat
pellavaliina	pellavaliinat
pellavamekko	pellavamekossaan
pelle	pelle
pelle	pellei
pelle-hermanni	pelle-hermanneja
pellikka	pellikka
pellinki	pellingin
pello	pellossa
pellonpää	pellonpää
pellonpää	pellonpäälle
pellonpää	pellonpään
peloissaan	peloissaan
pelote	pelote
pelotella	peloteltu
peloton	peloton
pelottaa	pelottaa
pelottaa	pelottaahan
pelottaa	pelottavatko
pelottaa	pelotti
pelottaa	pelottihik
pelto	pelloilla
pelto	pellolle
pelto	pellon
pelto	pellot
pelto	peltoa
pelto	peltto
peltoala	peltoalaa
peltohehtaari	peltohehtaarille
peltohiiri	peltohiiriin
peltomaisema	peltomaisemia
peltomäki	peltomäen
peltonen	peltonen
peltorinne	peltorinteeltä
peltotyö	peltotyöt
peluri	peluri
peluuttaa	peluuttaa
peluuttaa	peluuttanee
pelästynyt	pelästyneeltä
pelästyttää	pelästyttää
pelästyä	pelästyi
pelästyä	pelästyin
pelästyä	pelästyinkin
pelästyä	pelästyneenä
pelästyä	pelästynyt
pelästyä	pelästyä
pelätä	pelkäisi
pelätä	pelkäsi
pelätä	pelkäsimme
pelätä	pelkäsin
pelätä	pelkäsivät
pelätä	pelkää
pelätä	pelkäämme
pelätä	pelkäämät
pelätä	pelkään
pelätä	pelkäät
pelätä	pelkäävän
pelätä	pelkäävänsä
pelätä	pelkäävät
pelätä	pelkäävätkö
pelätä	pelännyt
pelätä	pelättiin
pelätä	pelättiinkin
pelätä	pelätä
pelätä	pelätään
pena	pena
penaali	penaali
penelope	penelope
penh	penhissä
penisilliini	penisilliinillä
penisilliini	penisilliinit
penkki	penkille
penkki	penkiltä
penkki	penkkeihin
penkki	penkkejä
penkki	penkki
penkkiurheilija	penkkiurheilijaa
penkoutua	penkoutui
pennas-vainaa	pennas-vainaan
penni	pennejä
penni	pennin
penni	penniä
penninlatinki	penninlatinkiakaan
pensas	pensaiden
pensas	pensaista
pensasmainen	pensasmaiset
pensseli	pensselillä
pensseli	pensselit
pentele	pentele
pentti	pentillä
pentti	pentti
penttilä	penttilä
penttinen	penttinen
pentu	pentu
pentu	pentua
pentu	pentuja
pentu	pentuna
pepe	pepen
peppu	pepun
per	per
pera	pera
perata	perataan
perata	perattu
perata	perkaamaan
perehdyttää	perehdytän
perehtyminen	perehtyminen
peremmälle	peremmälle
peres	peres
performanssi	performanssiin
perhana	perhana
perhe	perhe
perhe	perheelle
perhe	perheelleen
perhe	perheen
perhe	perheensä
perhe	perheeseeni
perhe	perheeseesi
perhe	perheessä
perhe	perheestä
perhe	perheiden
perhe	perheineen
perhe	perheineni
perhe	perheisiin
perhe	perheissä
perhe	perheitä
perhe	perhekin
perhe	perhettä
perhe	perhettään
perheasunto	perheasunnoiksi
perheenemäntä	perheenemäntä
perheenisä	perheenisiä
perheenpää	perheenpää
perheittäin	perheittäin
perhekeskeinen	perhekeskeistä
perhemajoitus	perhemajotuksia
perheneuvonta	perheneuvonta
perhepolitiikka	perhepolitiikkaa
perhepäivähoito	perhepäivähoidossa
perhesarja	perhesarjoissa
perhesellainen	perhesellainen
perhetarina	perhetarinoiden
perhetaso	perhetasolle
perhetuttu	perhetuttu
perhevideokamera	perhevideokameraa
perho	perhossa
perhonen	perhonen
perhonen	perhoseksi
perhonen	perhosta
periaate	periaate
periaate	periaatetta
periaate	periaatteena
periaate	periaattees
periaate	periaatteisiin
periaate	periaatteita
periaatejuttu	periaatejutulla
periaatepäätös	periaatepäätösten
periaatteellinen	periaatteellinen
periaatteellinen	periaatteellisella
periaatteessa	periaatteessa
periferia	periferioihin
perijuro	perijuron
perikato	perikato
periksi	periks
periksi	periksi
perikunta	perikunta
perille	perille
perillemeno	perillemenoa
perillä	perillä
perimä	perimän
perimä	perimään
perimätieto	perimätietoja
perin	perin
perinne	perinne
perinne	perinnettä
perinne	perinteen
perinne	perinteenä
perinne	perinteeseen
perinne	perinteet
perinne	perinteitä
perinnepuisto	perinnepuiston
perinnöllinen	perinnöllinen
perinnöllinen	perinnöllistä
perinpohjin	perinpohjin
perinteikäs	perinteikäs
perinteinen	perinteinen
perinteinen	perinteiseen
perinteinen	perinteisellä
perinteinen	perinteisen
perinteinen	perinteisenä
perinteinen	perinteisiin
perinteinen	perinteisiä
perinteinen	perinteistä
perinteisesti	perinteisesti
perintö	perinnön
perintö	perintö
perintö	perintönä
perintötekijä	perintötekijää
perintötekijä	perintötekijöistä
periodiluonteisesti	periodiluonteisesti
perisaksalainen	perisaksalainen
perish	perish
periytyä	periytyy
periä	perii
periä	perittyä
periä	perittävä
periä	peritään
perjantai	perjantai
perjantai	perjantaihin
perjantai	perjantaiksi
perjantai	perjantaille
perjantai	perjantailta
perjantai	perjantain
perjantai	perjantaina
perjantai	perjantainako
perjantai	perjantaist
perjantai-ilta	perjantai-iltana
perkele	perkele
perkele	perkeleen
perkele	perkelettä
perkeleesti	perkeleesti
perm	permissä
persianlahti	persianlahden
perskannikka	perskannikkaani
perso	perso
perso	persoja
perso	persot
persoona	persoona
persoona	persoonallaan
persoona	persoonansa
persoonallinen	persoonallinen
persoonallinen	persoonallisella
persoonallinen	persoonallista
persoonallisesti	persoonallisesti
persoonallisuus	persoonallisuus
perspektiivi	perspektiivistä
persson	perssonin
pertti	pertti
pertti	perttikin
peru	perua
peru	perun
perua	perua
perua	peruisi
perua	perumaan
perua	perutkos
perua	peruu
peruna	peruna
peruna	perunaa
peruna	perunat
peruna	perunoita
perunahuijaus	perunahuijaus
perunakauppias	perunakauppiaat
perunamaa	perunamaan
perunasato	perunasadossa
perunasose	perunasoseesta
perunavarasto	perunavarastossa
perunkirja	perunkirjaa
perus-	perus-
perusajatus	perusajatus
perusasenne	perusasenteensa
perusasia	perusasiat
perusetu	perusetujen
perushoitaja	perushoitajia
perusjärki	perusjärkeä
peruskaava	peruskaava
peruskarsinta	peruskarsinnan
peruskateellinen	peruskateelliselle
peruskorjata	peruskorjannut
peruskorjaus	peruskorjaus
peruskorjausjakso	peruskorjausjaksoa
peruskorjauttaa	peruskorjauttanut
peruskoulu	peruskoulu
peruskoulu	peruskoulua
peruskoulu	peruskoulun
peruskoulu	peruskouluun
peruskoululainen	peruskoululaisia
peruslager	peruslagerit
peruslageri	peruslagerit
peruslaki	peruslakeja
perusmies	perusmies
perusmoraali	perusmoraalia
perusmukavuus	perusmukavuuksia
perusopetus	perusopetuksen
perusopinto	perusopinnot
peruspalvelu	peruspalvelut
peruspelaaminen	peruspelaamisella
peruspäiväraha	peruspäivärahalle
perusta	perusta
perusta	perustaa
perusta	perustana
perustaa	perusta
perustaa	perustaa
perustaa	perustaisi
perustaa	perustaisivat
perustaa	perustama
perustaa	perustamassa
perustaa	perustettiin
perustaa	perustettu
perustaa	perustetun
perustaa	perustivat
perustaja	perustaja
perustaja	perustajista
perustaminen	perustaminen
perustaminen	perustamiseksi
perustaminen	perustamisesta
perustamishanke	perustamishanke
perustamishanke	perustamishankkeena
peruste	peruste
peruste	perusteena
peruste	perusteetta
peruste	perustein
peruste	perusteina
peruste	perusteista
peruste	perusteita
perusteella	perusteella
perusteellinen	perusteellinen
perusteellinen	perusteellisempi
perusteellisesti	perusteellisesti
perustella	perustelis
perustella	perustella
perustella	perustellut
perustella	perusteltavaksi
perustella	perusteltu
perusteltu	perusteltua
perustelu	perustelua
perustelu	perusteluista
perustelu	perusteluja
perustelu	perusteluna
perusteluvelvollisuus	perusteluvelvollisuus
perustieto	perustiedot
perustietous	perustietoutta
perustoimeentulo	perustoimeentuloon
perustua	perustuen
perustua	perustui
perustua	perustuisi
perustua	perustuu
perustua	perustuvan
perustua	perustuvasta
perustua	perustuvat
perustua	perustuvina
perusturva	perusturvan
perustus	perustus
perustuslaillinen	perustuslailliseksi
perustuslaki	perustuslaissa
perustuslaki	perustuslaki
perustyyli	perustyylillä
perustyö	perustyö
perusvarustelu	perusvarusteluunkin
perusvoima	perusvoiman
perusvoimaratkaisu	perusvoimaratkaisu
perusväri	perusväreihin
peruuttaa	peruutettu
peruuttaa	peruuttaa
peruuttaa	peruuttanut
peruuttaa	peruutti
peruuttaa	peruuttivat
perä	perille
perä	perin
perä	perällä
perä	perästä
perä	perääkin
peräisin	peräisin
peräkanaa	peräkanaa
peräkkäin	peräkkäin
peräkärry	peräkärryllä
perälauta	perälaudan
perälle	perälle
perällä	perällä
perämoottori	perämoottoria
peräosa	peräosan
perässä	perässä
perässä	perässään
perästä	perästä
peräti	peräti
perättäinen	perättäisen
perätysten	perätysten
perätä	peräämässä
perätön	perättömiä
perätön	perättömästä
perävalo	perävaloa
perävalo	perävaloja
perään	perään
perään	peräänsä
perääntyä	perääntyi
perääntyä	perääntymässä
pescatore	pescatoret
peseta	pesetaa
pesettää	pesetti
pesettää	pesettämään
pesettää	pesettää
peseytyminen	peseytymiseen
peseytyä	peseytyisin
peseytyä	peseytyvät
peseytyä	peseytyy
pesiä	pesi
pesiä	pesii
pesiä	pesimä
pesiä	pesit
pesiä	pesivät
pessimismi	pessimismi
pessimisti	pessimistit
pessimistinen	pessimistinen
pessoa	pessoan
pesto	pesto
pestä	pesen
pestä	pesi
pestä	pesis
pestä	pesty
pestä	pestä
pestä	pestävä
pesu	pesu
pesu	pesuki
pesu	pesulla
pesu	pesuun
pesu-	pesu-
pesuallas	pesualtaat
pesuhuone	pesuhuone
pesuhuone	pesuhuoneen
pesukone	pesukoneen
pesukone	pesukoneeseen
pesula	pesulassa
pesuvesi	pesuvettä
pesä	pesästä
pesä	pesää
pesä	pesään
pesäke	pesäkkeistä
pesänjakaja	pesänjakajakseen
pesänrakentamisvietti	pesänrakentamisvietin
pesäpaikka	pesäpaikka
pete	pete
peter	peter
peter	peterille
petersen	petersen
peti	pedin
peto	pedon
peto	peto
petolintu	petolinnuista
petollisuus	petollisuutesi
petos	petoksen
petos	petoksesta
petraeus	petraeuksen
petrata	petrataan
petri	petri
petri	petriin
petroskoi	petroskoi
petroskoi	petroskoissa
petsamo	petsamonkaan
petsamolainen	petsamolaisten
petteri	petteri
petteri	petterimme
pettymys	pettymyksen
pettymys	pettymyksestä
pettymys	pettymys
pettymys	pettymystä
pettynyt	pettynyt
pettyä	pettyy
pettyä	pety
pettäminen	pettämistä
pettää	petetty
pettää	petetyksi
pettää	pettäneen
pettää	pettävät
pettää	pettää
pettää	petä
petäjä	petäjän
petäjälampi	petäjälammin
petäjäniemi	petäjäniemi
petäjävesi	petäjäveden
peugeot	peugeot
peuhata	peuhata
peukalo	peukalon
peura	peurojen
peuranpyyntikuoppa	peuranpyyntikuopat
philharmonic	philharmonic
phnom	phnom
phonea	phonea
pia	pia
piakkoin	piakkoin
pian	pian
pianisti	pianistiemme
pianistikaarti	pianistikaartissa
piano	pianoaan
piano	pianon
pianomusiikki	pianomusiikin
picasso	picasso
pick-up	pick-up
pidellä	pidellä
pidemmälle	pidemmälle
pidempään	pidempään
pidempään	pisempäänki
pidennyttää	pidennytti
pidentää	pidentäen
pidetty	pidetty
pidättyväinen	pidättyväiseen
pidättyväinen	pidättyväisiä
pidättäytyä	pidättäydyttävä
pidättää	pidätettiin
pidättää	pidätetty
pidättää	pidätettynä
pidättää	pidätettäessä
pidättää	pidätetyksi
pidättää	pidätetyt
pidättää	pidätetään
pidättää	pidätitte
pidättää	pidätti
pidätys	pidätystä
pieksämäki	pieksämäellä
pieksämäki	pieksämäen
pieksää	pieksämällä
pielessä	pielessä
pienehkö	pienehköön
pieneläinlääkäri	pieneläinlääkäri
pieneläinpraktiikka	pieneläinpraktiikka
pienemmälle	pienemmälle
pienenpieni	pienenpieni
pienentyä	pienentyessä
pienentyä	pienentymässä
pienentyä	pienentynyt
pienentäminen	pienentämistä
pienentää	pienennettävä
pienentää	pienennetäkään
pienetä	pienenee
pienetä	pienenemässä
pienetä	pieneni
pieni	pieneen
pieni	pieneks
pieni	pieneksi
pieni	pienelle
pieni	pienellä
pieni	pienemmäksi
pieni	pienemmältä
pieni	pienemmässä
pieni	pienempi
pieni	pienempiä
pieni	pienempiään
pieni	pienempää
pieni	pienen
pieni	pienenä
pieni	pienessä
pieni	pienestä
pieni	pienesä
pieni	pienet
pieni	pienetkin
pieni	pieni
pieni	pieniin
pieni	pienijä
pieni	pieniksi
pieni	pienille
pieni	pienillä
pieni	pienimmäksi
pieni	pienimmät
pieni	pienimpien
pieni	pienin
pieni	pieninkin
pieni	pieninä
pieni	pienistä
pieni	pieniä
pieni	pienten
pieni	pientenkin
pieni	pientä
pieni	piänenä
pienikokoinen	pienikokoinen
pienikukallinen	pienikukallinen
pienipainoinen	pienipainoisina
pienoinen	pienoinen
pienoismalli	pienoismalli
pienokainen	pienokaiseni
pienryhmittäin	pienryhmittäin
pientalo	pientalo
pientalovalikoima	pientalovalikoima
pienviljely	pienviljely
pienyrittäjäparka	pienyrittäjäparka
pierce	pierce
pietari	pietari
pietari	pietaria
pietari	pietarin
pietari	pietarissa
pietari	pietarista
pietarilainen	pietarilaisten
pietarsaarelainen	pietarsaarelainen
pietarsaari	pietarsaaren
pietilä	pietilää
piha	piha
piha	pihaa
piha	pihaan
piha	pihalla
piha	pihalle
piha	pihalta
piha	pihassa
piha	pihassamme
piha	pihasta
piha-alue	piha-alueelle
pihamaa	pihamailla
pihamakasiini	pihamakasiinin
pihanurmi	pihanurmella
pihapiiri	pihapiirissä
piharakennus	piharakennukseen
pihi	pihiltä
pihistää	pihistänyt
pihjala	pihjalassa
pihkala	pihkala
pihlaja	pihlajat
pihlava	pihlavassa
pihtari	pihtari
pihtiote	pihtiotteella
pihtiputaalainen	pihtiputaalaisen
pihvi	pihvillä
pihvi	pihvin
pihvi	pihvit
piika	piiat
piika	piikojen
piikitellä	piikitteli
piikkainpora	piikkainporaa
piikki	piikkejä
piikkikorko	piikkikoroilla
piikkivapa	piikkivapoja
piileskellä	piileskelee
piilevä	piilevä
piilo	piiloon
piilo	piilossa
piilosana	piilosanoihin
piiloutua	piiloutuu
piiloviesti	piiloviesti
piimä	piimää
piimätie	piimätietä
piinaantuneesti	piinaantuneesti
piinallinen	piinalliseksi
piinata	piinaavan
piinata	piinannut
piipahtaa	piipahtaen
piipahtaa	piipahtanut
piipittäjä	piipittäjjää
piipittäjä	piipittäjää
piippu	piippua
piirakka	piirakat
piirakka	piirakkaa
piirakka	piirakoita
piiri	piirin
piiri	piirissä
piiriin	piiriin
piirissä	piirissä
piiristä	piiristä
piirittää	piiritettyyn
piirre	piirteet
piirre	piirteitä
piirros	piirroksen
piirros	piirroksessa
piirros	piirros
piirrättää	piirrätti
piirtyä	piirtyi
piirtyä	piirtyy
piirtäjä	piirtäjä
piirtää	piirretyn
piirtää	piirrän
piirtää	piirsin
piirtää	piirtämissä
piirtää	piirtämä
piirtää	piirtämät
piirtää	piirtää
piisata	piisaa
piisata	piisaisi
piispa	piispa
piispa	piispaksi
piispa	piispan
piispa	piispoilta
piispanlinna	piispanlinnan
piispantalo	piispantaloon
piitata	piitannut
piitata	piittaa
piitata	piittaamaton
piittaamaton	piittaamattomaksi
pikainen	pikaiseen
pikainen	pikaisen
pikainen	pikaisesta
pikainen	pikaista
pikaisesti	pikaisest
pikaisesti	pikaisesti
pikajuna	pikajuna
pikakatselu	pikakatselun
pikakaunistaja	pikakaunistajaa
pikamatka	pikamatkoja
pikapaikkaus	pikapaikkauksin
pikapikaa	pikapikaa
pikapuoliin	pikapuoliin
pikastartti	pikastartista
pikasuihku	pikasuihkun
pikataival	pikataival
pikavauhtia	pikavauhtia
pikaviestijoukkue	pikaviestijoukkue
pikemmin	pikemmin
pikemmin	pikemminkin
pikku	pikku
pikku-ida	pikku-idalla
pikku-myy	pikku-myyksi
pikku-veera	pikku-veera
pikkuasia	pikkuasiakin
pikkuauto	pikkuautojen
pikkuautomainen	pikkuautomainen
pikkubussiversio	pikkubussiversio
pikkuhiljaa	pikkuhiljaa
pikkuhuppelissa	pikkuhuppelissa
pikkuinen	pikkusen
pikkuisen	pikkuisen
pikkuisen	pikkusen
pikkujippo	pikkujipponsa
pikkujoulu	pikkujoulujen
pikkujoulu	pikkujoulunsa
pikkujoulu	pikkujoulut
pikkujouluaika	pikkujouluaikaa
pikkujouluväki	pikkujouluväkeä
pikkukala	pikkukaloja
pikkulapsi	pikkulapsen
pikkulapsi	pikkulasten
pikkulilli	pikkulilli
pikkulintu	pikkulinnut
pikkulintu	pikkulintuja
pikkupoika	pikkupoika
pikkupoika	pikkupoikaa
pikkupoika	pikkupoikana
pikkupoika	pikkupoikien
pikkuporvari	pikkuporvari
pikkupäällikkö	pikkupäälliköt
pikkuruinen	pikkuruisia
pikkuryhmäpolitiikka	pikkuryhmäpolitiikkaa
pikkusalonki	pikkusalongin
pikkusielu	pikkusielu
pikkusyötävä	pikkusyötävälle
pikkutakki	pikkutakkinsa
pikkutyttö	pikkutyttöjä
pikkutyttö	pikkutytöllä
pikkuvauva	pikkuvauvat
pikkuveli	pikkuveli
pikkuveli	pikkuveljeäni
piknik	piknikin
piknikki	piknikin
pila	pilaa
pila	pilana
pila	piloillaan
pilalle	pilalle
pilapiirtäjä	pilapiirtäjät
pilasatu	pilasatuja
pilata	pilaa
pilata	pilaamaan
pilata	pilaavat
pilata	pilata
pilkata	pilkkasi
pilke	pilkkeen
pilkka	pilkka
pilkka	pilkkaa
pilkkaaja	pilkkaajien
pilkkalaulu	pilkkalauluja
pilkki	pilkillä
pilkkilupa	pilkkilupa
pilkkoa	pilkottu
pilkku	pilkkuakaan
pilkku	pilkulleen
pilkkusääntö	pilkkusääntöjä
pilkullinen	pilkullinen
pilkullinen	pilkullisen
pilkuttaa	pilkutti
pilleri	pillerillä
pillerinsyöjäkansa	pillerinsyöjäkansaa
piloillaan	piloillaan
piloille	piloille
pilottiasiakas	pilottiasiakkaille
pilttuu	pilttuussa
pilvenpiirtäjä	pilvenpiirtäjineen
pilvi	pilvi
pilvi	pilviä
pilvisennihkeä	pilvisennihkeä
pilvitarha	pilvitarhasta
pimeissä	pimeissä
pimentyä	pimennyttyä
pimentyä	pimentyneenä
pimetä	pimeni
pimetä	pimettyä
pimeys	pimeydessä
pimeys	pimeys
pimeys	pimeyttä
pimeä	pimees
pimeä	pimeessä
pimeä	pimeimpänä
pimeä	pimeitä
pimeä	pimeä
pimeä	pimeällä
pimeä	pimeän
pimeä	pimeänä
pimeä	pimeässä
pimeä	pimeät
pimeä	pimeää
pimeä	pimeään
pimeä	pimmiilä
pimittää	pimittää
pinaatinlehti	pinaatinlehdet
pinja	pinja
pinko	pinko
pinna	pinna
pinni	pinnejä
pinnoituttaa	pinnoituttamaan
pino	pinosta
pinota	pinottu
pinota	pinottujen
pinsetit	pinseteillä
pinta	pinnalla
pinta	pinnalta
pinta	pinnassa
pinta	pinnoilla
pinta	pinta
pinta	pintaa
pinta	pintanne
pinta-ala	pinta-alaltaan
pintaan	pintaan
pintakalvo	pintakalvosta
pintaliitää	pintaliitävät
pintapuolisesti	pintapuolisesti
pintaverenkierto	pintaverenkierto
pintaverkko	pintaverkoilla
pintavesi	pintavesi
pintavesivarasto	pintavesivarastot
pintaviallinen	pintaviallinen
pinteessä	pinteessä
pioneeri	pioneerit
pipari	pipareita
piparitaikina	piparitaikinoiden
piparkakkutalo	piparkakkutaloa
piparkakkuveturi	piparkakkuveturia
pipo	pipo
pippuri	pippurin
pippuripihvi	pippuripihvin
piraattitavara	piraattitavaran
piriste	piristeitä
piristys	piristystä
piristysruiske	piristysruiskeen
piristä	piristä
piristäjä	piristäjää
piristää	piristävänsä
piristää	piristää
pirjo	pirjon
pirkanmaa	pirkanmaan
pirkanmaalainen	pirkanmaalaiset
pirkka	pirkan
pirkko	pirkko
pirre	pirren
pirtelö	pirtelöllä
pirteä	pirteä
pirteä	pirteänä
pirteä	pirteää
pirtti	pirtin
pirtti	pirtistä
pirtti	pirtit
pirtu	pirtun
piru	piru
piru	piruako
piru	pirun
pirullinen	pirullisen
pirusti	pirusti
piruuttaan	piruuttaan
pisara	pisara
pisara	pisaraa
piskuinen	piskuinen
pispala	pispala
pispalaiskirjailija	pispalaiskirjailija
pissa	pissalle
pissiminen	pissiminen
piste	piste
piste	pisteen
piste	pisteestä
piste	pistein
piste	pisteitäni
piste	pistettä
pisteliäs	pisteliäältä
pistellä	pistelemmekin
pistellä	pistelty
pistellä	pisteltäväksi
pistetilanne	pistetilannetta
pistin	pistin
pisto	pisto
pisto	pistosta
pistokoe	pistokokeita
pistooli	pistoolia
pistäytyminen	pistäytyminen
pistäytyä	pistäytyi
pistäytyä	pistäytynyt
pistäytyä	pistäytyä
pistää	pistettiin
pistää	pistetty
pistää	pisti
pistää	pistin
pistää	pisttee
pistää	pistäisi
pistää	pistämällä
pistää	pistämässä
pistää	pistän
pistää	pistänyt
pistää	pistäs
pistää	pistää
pitemmälle	pitemmälle
pitemmällä	pitemmällä
pitempään	pitempään
pitkin	pitkin
pitkittyä	pitkittyessään
pitkittyä	pitkittyvät
pitkittäin	pitkittäin
pitkä	pidemmät
pitkä	pidempi
pitkä	pisin
pitkä	pisintä
pitkä	pitemmittä
pitkä	pitemmällä
pitkä	pitemmän
pitkä	pitempi
pitkä	pitempänä
pitkä	pitempää
pitkä	pitkien
pitkä	pitkiin
pitkä	pitkiinkin
pitkä	pitkille
pitkä	pitkine
pitkä	pitkis
pitkä	pitkiä
pitkä	pitkkää
pitkä	pitkä
pitkä	pitkäksi
pitkä	pitkäkö
pitkä	pitkälle
pitkä	pitkällä
pitkä	pitkältä
pitkä	pitkän
pitkä	pitkänä
pitkä	pitkässä
pitkä	pitkästä
pitkä	pitkät
pitkä	pitkää
pitkä	pitkään
pitkäaikainen	pitkäaikaiselle
pitkäaikainen	pitkäaikaiset
pitkäaikainen	pitkäaikaista
pitkäaikaistyöttömyys	pitkäaikaistyöttömyys
pitkähihainen	pitkähihainen
pitkäjärvi	pitkäjärvi
pitkälle	pitkälle
pitkälleen	pitkällenne
pitkällinen	pitkällinen
pitkällä	pitkällä
pitkällään	pitkällään
pitkälti	pitkälti
pitkämatka	pitkänmatkan
pitkänen	pitkäsen
pitkänlainen	pitkänlainen
pitkänpitkänpitkänpitkä	pitkänpitkänpitkänpitkät
pitkäsoitto	pitkäsoiton
pitkästyä	pitkästyisi
pitkätukka	pitkätukat
pitkäveto-veikkaus	pitkäveto-veikkaus
pitkävetolista	pitkävetolistalle
pitkään	pitkää
pitkään	pitkään
pito	pidot
pitoisuus	pitoisuus
pitokokki	pitokokin
pitopalvelu	pitopalveluun
pitsa	pitsat
pitsinen	pitsiset
pituinen	pituinen
pituinen	pituiseksi
pituinen	pituisen
pituinen	pituiset
pituinen	pituistensa
pituus	pituuden
pituus	pituus
pituus	pituutta
pitäen	pittäe
pitäjä	pitäjän
pitäjä	pitäjässä
pitäminen	pitäminen
pitäminen	pitämisestä
pitävä	pitävässä
pitäytyä	pitäytyy
pitää	pidettiin
pitää	pidetty
pitää	pidettäneen
pitää	pidettäviin
pitää	pidettäviksi
pitää	pidettävä
pitää	pidettäväksi
pitää	pidetyksi
pitää	pidetään
pitää	pidimme
pitää	pidin
pitää	piditkö
pitää	pidä
pitää	pidähän
pitää	pidäkään
pitää	pidämme
pitää	pidän
pitää	pidät
pitää	pirät
pitää	pit´
pitää	piti
pitää	pitikin
pitää	pitikään
pitää	pitikö
pitää	pitipä
pitää	pitivät
pitää	pitivätkö
pitää	pittää
pitää	pitäen
pitää	pitäis
pitää	pitäisi
pitää	pitäisikin
pitää	pitäisikö
pitää	pitäisin
pitää	pitäisivät
pitää	pitäkää
pitää	pitäkäähän
pitää	pitäkääkin
pitää	pitäkääpäs
pitää	pitämissään
pitää	pitämiä
pitää	pitämättä
pitää	pitämään
pitää	pitänee
pitää	pitäneekö
pitää	pitäneet
pitää	pitäny
pitää	pitänyt
pitää	pitäs
pitää	pitäskö
pitää	pitäsköhä
pitää	pitävä
pitää	pitävän
pitää	pitävät
pitää	pitää
pitää	pitäähän
pitää	pitääkö
pitää	pitääkös
pivo	pivossa
pixel	pixelin
pizza	pizzaa
pizza	pizzalla
pizza	pizzat
pizza	pizzoista
pl	pl
plakaatti	plakaatti
planeetta	planeetan
planeetta	planeettojen
plankton	planktonia
platform-tekniikka	platform-tekniikalla
platon	platon
platon	platonilla
playboy	playboy
plo	plo
plo	plo:n
plus	plus
pläntti	pläntin
pm-turnaus	pm-turnaukseen
pocahontas-nukke	pocahontas-nukke
pohdinta	pohdinnoilla
pohdinta	pohdinta
pohdinta	pohdintaan
pohdinta	pohdintojen
pohdiskella	pohdiskella
pohdiskelu	pohdiskeluun
pohdituttaa	pohdituttaa
pohja	pohja
pohja	pohjaksi
pohja	pohjalla
pohja	pohjalle
pohja	pohjalta
pohja	pohjan
pohja	pohjana
pohja	pohjassa
pohja	pohjasta
pohja	pohjin
pohja-	pohja-
pohjahinta	pohjahinta
pohjalainen	pohjalainen
pohjalainen	pohjalaisessa
pohjalainen	pohjalaiset
pohjalainen	pohjalaisissa
pohjalainen	pohjalaista
pohjalaiset-näytelmä	pohjalaiset-näytelmän
pohjalaistarha	pohjalaistarhoilla
pohjalevy	pohjalevyltään
pohjalta	pohjalta
pohjanheimo	pohjanheimo
pohjanmaa	pohjanmaalla
pohjanmaa	pohjanmaalle
pohjanmaa	pohjanmaalta
pohjanmaa	pohjanmaan
pohjanmeri	pohjanmeren
pohjantähti	pohjantähdessä
pohjautua	pohjautuen
pohjavesi	pohjaveden
pohjavilla	pohjavillan
pohje	pohkeen
pohjimmiltaan	pohjimmiltaan
pohjimmiltaan	pohjimmiltas
pohjoinen	pohjoinen
pohjoinen	pohjoiseen
pohjoinen	pohjoisemmaksi
pohjoinen	pohjoisen
pohjoinen	pohjoisessa
pohjoinen	pohjoisesta
pohjoinen	pohjoisten
pohjoinen	pohjosessa
pohjois-	pohjois-
pohjois-amerikka	pohjois-amerikassa
pohjois-eurooppa	pohjois-eurooppa
pohjois-eurooppa	pohjois-eurooppaa
pohjois-häme	pohjois-hämeen
pohjois-irlanti	pohjois-irlannin
pohjois-karjala	pohjois-karjalalla
pohjois-karjala	pohjois-karjalasta
pohjois-suomi	pohjois-suomessa
pohjoisjemeniläinen	pohjoisjemeniläiset
pohjoismaa	pohjoismaa
pohjoismaa	pohjoismaiden
pohjoismaa	pohjoismaissa
pohjoismaa	pohjoismaissakin
pohjoismaa	pohjoismaista
pohjoismainen	pohjoismaisen
pohjoismainen	pohjoismaisessa
pohjoismainen	pohjoismaista
pohjoisosa	pohjoisosaa
pohjoispuoli	pohjoispuolella
pohjola	pohjolan
pohjola	pohjolassa
pohjolan-pirhonen	pohjolan-pirhonen
pohjolan-pirhonen	pohjolan-pirhosen
pohjustusfanfaari	pohjustusfanfaareihin
pohtia	pohditaan
pohtia	pohdittaessa
pohtia	pohdittu
pohtia	pohtia
pohtia	pohtien
pohtia	pohtii
pohtia	pohtimaan
pohtia	pohtivassa
pohtia	pohtivat
pohtiminen	pohtimista
poika	poika
poika	poikaa
poika	poikaan
poika	poikaani
poika	poikaansa
poika	poikahan
poika	poikaniko
poika	poikansa
poika	poikia
poika	poikien
poika	poikieni
poika	poikineen
poika	poikoo
poika	pojaksi
poika	pojalla
poika	pojalle
poika	pojalta
poika	pojan
poika	pojasta
poika	pojastaan
poika	pojat
poika	pojiksi
poika	pojilla
poika	pojista
poika	pojistaan
poika-jursinov	poika-jursinov
poikajengi	poikajengiä
poikamies	poikamiehiä
poikamieselämä	poikamieselämää
poikanen	poikaseni
poikanen	poikaset
poikanen	poikasia
poikanen	poikastensa
poikaystävä	poikaystävä
poikaystävä	poikaystävänsä
poiketa	poikenneet
poiketa	poikennut
poiketa	poiketa
poiketa	poikkeaa
poiketa	poikkeava
poiketa	poikkeavaa
poiketa	poikkeavat
poiketa	poikkesi
poikin	poikin
poikittain	poikittain
poikkeama	poikkeamasta
poikkeama	poikkeamista
poikkeaminen	poikkeaminen
poikkeaminen	poikkeamisen
poikkeaminen	poikkeamisten
poikkeava	poikkeava
poikkeava	poikkeavaa
poikkeava	poikkeavat
poikkeavasti	poikkeavasti
poikkeuksellinen	poikkeuksellinen
poikkeuksellinen	poikkeuksellisen
poikkeuksellinen	poikkeukselliset
poikkeuksellinen	poikkeuksellista
poikkeuksellisesti	poikkeuksellisesti
poikkeukseton	poikkeukseton
poikkeus	poikkeuksia
poikkeus	poikkeuksiakin
poikkeus	poikkeus
poikkeuslupa	poikkeusluvan
poikkeustila	poikkeustilan
poikki	poikki
poikkileikkaus	poikkileikkaukseksi
poikkiteloin	poikkiteloin
poimaista	poimaistava
poimia	poimi
poimia	poimia
poimia	poimimassa
poimia	poimimatta
poimia	poiminut
poimia	poimisinko
poimia	poimittu
poimia	poimittua
poimija	poimijat
poiminta	poiminnassa
poimintahakattu	poimintahakattukin
poimu	poimussa
poindexter	poindexter
pois	pois
pois	veks
poisheitto	poisheitto
poisjäänti	poisjäännillään
poismeno	poismenoon
poisottaminen	poisottamisesta
poispäin	poispäin
poissa	poissa
poissaoleva	poissaolevan
poissulkea	poissuljetun
poistaa	poista
poistaa	poistaa
poistaa	poistamaan
poistaa	poistamassa
poistaa	poistavat
poistaa	poistettava
poistaa	poistettavia
poistaa	poistettu
poistaa	poistetuksi
poistaa	poisti
poistaja	poistajana
poistaminen	poistamista
poistattaa	poistattavat
poistattaa	poistatti
poisto	poistoja
poisto	poistoon
poistua	poistu
poistua	poistua
poistua	poistuessaan
poistua	poistui
poistua	poistuisi
poistua	poistuisitteko
poistua	poistukaa
poistua	poistuneet
poistua	poistuneiden
poistua	poistunut
poistua	poistuvat
poiut	poiuttaan
pojankloppi	pojankloppia
pojannappula	pojannappulana
poju	poju
pokata	pokannut
pokka	pokka
pokkarihylly	pokkarihyllyssä
pokki	pokki
poksi	poksin
polanski	polanskin
polar	polar
polemiikki	polemiikkiin
poli	polillej
poliisi	poliiseihin
poliisi	poliiseille
poliisi	poliiseilta
poliisi	poliiseja
poliisi	poliisi
poliisi	poliisia
poliisi	poliisien
poliisi	poliisilla
poliisi	poliisille
poliisi	poliisin
poliisi	poliisina
poliisi	poliisit
poliisiauto	poliisiauto
poliisiauto	poliisiautojen
poliisikoira	poliisikoira
poliisikuulustelu	poliisikuulusteluissa
poliisimestari	poliisimestari
poliisintyö	poliisintyöhön
poliisipartio	poliisipartioille
poliisitutkimus	poliisitutkimusten
poliisivaltio	poliisivaltion
poliitikko	poliitikko
poliitikko	poliitikkoa
poliitikko	poliitikkoja
poliitikko	poliitikkojen
poliitikko	poliitikkona
poliitikko	poliitikon
poliitikko	poliitikot
poliitikkonainen	poliitikkonaisen
poliittinen	poliittinen
poliittinen	poliittiseen
poliittinen	poliittisella
poliittinen	poliittiselle
poliittinen	poliittisen
poliittinen	poliittisena
poliittinen	poliittiset
poliittinen	poliittisia
poliittinen	poliittisille
poliittinen	poliittista
poliittinen	poliittisten
poliittisesti	poliittisesti
politiikka	politiikalla
politiikka	politiikan
politiikka	politiikassa
politiikka	politiikasta
politiikka	politiikkaa
politiikka	politiikkaan
politiikka	politiikkaansa
politikointi	politikointia
poljin	polkimin
polkaista	polkaisi
polkea	poljetut
polkea	poljin
polku	polku
polku	polkuja
polku	poluilla
polku	polun
polkupyörä	polkupyörällä
polkupyörä	polkupyörän
polkupyörä	polkupyörää
polkupyöräilijä	polkupyöräilijä
polkupyöränpumppu	polkupyöränpumppuun
polkupyöräturisti	polkupyöräturistin
pollea	polleaa
polo	polo
polskutella	polskuttele
polttaa	poltat
polttaa	poltetaanko
polttaa	poltettaessa
polttaa	poltin
polttaa	polttaa
polttaa	polttannu
polttaa	polttanut
polttaa	polttavat
polttaa	poltti
polttajaiset	polttajaiset
polttoaine	polttoainetta
polttoainevero	polttoaineveron
polttopullo	polttopullon
polttopuu	polttopuut
polvennosto	polvennosto
polvi	polvelle
polvi	polven
polvi	polvessa
polvi	polvesta
polvi	polvet
polvi	polvi
polvi	polviani
polvi	polvien
polvi	polvillaan
polvi	polvista
polvilleen	polvilleni
polvistua	polvistui
polyfonia	polyfonia
polynesia	polynesia
polyteekkari	polyteekkarissa
pommi	pommi
pommi	pommiin
pommi	pommin
pommittaa	pommitettiin
pommittaa	pommittavat
pommittaa	pommitti
pommittaa	pommittivat
pommitus	pommitus
pommiuhkaus	pommiuhkausten
pomo	pomo
pomo	pomoa
pomo	pomojen
pomo	pomolla
pomo	pomolle
pomottaa	pomottaa
pompahdella	pompahteli
poncho	poncho
poninhäntämies	poninhäntämies
ponnahtaa	ponnahti
ponnari	ponnarilla
ponnistaa	ponnistanut
ponnistaa	ponnistivat
ponnistella	ponnisteleva
ponnistella	ponnistella
ponnistella	ponnistellut
ponnistelu	ponnisteluja
ponoi	ponoin
ponteva	pontevaa
pontikka	pontikan
pontti	pontit
poolokenttä	poolokenttä
pop	popista
pop-tähti	pop-tähti
popahtava	popahtava
popescu	popescu
popovitsh	popovitsh
populistinen	populistinen
poraaminen	poraaminen
porauslauttapäätös	porauslauttapäätöksensä
poreallas	porealtaita
pori	pori
pori	porin
pori	porissa
porkkana	porkkanoita
porkkanapenkki	porkkanapenkin
pormestari	pormestari
pornainen	pornaista
poro	poroa
poro	poroilla
poro	poroja
poro-	poro-
porokuski	porokuskeja
poronjäkälämatto	poronjäkälämatto
poronliha	poronlihat
porras	portaat
porras	portaiden
porras	portailla
porras	portaitten
porraskäytävä	porraskäytävässä
porraskäytävä	porraskäytävään
porrasperäinen	porrasperäinen
porraspieli	porraspieleen
porrastasanne	porrastasanteella
porsas	porsaat
porsas	porsaita
porsche	porscheja
porsche	porschen
porstua	porstuassa
portaaton	portaattomana
portaattomasti	portaattomasti
porthania	porthanian
portieri	portieri
porto	porto
portsari	portsari
portsari	portsarille
portti	porteilla
portti	portiksi
portti	portin
portti	portista
portti	portit
portti	porttia
porttikonki	porttikonkeihin
portugali	portugaliksi
portugali	portugalin
portugali	portugalissa
poru	porua
porukka	porukalla
porukka	porukalle
porukka	porukan
porukka	porukassa
porukka	porukasta
porukka	porukat
porukka	porukka
porukka	porukkaa
porukka	porukoiden
porvari	porvarit
porvarilehti	porvarilehti
porvoo	porvoolla
porvoo	porvoon
porvoo	porvooseen
porvoo	porvoossa
porvoo	porvoosta
porvoo	porvoostako
porvoolainen	porvoolaiset
poseerata	poseerasi
poseidon	poseidon
posio	posiolla
positiivinen	positiivinen
positiivinen	positiivisen
positiivinen	positiivisessa
positiivinen	positiivisia
positiivinen	positiivista
positiivisesti	positiivisesti
positiivisuus	positiivisuus
poskessa	poskessa
posketon	poskettoman
poski	poskea
poski	poskeani
poski	poskelle
poski	poskessa
poski	poskesta
poski	posket
poski	poskia
poski	poskilta
poskiluu	poskiluitten
posliinilautanen	posliinilautaset
posse	posse
possessiivisuffiksi	possessiivisuffiksi
posteljooni	posteljoonin
posti	posti
posti	postia
posti	postiin
posti	postille
posti	postilta
posti	postin
posti	postissa
postidirektiivi	postidirektiivit
postikonttori	postikonttorin
postikortti	postikortteja
postilaatikko	postilaatikon
postiluukku	postiluukun
postiluukku	postiluukusta
postimaksu	postimaksujen
postimerkki	postimerkin
postimerkki	postimerkkejä
postimerkki	postimerkki
postimuseo	postimuseota
postimyynti	postimyynnin
postineiti	postineiti
postinjakaja	postinjakaja
postipalvelu	postipalveluja
postipankki	postipankin
postipankki	postipankki
postipankki	postipankkiin
postisopimus	postisopimukset
postitalo	postitalon
postitoiminta	postitoimintaan
postitoimisto	postitoimiston
postittaa	postitti
postiäänestys	postiäänestyksenä
postma	postman
postmoderni	postmodernin
potea	potema
potea	poti
potenssi	potenssiin
potentiaalinen	potentiaalisia
potero	poteroista
potilas	potilaan
potilas	potilaat
potilas	potilaista
potilas	potilaita
potilas	potilas
potkaista	potkaisee
potkaista	potkaisevat
potkaista	potkaisi
potkaista	potkaisin
potkaista	potkaista
potkia	potki
potkia	potkimalla
potkia	potkittiin
potkia	potkitut
potku	potku
potku	potkua
potku	potkujen
potku	potkun
potku	potkut
potkuhousu	potkuhousut
potkukelkka	potkukelkalla
potti	potti
pottu	pottuun
pottu	potut
poukkoilla	poukkoile
pouta	poudalla
povata	povaavat
powell	powellin
power	power
pp	pp:n
pps	pps
pr-konsultti	pr-konsultit
praha	prahassa
praktikumi	praktikumii
predestinoida	predestinoi
preludi	preludeja
preludi	preludi
prenkku	prenkkua
presidentillinen	presidentillinen
presidentillinen	presidentillisen
presidentinlinna	presidentinlinnan
presidentinpalatsi	presidentinpalatsiin
presidentinvaali	presidentinvaaleissa
presidentinvaali	presidentinvaali
presidentinvaali	presidentinvaalien
presidentinvaali	presidentinvaalin
presidentinvaalikampanja	presidentinvaalikampanjaa
presidentti	presidentiksi
presidentti	presidentille
presidentti	presidentillä
presidentti	presidentiltämme
presidentti	presidentin
presidentti	presidentinkään
presidentti	presidentit
presidentti	presidentti
presidentti	presidenttiin
presidentti	presidenttikin
presidentti	presidenttinä
presidentti	presidenttiä
presidenttiasetelma	presidenttiasetelmat
presidenttiehdokas	presidenttiehdokas
presidenttiehdokas	presidenttiehdokkaat
presidenttipari	presidenttipari
pretty	pretty
prikaati	prikaatista
primadonnamainen	primadonnamaista
primatel	primatel
primera	primera
primera	primeran
prinkkala	prinkkalan
prinsessa	prinsessa
prinsessa	prinsessalle
prinsessa	prinsessan
prinsessaleikki	prinsessaleikkejään
prinssi	prinssi
prinssi	prinssini
prinssi	prinssit
printteri	printteristä
pristina	pristinan
prix	prix
pro	pro
prodi	prodi
produktio	produktion
produktio	produktiossa
profeetta	profeetaksi
professori	professoreja
professori	professori
professori	professoriksi
professori	professorin
professorska	professorskaksi
professuuri	professuuria
professuuri	professuuriin
profetoiminen	profetoimisen
proffa	proffa
proffa	proffassa
profiili	profiiliaan
profiili	profiilimme
profiili	profiilinsa
projekti	projekteihin
projekti	projekteja
projekti	projekti
projekti	projektin
projekti	projektista
projektivastaava	projektivastaava
proletaari	proletaarit
promille	promillen
pronssi	pronssia
pronssi	pronssille
pronssimitali	pronssimitalista
proomu	proomuja
proomu	proomusta
proosa	proosaan
prosentti	prosenteissa
prosentti	prosentilla
prosentti	prosentilta
prosentti	prosentin
prosentti	prosentissa
prosentti	prosentteina
prosentti	prosenttia
prosentti	prosenttiin
prosenttimäärä	prosenttimäärä
prosenttiyksikkö	prosenttiyksikön
prosentuaalisesti	prosentuaalisesti
prosessi	prosesseja
prosessi	prosessi
prosessi	prosessien
prosessi	prosessin
prosessivertaus	prosessivertaus
prosessointi	prosessoinnista
prost	prost
prost	prostin
proteesi	proteesien
proteiini	proteiinin
protektionistinen	protektionistiset
protestanttinen	protestanttiset
protestanttiryhmä	protestanttiryhmä
proto	protot
proust	proustiin
provinssi	provinssiksi
prufrock	prufrock
prässi	prässit
prässihousut	prässihousut
prätkä	prätkiin
prätkähiiri	prätkähiiriä
pröystäillä	pröystäilemässä
psykiatri	psykiatrin
psykiatrinen	psykiatrisia
psyko	psykosta
psykologi	psykologi
psykologi	psykologina
psykologinen	psykologinen
psykopaatti	psykopaatti
psyyke	psyyken
psyykkaaminen	psyykkaamisesta
psyykkinen	psyykkinen
psyykkinen	psyykkiset
pt	pt:lle
pu	pu
pub	pubeihin
pub	pubeja
pub	pubissa
publish	publish
pudapest	pudapestiin
pudistella	pudistelee
pudistella	pudistelivat
pudota	pudonnu
pudota	pudonnut
pudota	pudota
pudota	pudotaan
pudota	pudotakseen
pudota	putoaa
pudota	putoaakin
pudota	putoamaisillaan
pudota	putoavat
pudota	putoomaan
pudota	putos
pudota	putosi
pudota	putosivat
pudottaa	pudota
pudottaa	pudotetaan
pudottaa	pudotin
pudottaa	pudottaa
pudottaa	pudottamalla
pudottaa	pudotti
pudotus	pudotusta
pudotusviiva	pudotusviivan
puh	puhin
puhakka	puhakan
puhakka	puhakka
puhallella	puhalteli
puhalluttaa	puhalluttaa
puhalluttaa	puhallutti
puhaltaa	puhallettu
puhaltaa	puhaltaa
puharila	puharilan
puhdas	puhasta
puhdas	puhdasta
puhdas	puhtaaksi
puhdas	puhtaalle
puhdas	puhtaan
puhdas	puhtaana
puhdas	puhtaat
puhdas	puhtaimmasta
puhdas	puhtaisiil
puhdas	puhtaisiin
puhdasoppinen	puhdasoppinen
puhdetyö	puhdetyönä
puhdistaa	puhdista
puhdistaa	puhdistaa
puhdistaa	puhdistavat
puhdistaminen	puhdistamiseen
puhdistamo	puhdistamo
puhdistamo	puhdistamonsa
puhdistettava	puhdistettavan
puhdistettu	puhdistetulla
puhdistua	puhdistuvat
puhe	puhe
puhe	puheeksi
puhe	puheen
puhe	puheensa
puhe	puheesi
puhe	puheessa
puhe	puheestani
puhe	puheet
puhe	puheilleni
puhe	puheissa
puhe	puheitta
puhe	puhetta
puhe	puhettaan
puhe	puhettakaan
puheen-	puheen-
puheenaihe	puheenaiheet
puheenjohtaja	puheenjohtaja
puheenjohtaja	puheenjohtajaa
puheenjohtaja	puheenjohtajaks
puheenjohtaja	puheenjohtajaksi
puheenjohtaja	puheenjohtajalle
puheenjohtaja	puheenjohtajan
puheenjohtaja	puheenjohtajana
puheenjohtaja	puheenjohtajat
puheenjohtajaehdokas	puheenjohtajaehdokkaan
puheenjohtajamaa	puheenjohtajamaa
puheenjohtajamaa	puheenjohtajamaan
puheenjohtajuuskausi	puheenjohtajuuskausi
puheenpito	puheenpito
puheenvuoro	puheenvuoro
puheenvuoro	puheenvuoroa
puheenvuoro	puheenvuoroista
puheenvuoro	puheenvuorolla
puheenvuoro	puheenvuoron
puheenvuoro	puheenvuoronsa
puheenvuoro	puheenvuorosta
puheenvuoro	puheenvuorot
puheilla	puheilla
puhekieli	puhekieli
puhekumppani	puhekumppanin
puhelias	puhelias
puhelimitse	puhelimitse
puhelin	puhelimeen
puhelin	puhelimella
puhelin	puhelimen
puhelin	puhelimenhan
puhelin	puhelimessa
puhelin	puhelimia
puhelin	puhelin
puhelin	puhelinta
puhelinhaastattelu	puhelinhaastattelussa
puhelinkeskustelu	puhelinkeskustelussa
puhelinkoppi	puhelinkoppeja
puhelinlaite	puhelinlaitetta
puhelinlasku	puhelinlaskua
puhelinlasku	puhelinlaskuja
puhelinlasku	puhelinlaskujen
puhelinlehtiö	puhelinlehtiöön
puhelinluettelo	puhelinluettelon
puhelinmarkkinointiyhtiö	puhelinmarkkinointiyhtiön
puhelinmuistio	puhelinmuistion
puhelinnumero	puhelinnumero
puhelinnumero	puhelinnumeroa
puhelinnumero	puhelinnumeroihin
puhelinnumero	puhelinnumeroista
puhelinnumero	puhelinnumeron
puhelinnumero	puhelinnumeroo
puhelinsoitto	puhelinsoitto
puhelinsoitto	puhelinsoittoja
puhelinvastaaja	puhelinvastaajaani
puhelinverkko	puhelinverkko
puhelinyhteys	puhelinyhteyksiä
puhella	puhele
puhella	puhelivat
puhelu	puhelu
puhelu	puheluissa
puhelu	puhelujen
puhemies	puhemiehen
puhemies	puhemies
puhemylly	puhemylly
puhesali	puhesalia
puheterapeutti	puheterapeutin
puheterapia	puheterapiaa
puhetilaisuus	puhetilaisuuksissa
puhetuuli	puhetuulella
puhetyyli	puhetyylinsä
puhevammainen	puhevammaisia
puhjeta	puhjenneet
puhjeta	puhkesi
puhkeaminen	puhkeaminen
puhkeaminen	puhkeamista
puhkeava	puhkeavan
puhki	puhki
puhkua	puhkui
puhtaasti	puhtaasti
puhtaus	puhtautta
puhtausnormi	puhtausnormeja
puhua	puhhuu
puhua	puhu
puhua	puhua
puhua	puhuakaan
puhua	puhuen
puhua	puhuessaan
puhua	puhui
puhua	puhuimme
puhua	puhuin
puhua	puhuisi
puhua	puhuisin
puhua	puhuisit
puhua	puhuit
puhua	puhuivat
puhua	puhuko
puhua	puhumaan
puhua	puhumas
puhua	puhumassa
puhua	puhumasta
puhua	puhumastaan
puhua	puhumatta
puhua	puhumattakaan
puhua	puhumme
puhua	puhun
puhua	puhunee
puhua	puhuneeksi
puhua	puhuneella
puhua	puhuneeni
puhua	puhuneensa
puhua	puhuneet
puhua	puhunut
puhua	puhunutkin
puhua	puhut
puhua	puhuta
puhua	puhutaal
puhua	puhutaan
puhua	puhutaankin
puhua	puhuttaisi
puhua	puhuttaisiin
puhua	puhuttava
puhua	puhutte
puhua	puhuttii
puhua	puhuttiin
puhua	puhuttu
puhua	puhuttua
puhua	puhutuille
puhua	puhuu
puhua	puhuun
puhua	puhuva
puhua	puhuvan
puhua	puhuvat
puhua	puhuvia
puhuja	puhuja
puhuja	puhujaa
puhuja	puhujalta
puhuja	puhujan
puhuminen	puhumisen
puhuminen	puhumistaan
puhuri	puhuri
puhutella	puhuttelemaan
puhuttaa	puhutat
puhuttaa	puhuttaa
puhuttava	puhuttavaa
puhututtaa	puhututa
puhveli	puhvelinsa
puida	puidaan
puikahtaa	puikahtavan
puikko	puikoilla
puinen	puinen
puinen	puiselta
puinen	puiset
puinen	puisilla
puinti	puinti
puistattaa	puistattaa
puistella	puistelevat
puisto	puisto
puisto	puistoissa
puisto	puistojen
puisto	puistoksi
puisto	puiston
puisto	puistoon
puisto	puistossa
puite	puitteet
puitteissa	puitteissa
pujotella	pujottelevat
pujottautua	pujottaudut
pukahtaa	pukahda
pukata	pukkaavat
pukea	pue
pukea	pukea
pukea	pukenut
pukea	pukevat
pukea	puki
pukea	pukipa
pukeutua	pukeutua
pukeutua	pukeutui
pukeutua	pukeutuisin
pukeutua	pukeutuneena
pukeutua	pukeutuneita
pukeutua	pukeutunut
pukeutuminen	pukeutuminen
pukeutuminen	pukeutumiseltaan
pukeutumiskulttuuri	pukeutumiskulttuuri
pukija	pukijalle
pukija	pukijoiden
pukki	pukkeineen
pukki	pukkeja
pukki	pukki
puku	puku
puku	pukua
puku	pukuja
puku	pukuko
puku	pukuun
puku	puvun
puku	puvut
pukuhuone	pukuhuoneeseen
pukuhuone	pukuhuoneessa
pukukoppi	pukukopissa
pula	pula
pula	pulaa
pula	pulaan
puliukko	puliukkoja
pulla	pullaa
pulla	pullan
pullanmuru	pullanmuruja
pullapitko	pullapitko
pulliainen	pulliainen
pulliainen	pulliaisella
pullo	pullo
pullo	pulloa
pullo	pulloineen
pullo	pulloissa
pullo	pulloja
pullo	pullon
pullo	pulloo
pullo	pullot
pulloittain	pulloittain
pullollaan	pullollaan
pullolleen	pullolleen
pullollinen	pullollisen
pullonkaula	pullonkauloihin
pulma	pulma
pulma	pulmaa
pulma	pulman
pulma	pulmia
pulmakysymys	pulmakysymyksistä
pulmallinen	pulmallisia
pulmatilanne	pulmatilanteessa
pulpetti	pulpettiin
pulpetti	pulpettinsa
pulputa	pulppuaa
pulssi	pulssi
pulssi	pulssia
pultsari	pultsareita
pultsari	pultsari
pultsari	pultsariin
pulu	puluissa
pumpuli	pumpulin
puna-	puna-
puna-musta	puna-mustaa
punainen	punainen
punainen	punaisella
punainen	punaisen
punainen	punaiset
punainen	punaisia
punainen	punaisiakin
punainen	punaista
punainen	punaisten
punainen	punanen
punainen	punasena
punainenmeri	punaisenmeren
punaisenaan	punaisenaan
punaniskala	punaniskalassa
punapamppu	punapamppu
punapaula	punapaula
punaruskea	punaruskeaa
punaruutuinen	punaruutuinen
punastua	punastu
punatiilinen	punatiilinen
punatukkainen	punatukkaisia
punavalkea	punavalkeat
punavalkoinen	punavalkoiset
punavanki	punavangit
punaviini	punaviini
punaviini	punaviiniä
punavuori	punavuoressa
punertaa	punertavaksi
punertava	punertava
punkalaidun	punkalaitumelle
punkalaidun	punkalaitumen
punkka	punkassa
punkki	punkkeja
punkki	punkki
punkku	punkkua
punnertaa	punnersi
punninta	punnintaa
punnita	punnitaan
punnita	punnitsemaan
punoittaa	punoittavat
punssi	punssia
punta	punnissa
puntari	puntar
puntari	puntarissa
puntaroida	puntaroida
puntti	puntteihin
puntti	puntteja
puntti	punttia
puola	puolan
puolanne	puolanne
puoleen	puoleen
puoleinen	puoleinen
puoleinen	puoleisen
puoleinen	puoleista
puolella	puolella
puolella	puolellahan
puolelle	puolelle
puolelta	puolelta
puolen	puolen
puolesta	puolesta
puolesta	puolestani
puolesta	puolestasi
puolestaan	puolestaan
puolestaan	puolestani
puolestapuhuja	puolestapuhujansa
puolet	puolet
puoli	pualellem
puoli	pualen
puoli	puol
puoli	puoleej
puoli	puoleen
puoli	puolela
puoli	puolella
puoli	puolelle
puoli	puolellekaan
puoli	puolelta
puoli	puolen
puoli	puolensa
puoli	puolessa
puoli	puolet
puoli	puoli
puoli	puolia
puoli	puolikin
puoli	puolilla
puoli	puolille
puoli	puolilta
puoli	puolin
puoli	puolistaan
puoli	puolta
puolia	puoliakaan
puoliammattilainen	puoliammattilaisella
puolijuoksua	puolijuoksua
puoliksi	puoliksi
puoliksi	puoliksikaan
puolikypsä	puolikypsänä
puolikäyttö	puolikäytössä
puolillaan	puolillaan
puolilleen	puolilleen
puolinen	puolisen
puolipilvinen	puolipilvistä
puolipitkä	puolipitkä
puolipukeinen	puolipukeisia
puolipäivä	puolenpäivän
puolipökerryksissä	puolipökerryksissä
puolirikollinen	puolirikollista
puolisentoista	puolisentoista
puolisko	puoliskossa
puolisko	puoliskosta
puoliso	puoliso
puoliso	puolisoineen
puoliso	puolisonsa
puoliteho	puoliteholla
puolitoista	pualtoista
puolitoista	puolentoista
puolitoista	puolitoista
puolitoistatonnia	puoltoisttonnii
puolittaa	puolittaa
puolittaa	puolitti
puolittain	puolittain
puolittaminen	puolittaminen
puolittua	puolittuu
puolittua	puolitu
puolivillainen	puolivillainen
puolivuotinen	puolivuotisena
puoliväkisin	puoliväkisin
puolivälissä	puolivälissä
puoliääneen	puoliääneen
puoltaa	puoltaa
puolue	puolue
puolue	puolueella
puolue	puolueellesi
puolue	puolueen
puolue	puolueensa
puolue	puolueessa
puolue	puolueet
puolue	puolueiden
puolue	puolueisiin
puolue	puolueissa
puolue	puolueista
puolue	puolueita
puolue	puoluetta
puolueeton	puolueeton
puolueeton	puolueetonta
puolueeton	puolueettomaksi
puolueeton	puolueettoman
puolueeton	puolueettomana
puolueettomuus	puolueettomuudelle
puoluejohtaja	puoluejohtaja
puoluejohtaja	puoluejohtajista
puoluekokous	puoluekokouksen
puoluekokous	puoluekokouksesta
puoluekokous	puoluekokous
puoluepoliittinen	puoluepoliittinen
puoluepolitiikka	puoluepolitiikka
puoluesihteeri	puoluesihteeri
puoluesihteeri	puoluesihteeriksi
puoluetoimikunta	puoluetoimikunnasta
puoluetoiminta	puoluetoimintaan
puoluetoveri	puoluetoverisi
puolueväki	puolueväen
puolukka	puolukka
puolukka	puolukoita
puolukkapuuro	puolukkapuuroa
puolustaa	puolustaa
puolustaa	puolustamaan
puolustaa	puolustanut
puolustaa	puolustavat
puolustaa	puolustetaan
puolustaa	puolustettavan
puolustaa	puolustettiin
puolustaa	puolusti
puolustaja	puolustaja
puolustaja	puolustajat
puolustaminen	puolustaminen
puolustella	puolustelee
puolustella	puolustelkoot
puolusteltava	puolusteltavaa
puolustus	puolustuksen
puolustus	puolustus
puolustuskyvytön	puolustuskyvyttömiä
puolustusministeri	puolustusministeri
puolustusministeri	puolustusministerille
puolustusministeri	puolustusministerin
puolustusministerikokous	puolustusministerikokouksessa
puolustusoppi	puolustusoppinsa
puolustusulottuvuus	puolustusulottuvuuden
puolustusvoimat	puolustusvoimain
puolustusvoimat	puolustusvoimat
puomi	puomein
puoshaka	puoshaoilla
puoskaroida	puoskaroituun
puotiapulainen	puotiapulainen
puotinharju	puotinharjussa
puputtaa	puputtaa
puraisija	puraisijan
puraista	puraisi
puraista	puraissut
pureksia	pureksi
pureskella	pureskeltu
pureutua	pureutua
pureutua	pureutuneen
purinsuo	purinsuolla
puristaa	purista
puristaa	puristaa
puristaa	puristamaan
puristaa	puristatko
puristaa	puristavat
puristaa	puristi
puristus	puristuksen
purje	purjeitaan
purjealus	purjealus
purjehdus	purjehdukselle
purjehdus	purjehdus
purjehtia	purjehdittu
purjehtia	purjehtia
purjehtia	purjehtimaan
purjehtia	purjehtisi
purjehtija	purjehtijaa
purjelaiva	purjelaivaa
purjelaivasäätiö	purjelaivasäätiölle
purkaa	purettavaa
purkaa	purettavaksi
purkaa	purettiin
purkaa	purettu
purkaa	purettua
purkaa	purkaa
purkaa	purkamaan
purkaa	purkamattomia
purkaminen	purkaminen
purkaus	purkauksessa
purkaus	purkaukset
purkautua	purkautuivat
purkautua	purkautuu
purkinavaaja	purkinavaajien
purkittaa	purkitettuina
purkki	purkin
purkki	purkki
purkki	purkkia
purkkiruoka	purkkiruuista
purkkitolkulla	purkkitolkulla
purku	purku
puronen	purosen
purra	pure
purra	purevat
purra	purivat
purra	purrut
purra	purtavaksi
purra	purtavia
pursiainen	pursiaisen
purskahtaa	purskahtamaisillani
pursottaa	pursottanut
pursuta	pursusivat
purukumibisnes	purukumibisneksessä
pururata	pururata
pusakka	pusakkansa
pusero	pusero
pusero	puseroon
pusero	puserosi
puserrus	puserruksessa
pusikko	pusikossa
puskapilotti	puskapilotilta
puskas	puskasin
puskea	puski
puskea	puskivat
pussailla	pussailimme
pussata	pussaa
pussi	pussista
pussi	pussistani
pussi	pussit
pussieläin	pussieläin
putin	putinin
putka	putkassa
putkahdella	putkahtelee
putkahtaa	putkahtaa
putkahtaa	putkahtaessa
putkahtaa	putkahti
putki	putkeen
putki	putken
putki	putkesta
putki	putket
putki	putkia
putkinotko	putkinotko
putkonen	putkonen
putoamisvaara	putoamisvaarassa
putoilla	putoilee
putoilla	putoilevat
putoilla	putoillut
putsaantua	putsaantuu
putsailla	putsaillu
putsain	putsain
putsautua	putsautunu
puu	puiden
puu	puihin
puu	puiksi
puu	puille
puu	puissa
puu	puista
puu	puita
puu	puitanne
puu	puuhu
puu	puuhun
puu	puuj
puu	puulla
puu	puun
puu	puunsa
puu	puusta
puu	puustako
puu	puut
puu	puuta
puu-	puu-
puuala	puualalla
puuduttava	puuduttavan
puuha	puuhaa
puuha	puuhassa
puuhailla	puuhailee
puuhailla	puuhailin
puuhailla	puuhaillessa
puuhailla	puuhaillu
puuharava	puuharava
puuhata	puuhaa
puuhata	puuhaan
puuhata	puuhata
puukirkko	puukirkoista
puukko	puukko
puukko	puukkoa
puukko	puukolla
puukko	puukon
puukko	puukossa
puukko	puukosta
puukkotehtailija	puukkotehtailijaa
puukonisku	puukoniskusta
puukonisku	puukoniskuun
puukottaminen	puukottamisesta
puuleikkaus	puuleikkaukset
puulelu	puuleluista
puulämmitteinen	puulämmitteinen
puunmyyntilakko	puunmyyntilakko
puuosa	puuosat
puuosa	puuosia
puupalkki	puupalkeista
puupinta	puupinnat
puupponen	puupposen
puurakenne	puurakenne
puurakentaminen	puurakentamisessa
puuram	puuram
puuro	puuro
puuro	puuron
puurtaa	puurtanut
puuseppä	puuseppä
puuseppä	puusepäksi
puuskahtaa	puuskahti
puuskuttaa	puuskutti
puustinen	puustinen
puusto	puustoa
puutalo	puutalo
puutalokortteli	puutalokortteleiden
puutarha	puutarha
puutarha	puutarhassa
puutarha-uutinen	puutarha-uutisten
puutarhamarja	puutarhamarjat
puutarhapalsta	puutarhapalsta
puutarhuri	puutarhuria
puute	puute
puute	puutetta
puute	puutteen
puute	puutteeseen
puute	puutteessa
puute	puutteesta
puute	puutteet
puutiainen	puutiainen
puutietokeskus	puutietokeskuksen
puutos	puutos
puutteellinen	puutteellinen
puutteellinen	puutteellista
puutteellisesti	puutteellisesti
puuttua	puuttua
puuttua	puuttuessaan
puuttua	puuttui
puuttua	puuttuisi
puuttua	puuttumaan
puuttua	puuttumalla
puuttua	puuttumasta
puuttua	puuttumatta
puuttua	puuttuu
puuttua	puuttuvan
puuttua	puuttuvat
puuttua	puutu
puuttua	puututaanhan
puuttua	puututaanko
puuttuminen	puuttuminen
puuttuminen	puuttumisen
puutua	puudu
puuvarasto	puuvarastot
puuveistos	puuveistoksia
puuvene	puuveneitä
puuvenemessu	puuvenemessujen
puuvillainen	puuvillaiseen
puuvillaloimi	puuvillaloimeen
pv	pv
pyhimys	pyhimys
pyhä	pyhinä
pyhä	pyhä
pyhä	pyhälle
pyhä	pyhän
pyhä	pyhät
pyhä	pyhää
pyhäinjäännös	pyhäinjäännöksille
pyhäjärvi	pyhäjärvestä
pyhäjärvinen	pyhäjärvinen
pyhätakki	pyhätakin
pyhävaate	pyhävuattees
pyjama	pyjama
pyjama	pyjamaan
pykälä	pykälä
pylly	pylly
pylväikkö	pylväikön
pylväs	pylväitten
pylväs	pylvästä
pylväskäytävä	pylväskäytävissä
pynttääntyä	pynttääntyneitä
pyramidi	pyramidit
pyrkimys	pyrkimyksen
pyrkimys	pyrkimyksenä
pyrkimys	pyrkimyksiin
pyrkimys	pyrkimyksille
pyrkimys	pyrkimyksiä
pyrkimys	pyrkimyksiään
pyrkimys	pyrkimys
pyrkiä	pyri
pyrkiä	pyrimme
pyrkiä	pyrin
pyrkiä	pyrittiin
pyrkiä	pyritty
pyrkiä	pyrittykin
pyrkiä	pyrittävä
pyrkiä	pyrittävän
pyrkiä	pyritään
pyrkiä	pyrkii
pyrkiä	pyrkineet
pyrkiä	pyrkiny
pyrkiä	pyrkinyt
pyrkiä	pyrkinytkään
pyrkiä	pyrkisi
pyrkiä	pyrkivän
pyrkiä	pyrkivät
pyrkiä	pyrkiä
pyryttää	pyrytti
pyryttää	pyryttänyt
pyssy	pyssy
pystyasento	pystyasennossa
pystyasento	pystyasentoon
pystykorva	pystykorvan
pystykuilu	pystykuilua
pystymetsä	pystymetsästä
pystyssä	pystyssä
pystyssä	pystös
pystysuunta	pystysuunnassa
pystyttää	pystytetty
pystyttää	pystytetyksi
pystyyn	pystyyn
pystyä	pysty
pystyä	pystyi
pystyä	pystyimme
pystyä	pystyisi
pystyä	pystyisin
pystyä	pystymme
pystyä	pystyn
pystyä	pystyneet
pystyä	pystynyt
pystyä	pystyttävä
pystyä	pystytä
pystyä	pystyvänsä
pystyä	pystyvät
pystyä	pystyy
pystyä	pystyykö
pystyä	pystyä
pysytellä	pysyttelee
pysytellä	pysyttelemään
pysytellä	pysytteli
pysyvä	pysyvä
pysyvä	pysyvää
pysyvästi	pysyvästi
pysyä	pysy
pysyä	pysyi
pysyä	pysyisi
pysyä	pysyittekö
pysyä	pysyivät
pysyä	pysykää
pysyä	pysyköön
pysyä	pysynee
pysyä	pysyneet
pysyä	pysynyt
pysyä	pysytään
pysyä	pysyvän
pysyä	pysyvät
pysyä	pysyy
pysyä	pysyä
pysyä	pysyäkseen
pysähdys	pysähdykseen
pysähdys	pysähdyksestä
pysähtyminen	pysähtyminen
pysähtyä	pysähtyi
pysähtyä	pysähtymään
pysähtyä	pysähtyneenä
pysähtyä	pysähtyneeseen
pysähtyä	pysähtynyt
pysähtyä	pysähtyvän
pysähtyä	pysähtyy
pysähtyä	pysähtyä
pysäkki	pysäkille
pysäkki	pysäkillä
pysäköidä	pysäköitävä
pysäköintitila	pysäköintitila
pysäyttää	pysäytetään
pysäyttää	pysäytti
pysäyttää	pysäyttäessä
pysäyttää	pysäyttää
pysäytys	pysäytys
pytty	pytyn
pytty	pytyssä
pyy	pyy
pyydellä	pyydellyt
pyydystää	pyydystää
pyyhe	pyyhe
pyyhe	pyyhkeellä
pyyhe	pyyhkeen
pyyhkiä	pyyhin
pyyhkiä	pyyhkii
pyyhkiä	pyyhkinyt
pyyhkäistä	pyyhkäisin
pyyhkäistä	pyyhkäisty
pyyhkäistä	pyyhkäs
pyykinpesukone	pyykinpesukone
pyykki	pyykillä
pyykki	pyykit
pyykki	pyykki
pyykkipoika	pyykkipojilla
pyykkö	pyykkö
pyynikki	pyynikillä
pyynikki	pyynikin
pyyntilupa	pyyntilupaa
pyyntivesi	pyyntivesiä
pyyntö	pyynnön
pyyteettömästi	pyyteettömästi
pyyteetön	pyyteetön
pyytäjä	pyytäjiä
pyytää	pyydettiin
pyytää	pyydetty
pyytää	pyydettäessä
pyytää	pyydetään
pyytää	pyydä
pyytää	pyydämme
pyytää	pyydän
pyytää	pyydänks
pyytää	pyydät
pyytää	pyydätte
pyytää	pyysi
pyytää	pyysin
pyytää	pyytäisi
pyytää	pyytäisin
pyytää	pyytämättä
pyytää	pyytämään
pyytää	pyytäny
pyytää	pyytänyt
pyytää	pyytää
pyytää	pyyvät
pyöreä	pyöreän
pyöristäjä	pyöristäjäksi
pyöritellä	pyöritelty
pyöritellä	pyöriteltävä
pyöritellä	pyöritteli
pyöriä	pyöri
pyöriä	pyörii
pyöriä	pyörimässä
pyöriä	pyörineen
pyöriä	pyörinyt
pyöriä	pyörivät
pyörryksiin	pyörryksiin
pyörteillä	pyörteilee
pyörtyä	pyörtyisit
pyörtyä	pyörtynyt
pyörä	pyörien
pyörä	pyörissä
pyörä	pyöriä
pyörä	pyörä
pyörä	pyörälle
pyörä	pyörällääm
pyörä	pyörän
pyörä	pyöräni
pyörä	pyörästä
pyörä	pyörää
pyörähtää	pyörähti
pyöräilijä	pyöräilijät
pyöräilijä	pyöräilijää
pyöräilijä	pyöräilijöitä
pyöräillä	pyöräilen
pyöräillä	pyöräilevä
pyöräillä	pyöräilin
pyöräilykenkä	pyöräilykenkiä
pyöräilykypärä	pyöräilykypärän
pyöräjarru	pyöräjarruja
pyöräliikenne	pyöräliikenne
pyöräteline	pyörätelineellä
pyörätie	pyöräteitä
pähkinä	pähkinä
päihde	päihteiden
päihde	päihteistä
päihdeklinikka	päihdeklinikan
päihtynyt	päihtyneet
päijänne	päijänteen
päijänne-tunneli	päijänne-tunnelin
päin	päi
päin	päin
päin	päinkään
päinvastainen	päinvastainen
päinvastainen	päinvastaisia
päinvastainen	päinvastaista
päinvastoin	päin
päinvastoin	päinvastoin
päissään	päissään
päivi	päivi
päivi	päiville
päivikki	päivikki
päivitellä	päivitelleet
päivitellä	päivitellä
päivitellä	päivitellään
päivitellä	päivittelee
päivitellä	päivittelemään
päivitellä	päivitteli
päivittely	päivittely
päivittäin	päivittäin
päivittäinen	päivittäinen
päivittäinen	päivittäisten
päivitys	päivitysten
päivystys	päivystyksiä
päivystää	päivystävän
päivyt	päivyen
päivä	päivien
päivä	päiville
päivä	päivillä
päivä	päivillään
päivä	päivin
päivä	päivineen
päivä	päivinä
päivä	päiviä
päivä	päivä
päivä	päiväksi
päivä	päiväkään
päivä	päivälle
päivä	päivällä
päivä	päivälläkin
päivä	päivältä
päivä	päivän
päivä	päivänkin
päivä	päivänkään
päivä	päivänsä
päivä	päivänä
päivä	päivänäkö
päivä	päiväs
päivä	päivässä
päivä	päivästä
päivä	päivät
päivä	päivää
päivä	päivääkään
päivä	päivään
päivä-	päivä-
päivähoito	päivähoidon
päivähoitokustannus	päivähoitokustannuksineen
päivähoitola	päivähoitolassa
päivähoitoseteli	päivähoitoseteli
päivähoitotilanne	päivähoitotilanne
päiväkirja	päiväkirjaa
päiväkoti	päiväkodeille
päiväkoti	päiväkodin
päiväkoti	päiväkotiin
päiväkoti-ikäinen	päiväkoti-ikäisille
päiväkotilapsi	päiväkotilasten
päiväkäsky	päiväkäskyn
päivälehti	päivälehdessä
päivällinen	päivällinen
päivällinen	päivälliselle
päivällinen	päivällisellä
päivällinen	päivälliset
päivällinen	päivällistä
päivälukio	päivälukiossa
päivämäärä	päivämäärät
päivämäärä	päivämäärää
päivänjatko	päivänjatkoa
päivänkakkara	päivänkakkara
päivänkakkara	päivänkakkaraksi
päivänkakkara	päivänkakkaran
päivänpolitiikka	päivänpolitiikan
päivänsankari	päivänsankari
päiväperho	päiväperho
päiväraha	päivärahaa
päiväraha	päivärahan
päiväraha	päivärahoja
päiväsakko	päiväsakon
päiväseltään	päiväseltään
päivätä	päivätty
päivätä	päivätä
päivävireys	päivävireys
pälkäne	pälkäneelle
pälkäneläinen	pälkäneläisestä
pällistellä	pällistelemään
päntätä	pänttäät
pärjätä	pärjänneet
pärjätä	pärjännyt
pärjätä	pärjätä
pärjätä	pärjää
pärjätä	pärjäämään
pärjätä	pärjääväni
pärjätä	pärjääväsi
pärjätä	pärjäävät
pärske	pärskeillä
pässi	pässi
pätevyys	pätevyys
pätevä	pätevin
pätevä	päteviä
pätevä	pätevänä
pätevä	pätevät
pätevä	pätevää
pätevöityä	pätevöityi
päteä	pätee
päteä	pätemättömiksi
päteä	pätemätöntä
pätkiä	pätkimme
pätkä	pätkä
pätkä	pätkääkään
pätynen	pätynen
pää	päin
pää	päitä
pää	päitään
pää	pää
pää	päähän
pää	päähäni
pää	päällään
pää	päämme
pää	pään
pää	pääni
pää	päänsä
pää	päänä
pää	pääs
pää	päässä
pää	päässään
pää	päästä
pää	päästään
pää	päät
pää	päätä
pää	päätäni
pää	päätänsä
pää	päätään
pää-	pää-
pääaihe	pääaihe
pääaine	pääaineen
pääarkkitehti	pääarkkitehdiksi
pääasia	pääasia
pääasia	pääasiaan
pääasiallinen	pääasialliset
pääasiassa	pääasiassa
pääelinkeino	pääelinkeino
päähenkilö	päähenkilö
päähuomio	päähuomionsa
päähän	päähän
pääjohtaa	pääjohtama
pääjohtaja	pääjohtaja
pääjohtaja	pääjohtajaa
pääjohtaja	pääjohtajat
pääjohtajakilpa	pääjohtajakilvan
pääjoukko	pääjoukot
pääjuhla	pääjuhlaan
pääjuhla	pääjuhlassa
pääjänne	pääjännettä
pääkallo	pääkalloja
pääkaupunki	pääkaupungikseen
pääkaupunki	pääkaupungin
pääkaupunki	pääkaupungista
pääkaupunki	pääkaupunkeina
pääkaupunki	pääkaupunki
pääkaupunki	pääkaupunkia
pääkaupunki	pääkaupunkiin
pääkaupunkiseutu	pääkaupunkiseudulle
pääkaupunkiseutu	pääkaupunkiseudun
pääkemisti	pääkemistin
pääkenttä	pääkentille
pääkeskus	pääkeskus
pääkilpailu	pääkilpailuissa
pääkohta	pääkohdan
pääkonna	pääkonnat
pääkonttori	pääkonttoriin
päälaji	päälajina
päälaki	päälaelle
päälle	päälle
päälle	päälleen
päälle	päällemme
päälle	päälles
päällikkö	päällikkönä
päällimmäinen	päällimmäisenä
päällimmäinen	päällimmäisin
päällinen	päällisessä
päällinen	päällisin
päällystakki	päällystakkia
päällystysurakka	päällystysurakka
päällystää	päällystämään
päällystö	päällystön
päällä	pääl
päällä	päällä
päältä	päältä
pääluottamusmies	pääluottamusmies
päämies	päämies
päämies	päämiesten
pääministeri	pääministeri
pääministeri	pääministeriksi
pääministeri	pääministerille
pääministeri	pääministeriltäkin
pääministeri	pääministerin
pääministeri	pääministerinä
pääministeri	pääministeriä
pääministeriehdokas	pääministeriehdokkaaksi
pääministeripari	pääministeriparin
päämäärä	päämääriin
päämäärä	päämäärä
päämäärä	päämääränsä
päämäärä	päämääränä
päämäärätön	päämäärätöntä
päänsärky	päänsärky
päänsärky	päänsärkyä
päänsärky	päänsärkyäkin
päänsärky	päänsäryn
päänsärky	päänsäryssä
pääntuki	pääntuki
pääoma	pääomaa
pääoma	pääomat
pääomatuloverokanta	pääomatuloverokanta
pääomistaja	pääomistajaksi
pääoppositiopuolue	pääoppositiopuolue
pääosa	pääosa
pääosa	pääosassa
pääosa	pääosin
pääosanesittäjä	pääosanesittäjä
pääposti	pääpostia
pääposti	pääpostissa
pääruoka	pääruokana
pääruokasali	pääruokasali
päärynä	päärynöitä
pääsarja	pääsarjassa
pääselitys	pääselitys
pääsellainen	pääsellaiset
pääsihteeri	pääsihteeri
pääsihteeri	pääsihteerille
pääsiäinen	pääsiäinen
pääsiäinen	pääsiäisenä
pääsiäinen	pääsiäistä
pääsiäismaanantai	pääsiäismaanantaina
pääsiäistipu	pääsiäistipuja
pääsky	pääskyjen
pääsky	pääskyt
pääskynen	pääskynen
päässä	päässä
päästä	pääs
päästä	pääse
päästä	pääsee
päästä	pääseekö
päästä	pääsekään
päästä	pääsemme
päästä	pääsemässä
päästä	pääsemään
päästä	pääsen
päästä	pääset
päästä	pääsetkö
päästä	pääseväni
päästä	pääsevät
päästä	pääsi
päästä	pääsimme
päästä	pääsin
päästä	pääsinki
päästä	pääsisi
päästä	pääsisimmepä
päästä	pääsisin
päästä	pääsivät
päästä	päässeensä
päästä	päässeet
päästä	päässet
päästä	päässy
päästä	päässyt
päästä	päässytkään
päästä	päästen
päästä	päästessä
päästä	päästiin
päästä	päästy
päästä	päästyn
päästä	päästyä
päästä	päästyään
päästä	päästyäänkin
päästä	päästä
päästä	päästäkkää
päästä	päästäkseen
päästä	päästäpä
päästä	päästävän
päästä	päästään
päästä	päästäänhän
päästää	päästettiin
päästää	päästi
päästää	päästit
päästää	päästä
päästää	päästäkö
päästää	päästämättä
päästää	päästäneet
päästää	päästänyt
päästää	päästäpä
päästää	päästävän
päästää	päästää
pääsy	pääsy
pääsy	pääsyn
pääsykoe	pääsykokeisiin
pääsylippu	pääsylippu
pääsylippu	pääsyliput
pääsyy	pääsyy
pääsyy	pääsyynä
pääsääntöisesti	pääsääntöisesti
päätalo	päätalon
päätalo-näytelmä	päätalo-näytelmä
pääte	päätteeksi
päätehtävä	päätehtävänä
päätekijä	päätekijä
päätellä	päätellen
päätellä	päätellä
päätellä	päättelee
päätelmä	päätelmiä
pääteltävästi	pääteltävästi
päätepysäkki	päätepysäkillä
päätevahvistin	päätevahvistimien
päätie	päätie
päätie	päätielle
päätodistaja	päätodistaja
päätoimi	päätoimea
päätoiminen	päätoiminen
päätoiminen	päätoimiseksi
päätoiminen	päätoimisen
päätoimisesti	päätoimisesti
päätoimittaja	päätoimittaja
päätteeksi	päätteeksi
päättely	päättelynsä
päättely	päättelyä
päättelykyky	päättelykyky
päättyminen	päättyminen
päättyminen	päättymistä
päättyä	päättyessä
päättyä	päättyi
päättyä	päättyneen
päättyä	päättynyt
päättyä	päättyvän
päättyä	päättyvät
päättyä	päättyy
päättyä	päättyäkseen
päättyä	päätyttyä
päättäjä	päättäjien
päättäjä	päättäjiltä
päättäjä	päättäjiä
päättäjä	päättäjät
päättäjäinen	päättäjäiset
päättäjäinen	päättäjäisissä
päättäminen	päättämiseen
päättävä	päättävät
päättäväinen	päättäväiseen
päättäväisyys	päättäväisyys
päättäväisyys	päättäväisyyttä
päättää	päätettiin
päättää	päätetty
päättää	päätettäisiin
päättää	päätettäneen
päättää	päätettävissänne
päättää	päätetään
päättää	päätimme
päättää	päätin
päättää	päätinkin
päättää	päätti
päättää	päättivät
päättää	päättäkää
päättää	päättämään
päättää	päättäneet
päättää	päättäny
päättää	päättänyt
päättää	päättää
päätuote	päätuote
pääty	päädyssä
pääty	päätyyn
päätyä	päädyin
päätyä	päädyit
päätyä	päätyen
päätyä	päätyi
päätyä	päätyy
päätyä	päätyä
päätähti	päätähden
päätäntävalta	päätäntävalta
päätöksenteko	päätöksenteko
päätöksenteko	päätöksentekoon
päätöksenteko	päätöksenteon
päätöksenteko-ongelma	päätöksenteko-ongelmia
päätös	päätökseen
päätös	päätökselle
päätös	päätöksellä
päätös	päätöksen
päätös	päätöksensä
päätös	päätökset
päätös	päätöksistä
päätös	päätöksiä
päätös	päätös
päätös	päätösten
päätös	päätöstä
päätös	päätöstäsi
päätösjuhla	päätösjuhlassa
päätöskierros	päätöskierroksella
päätösluettelo	päätösluetteloon
päätösvalta	päätösvalta
päätösvalta	päätösvaltaa
pääuoma	pääuoman
pääurakoitsija	pääurakoitsijan
päävalmentaja	päävalmentaja
päävastuu	päävastuu
pöhl	pöhl
pökerryksissä	pökerryksissä
pöksyt	pöksyt
pölistä	pölisi
pöllänen	pöllästä
pölläyttää	pölläytti
pöllölaakso	pöllölaakso
pöly	pölyksi
pöly	pölyn
pöly	pölyä
pölyttyä	pölyttymästä
pölähtää	pölähtää
pöläys	pöläystä
pönkkäalushame	pönkkäalushameet
pönttö	pönttöön
pöpö	pöpöjä
pörhöllään	pörhöllään
pörröllään	pörröllään
pörssi	pörssin
pörssikesäleiri	pörssikesäleirinsä
pörssikurssi	pörssikurssien
pörssivuosi	pörssivuosi
pötkiä	pötki
pöty	pötyä
pöysti	pöysti
pöytä	pöydille
pöytä	pöydillä
pöytä	pöydissä
pöytä	pöydälle
pöytä	pöydälleen
pöytä	pöydällä
pöytä	pöydältä
pöytä	pöydän
pöytä	pöydässä
pöytä	pöydästä
pöytä	pöydät
pöytä	pöytien
pöytä	pöytä
pöytä	pöytäni
pöytä	pöytää
pöytä	pöytään
pöytä	pöytääni
pöytäjalusta	pöytäjalusta
pöytäkirja	pöytäkirjaan
pöytäkirjaprintti	pöytäkirjaprintin
pöytäliina	pöytäliinaan
pöytäliina	pöytäliinassa
pöytämikro	pöytämikron
pöytätoveri	pöytätovereiden
quebec	quebecin
queen	queen
queen	queenin
quijote	quijote
quijote	quijoten
quiro	quirot
r	r
r-kioski	r-kioski
raadanta	raadantaa
raadella	raatelemat
raadonsyöjä	raadonsyöjä
raahata	raahasivat
raahata	raahaten
raahe	raahen
raaja	raajat
raaja	raajoistaan
raaka	raa'an
raaka	raaka
raaka	raakana
raaka	raakoja
raaka-aine-	raaka-aine-
raakalainen	raakalainen
raakatupakkapötkö	raakatupakkapötköön
raakile	raakileidenkin
raakki	raakit
raakkua	raakkumalla
raamattu	raamattua
raamatullinen	raamatullista
raana	raanasta
raapia	raapia
raapia	raapii
raapia	raapimaan
raapia	raapivan
raapima	raapimia
raapustella	raapustella
raaskia	raaskii
raastua	raastuvat
raastupa	raastupaan
raastuvanoikeus	raastuvanoikeus
raataa	raataa
raataa	raatoi
raati	raadin
raati	raadissa
raati	raati
raati	raatiin
raatihuone	raatihuone
raatihuone	raatihuoneella
raatikko	raatikon
raato	raatoja
raatsia	raatsi
rabin	rabinin
rac	rac:hen
radik-	radik-
radikaali	radikaali
radikaali	radikaalia
radikaali	radikaalilta
radikaali	radikaalina
radikalismi	radikalismin
radio	radio
radio	radiollekin
radio	radion
radio	radiossa
radio-	radio-
radio-ohjelma	radio-ohjelmastaan
radioaktiivinen	radioaktiivinen
radioaktiivisuus	radioaktiivisuuden
radioamatööri	radioamatöörien
radiobisnes	radiobisnes
radioeläin	radioeläin
radioitse	radioitse
radiolinja	radiolinjalla
radiopuhe	radiopuheet
radiouutinen	radiouutisten
radonpitoisuus	radonpitoisuus
raejuusto	raejuustoa
ragga	ragga
ragnar	ragnar
raha	raha
raha	rahaa
raha	rahaakaan
raha	rahaakin
raha	rahaan
raha	rahahan
raha	rahalla
raha	rahalle
raha	rahan
raha	rahanne
raha	rahansa
raha	rahasi
raha	rahasta
raha	rahat
raha	rahatat
raha	rahatkinhan
raha	rahatta
raha	rahoillansa
raha	rahoja
raha	rahojaan
raha	rahojen
raha-	raha-
rahaliitto	rahaliiton
rahallinen	rahallinen
rahallinen	rahallisen
rahamaailma	rahamaailma
rahamarkkina	rahamarkkinat
rahamarkkina	rahamarkkinoille
rahamies	rahamiehet
rahanjako	rahanjaossa
rahankeräyslaki	rahankeräyslain
rahankiinnitys	rahankiinnitystä
rahanpuute	rahanpuutteen
rahanväärennös	rahanväärennökset
rahapalkinto	rahapalkinto
rahapeli	rahapeliä
rahapiiri	rahapiirien
rahapula	rahapula
rahapula	rahapulan
rahapussi	rahapussi
rahapussi	rahapussin
rahareppu	raharepun
rahasampo	rahasampo
rahastaa	rahastaa
rahastustilaisuus	rahastustilaisuus
rahasumma	rahasummaa
rahauudistus	rahauudistuksen
rahavirta	rahavirroista
rahista	rahista
rahje	rahkeet
rahjustaa	rahjustamaan
rahkapiirakka	rahkapiirakoihinkin
rahoittaa	rahoittaa
rahoittaa	rahoittamaan
rahoittaa	rahoittanut
rahoitus	rahoitukseen
rahoitus	rahoituksen
rahoitus	rahoituksesta
rahoitus	rahoitusta
rahoitusesitys	rahoitusesityksistä
rahoitusmuoto	rahoitusmuotona
rahoitusongelma	rahoitusongelmien
rahoituspäätös	rahoituspäätöksiin
rahoitustilanne	rahoitustilanteemme
rahtilaiva	rahtilaivalla
rahtiliikenne	rahtiliikenteestä
raidam	raidam
raide	raiteelle
raide	raiteelta
raide	raiteilla
raide	raiteilta
raide	raiteiltaan
raihnainen	raihnainen
raihnainen	raihnaisia
raija	raija
raija	raijalle
raija	raijan
raikas	raikas
raikas	raikasta
raikas	raikkaalla
raikas	raikkaan
raikas	raikkaisiin
raikastaa	raikastamassa
raikua	raikuvat
railakas	railakkaampi
railakas	railakkaat
raili	railin
raimo	raimo
raimo	raimollekin
rainio	rainio
raippa	raippoja
raisio	raision
raiskaaja	raiskaajansa
raiskata	raiskata
raiskaus	raiskauksista
raiskinen	raiskisen
raitiolinja	raitiolinja
raitiovaunu	raitiovaunun
raitiovaunu	raitiovaunut
raitiovaunu	raitiovaunuun
raitiovaunualue	raitiovaunualueelta
raitis	raitista
raitis	raittiita
raitti	raitilla
raivaaminen	raivaamisen
raivata	raivattavaksi
raivata	raivattiin
raivaus	raivausta
raivio	raivio
raivio	raiviolle
raivio	raivion
raivio	raiviosta
raivo	raivoa
raivo	raivollani
raivo	raivosta
raivohärkä	raivohärkä
raivoihinsa	raivoihinsa
raivoisa	raivoisa
raivokkaammin	raivokkaammin
raivostua	raivostui
raivostua	raivostumaan
raivota	raivosi
raja	raja
raja	rajaa
raja	rajalla
raja	rajalle
raja	rajan
raja	rajansa
raja	rajat
raja	rajoja
raja	rajojaan
raja	rajojen
raja-arvo	raja-arvon
raja-asema	raja-aseman
rajallinen	rajallinen
rajamaa	rajamaa
rajamäki	rajamäen
rajankäynti	rajankäynnistä
rajata	rajata
rajaton	rajattomaan
rajatorpantie	rajatorpantien
rajaus	rajaus
rajavartioasema	rajavartioasema
rajiv	rajiv
rajoittua	rajoittuivat
rajoitus	rajoituksetta
rajoitus	rajoituksia
rajoitus	rajoituksilla
rajoitus	rajoitus
raju	raju
raju	rajua
raju	rajuja
raju	rajujen
raju	rajun
raju	rajuun
rajumyrsky	rajumyrskyssä
rajusti	rajusti
rajuus	rajuudesta
rakas	rakas
rakas	rakasta
rakas	rakkaat
rakas	rakkain
rakastaa	rakasta
rakastaa	rakastaa
rakastaa	rakastakaa
rakastaa	rakastamme
rakastaa	rakastan
rakastaa	rakastanut
rakastaa	rakastat
rakastaa	rakastatko
rakastaa	rakastavat
rakastaa	rakasti
rakastaa	rakastikin
rakastaa	rakastin
rakastajatar	rakastajattaren
rakastettu	rakastettunsa
rakastua	rakastu
rakastua	rakastui
rakastua	rakastuin
rakastua	rakastunut
rakastua	rakastuttu
rakastunut	rakastunut
rake	rakessa
rake	rakestaki
rakel	rakel
rakenne	rakenne
rakenne	rakennetta
rakenne	rakenteessa
rakennelma	rakennelmasta
rakennelma	rakennelmat
rakennemuutos	rakennemuutoksista
rakennevika	rakennevika
rakennus	rakennuksen
rakennus	rakennuksessa
rakennus	rakennukset
rakennus	rakennuksia
rakennus	rakennus
rakennus	rakennusta
rakennus	rakennusten
rakennus-	rakennus-
rakennusala	rakennusalan
rakennushomma	rakennushommilta
rakennuslaki	rakennuslain
rakennusliike	rakennusliike
rakennuspalikka	rakennuspalikoista
rakennuspuu	rakennuspuut
rakennusteknisesti	rakennusteknisesti
rakennustuotanto	rakennustuotannosta
rakennustyömaa	rakennustyömaalle
rakennustyömies	rakennustyömiesten
rakennusvaihe	rakennusvaiheessa
rakennuttaa	rakennuttaisi
rakennuttaa	rakennuttaneet
rakentaa	rakenna
rakentaa	rakennetaan
rakentaa	rakennettaisiin
rakentaa	rakennettaneen
rakentaa	rakennettava
rakentaa	rakennettavan
rakentaa	rakennettavasta
rakentaa	rakennettiin
rakentaa	rakennettiinkin
rakentaa	rakennettu
rakentaa	rakennettua
rakentaa	rakennetun
rakentaa	rakensi
rakentaa	rakensimme
rakentaa	rakensivat
rakentaa	rakentaa
rakentaa	rakentaessaan
rakentaa	rakentama
rakentaa	rakentamaan
rakentaa	rakentamalla
rakentaa	rakentamassa
rakentaa	rakentaneensa
rakentaa	rakentaneet
rakentaa	rakentanut
rakentaa	rakentavalla
rakentaa	rakentavat
rakentaja	rakentajat
rakentaja	rakentajilla
rakentaminen	rakentaminen
rakentaminen	rakentamiseen
rakentaminen	rakentamisen
rakentaminen	rakentamisessa
rakentaminen	rakentamista
rakentamislupa	rakentamisluvan
rakentava	rakentavaa
rakenteilla	rakenteilla
rakenteille	rakenteille
rakentua	rakentua
rakentua	rakentui
rakentua	rakentunut
rakentua	rakentuu
rakkaus	rakkaudella
rakkaus	rakkaudellaan
rakkaus	rakkauden
rakkaus	rakkaudesta
rakkaus	rakkaudestako
rakkaus	rakkaus
rakkaus	rakkauteen
rakkaus	rakkauteni
rakkaus	rakkautta
rakkaus	rakkauttaan
rakkaus	rakkauttani
rakkauskirje	rakkauskirjeen
rakkauskohtaus	rakkauskohtaus
rakkausprosenttilaskuri	rakkausprosenttilaskurin
rakkausromaani	rakkausromaania
rakkausviihde	rakkausviihdettä
ralf	ralf
ralli	ralleista
ralli	ralleja
ralliautoilu	ralliautoilun
rallikuski	rallikuski
rallimestari	rallimestari
ram-muisti	ram-muistin
rami	ramin
rampa	rampoja
rampata	ramppaa
rangaista	rangaistaan
rangaista	rangaistiin
rangaista	rankaisematta
rangaistus	rangaistukseksi
rangaistus	rangaistuksensa
rangaistus	rangaistuksina
rangaistus	rangaistus
rangaistus	rangaistusta
rangaistuslaukaus	rangaistuslaukauksen
rangoon	rangoonissa
ranin	ranin
rankila	rankilan
rankka	rankan
rankka	rankimman
rankka	rankkaa
rankki	rankin
ranne	ranteen
rannekello	rannekello
rannemmaksi	rannemmaksi
rannikko	rannikko
rannikko	rannikoita
rannikko	rannikot
rannikkomurre	rannikkomurre
rannikkopatteristo	rannikkopatteristosta
ranska	ranska
ranska	ranskaa
ranska	ranskaksi
ranska	ranskalle
ranska	ranskan
ranska	ranskassa
ranska	ranskassakin
ranska	ranskasta
ranskalainen	ranskalainen
ranskalainen	ranskalaisen
ranskalainen	ranskalaista
ranskalaistua	ranskalaistunut
ranskan-	ranskan-
ranskatar	ranskattaren
ranskatar	ranskattaret
ranta	rannalla
ranta	rannalle
ranta	rannalta
ranta	rannan
ranta	rannassa
ranta	rannasta
ranta	rannat
ranta	ranta
ranta	rantaa
ranta	rantaan
ranta	rantamme
ranta	rantoja
ranta	rantojen
rantahiekka	rantahiekka
rantahietikko	rantahietikoilla
rantakala	rantakala
rantakasvillisuus	rantakasvillisuuden
rantalahti	rantalahti
rantalainen	rantalainen
rantamatala	rantamatalaan
rantanen	rantanen
rantanen	rantaselle
rantanen	rantasen
rantarosvo	rantarosvoja
rantasauna	rantasaunalta
rantatie	rantatie
rantatie	rantatietä
ranttaliksi	ranttaliksi
raollaan	raollaan
raolleen	raolleen
raottaa	raottaa
rapa	rapaa
rapakko	rapakon
raparperi	raparperia
rapautua	rapautunut
rapistella	rapistelevan
rapistua	rapistua
rapistua	rapistuva
rapistuma	rapistumia
raportoida	raportoi
raportti	raporteistaan
raportti	raportin
raportti	raportissa
raportti	raportteja
raportti	raportti
rappio	rappion
rappio	rappiosta
rappio	rappiota
rappu	rappujen
rappu	rappuun
rappunen	rappuset
rappunen	rappusia
rappunen	rappusilla
rappunen	rappusissa
rapu	rapujen
rapufarmi	rapufarmeilta
rapukesti	rapukesteihin
rapulaji	rapulajia
rasia	rasiaa
rasismi	rasismin
rasittaa	rasita
rasittaa	rasittaa
rasittaa	rasittavaa
rasittaa	rasittavat
rasitus	rasitukset
rask	rask
raskaasti	raskaasti
raskas	raskaaksi
raskas	raskaalta
raskas	raskaampi
raskas	raskaan
raskas	raskaana
raskas	raskaat
raskas	raskas
raskas	raskasta
raskaus	raskauden
raskaus	raskaus
raskaus	raskaushan
raskaus	raskautta
raskausviikko	raskausviikolla
raskia	raski
raskia	raskii
rassata	rassaa
rassaus	rassauksee
rassukka	rassukkana
rastafari-uskonto	rastafari-uskontoon
rastia	rasti
rastiin	rastiin
rasva	rasva
rasva	rasvaa
rasva	rasvat
rasvaimu	rasvaimu
rasvalappu	rasvalapuilla
rasvamainos	rasvamainos
rasvansiirto	rasvansiirtoa
rasvaprosentti	rasvaprosentteja
rasvaton	rasvatonta
rasvaton	rasvattomiksi
rata	radalla
rata	radaltaan
rata	radan
rata	radat
rata	radoilla
rata	rata
rata	rataan
rata	ratoja
ratakatu	ratakatu
ratakisko	ratakiskoihin
ratamaratooni	ratamaratooni
rataosa	rataosien
ratas	rattailta
ratifioida	ratifioi
ratina	ratinan
ratinanniemi	ratinanniemeen
ratinanpuisto	ratinanpuisto
rationaalisuus	rationaalisuutensa
rationalisoida	rationalisoidaan
ratkaiseva	ratkaiseva
ratkaiseva	ratkaisevaa
ratkaiseva	ratkaisevat
ratkaista	ratkaisee
ratkaista	ratkaisevat
ratkaista	ratkaisevien
ratkaista	ratkaisi
ratkaista	ratkaisisi
ratkaista	ratkaisisivat
ratkaista	ratkaisit
ratkaista	ratkaisseiden
ratkaista	ratkaista
ratkaista	ratkaistaan
ratkaista	ratkaistavaksi
ratkaista	ratkaistavissa
ratkaista	ratkaistiin
ratkaista	ratkaistuksi
ratkaisu	ratkaisu
ratkaisu	ratkaisua
ratkaisu	ratkaisuissa
ratkaisu	ratkaisuista
ratkaisu	ratkaisuja
ratkaisu	ratkaisujaan
ratkaisu	ratkaisujakaan
ratkaisu	ratkaisuksi
ratkaisu	ratkaisulta
ratkaisu	ratkaisun
ratkaisu	ratkaisuna
ratkaisu	ratkaisuni
ratkaisu	ratkaisunsa
ratkaisu	ratkaisusta
ratkaisu	ratkaisuun
ratkaisumalli	ratkaisumalli
ratkeama	ratkeamien
ratketa	ratkea
ratketa	ratkeaa
ratketa	ratkeaisi
ratketa	ratkeavathan
ratketa	ratkennee
ratketa	ratkennut
ratketa	ratkesi
ratkoa	ratkoi
ratkoa	ratkottavissa
ratsastaa	ratsastaa
ratsastaa	ratsastamassa
ratsastaa	ratsastanut
ratsastaa	ratsastavat
ratsastaa	ratsasti
ratsastus	ratsastus
ratti	ratin
ratti	ratissa
ratti	rattiin
rattijuoppo	rattijuoppo
rattijuoppo	rattijuoppoja
ratzenberger	ratzenbergerin
raudanluja	raudanluja
rauha	rauha
rauha	rauhaan
rauha	rauhan
rauha	rauhassa
rauha	rauhasta
rauhallinen	rauhallinen
rauhallinen	rauhallisempaa
rauhallinen	rauhallisempi
rauhallinen	rauhallisen
rauhallinen	rauhallisesta
rauhallinen	rauhalliset
rauhallinen	rauhallisia
rauhallinen	rauhallisina
rauhallinen	rauhallista
rauhallisesti	rauhallisesti
rauhanaktivisti	rauhanaktivisteja
rauhankumppanuussopimus	rauhankumppanuussopimus
rauhanneuvottelu	rauhanneuvotteluista
rauhanneuvottelu	rauhanneuvotteluja
rauhanneuvottelu	rauhanneuvottelujen
rauhanomainen	rauhanomaista
rauhanprosessi	rauhanprosessin
rauhanpuisto	rauhanpuistossa
rauhanpuolustaja	rauhanpuolustaja
rauhanratkaisu	rauhanratkaisua
rauhansopimus	rauhansopimusta
rauhantahtoinen	rauhantahtoisen
rauhanturvaaja	rauhanturvaajat
rauhanturvaaminen	rauhanturvaamisesta
rauhasmaha	rauhasmahaan
rauhoitella	rauhoittelee
rauhoitella	rauhoitteli
rauhoittaa	rauhoitettuja
rauhoittaa	rauhoittaa
rauhoittaa	rauhoittava
rauhoittaa	rauhoittavia
rauhoittaminen	rauhoittamiseksi
rauhoittua	rauhoittua
rauhoittua	rauhoittui
rauhoittua	rauhoittuneet
rauhoittua	rauhoittunut
rauhoittua	rauhoittuu
rauhoittua	rauhoittuvan
rauhoittua	rauhoitu
rauhoittua	rauhoitutaanpas
rauhoittua	rauhoitutaas
rauhoittua	rauhotu
rauhoitusyritys	rauhoitusyritykset
raukka	raukka
raukka	raukkaa
rauma	raumalla
rauma	raumalta
rauma	rauman
rauni	rauni
raunio	raunioilla
raunio	raunioina
rauno	raunolle
rauramo	rauramo
rauta	rauta
rautainen	rautainen
rautainen	rautaisella
rautainen	rautaiset
rautakorpi	rautakorven
rautanaula	rautanaulaa
rautaruukki	rautaruukin
rautaruukki	rautaruukki
rautatie	rautatien
rautatieasema	rautatieasemaa
rautatieasema	rautatieasemalla
rautatieasema	rautatieasemalle
rautatieasema	rautatieaseman
rautatieliikenne	rautatieliikenne
rautavaara	rautavaara
rautiainen	rautiainen
rautiainen	rautiaisen
rautio	rautio
rautu	rautua
ravi	ravit
ravinne	ravinteita
ravinto	ravinnoksi
ravinto	ravintoa
ravintola	ravintola
ravintola	ravintolaa
ravintola	ravintolaan
ravintola	ravintolan
ravintola	ravintolasi
ravintola	ravintolassa
ravintola	ravintolat
ravintola	ravintoloiden
ravintola	ravintoloihin
ravintola	ravintoloitaan
ravintolavaunu	ravintolavaunuun
ravintoloitsija	ravintoloitsijaa
ravintoloitsija	ravintoloitsijoina
ravistaa	ravistaa
ravistaa	ravistettava
ravistaa	ravistivat
ravitsemisliike	ravitsemisliikkeen
ravitsemuksellinen	ravitsemukselliset
ravitsemus	ravitsemus
raviurheilu	raviurheilu
ravunpoikanen	ravunpoikasta
ravustuskausi	ravustuskausi
rea	rea
reaaliaikaisesti	reaaliaikaisesti
reaalikasvu	reaalikasvua
reaalisesti	reaalisesti
reagan	reagan
reagoida	reagoi
reagoida	reagoida
reagoida	reagoiko
reagoida	reagoimatta
reagoida	reagoinut
reagoida	reagoitavat
reagoimistapa	reagoimistavan
reaktio	reaktio
reaktio	reaktioita
reaktio	reaktioon
reaktio	reaktiot
realismi	realismiksi
realisoida	realisoida
realisointi	realisointiin
realistinen	realistisena
realistinen	realistisia
realistinen	realistista
realiteetti	realiteettien
rederi	rederi
reetta	reetta
referee	refereitä
reggae	reggaen
rego-istuin	rego-istuimen
rehabilitoida	rehabilitoitu
rehellinen	rehellinen
rehellinen	rehelliseltähän
rehellinen	rehellisiä
rehellisemmin	rehellisemmin
rehellisesti	rehellisesti
rehevä	reheviin
rehevä	reheviä
rehevöittää	rehevöittävät
rehn	rehn
rehn	rehnin
rehn	rehnit
rehtori	rehtori
rehtori	rehtoriksi
rehtori	rehtorin
rehtori	rehtorina
rehtori	rehtorit
rehu	rehun
rehu	rehut
rehvakka	rehvakka
rehvastella	rehvastella
rei'ittää	rei'ittämään
reijo	reijo
reikä	reiän
reikäleipä	reikäleipä
reikätiili	reikätiilien
reilata	reilata
reilu	reilu
reilu	reilua
reilu	reilun
reilu	reilut
reilu	reiluun
reilusti	reilusti
reinhold	reinhold
reinikainen	reinikaiselle
reinikainen	reinikaisesta
reinjoki	reinjoen
reino	reino
reino	reinon
reino-isä	reino-isä
reipas	reipas
reipas	reippaan
reipas	reippaasta
reippaanlaisesti	reippaanlaisesti
reippaasti	reippaasti
reisi	reiden
reisi	reidessä
reisi	reirestäs
reiska	reiska
reissata	reissaa
reissata	reissatakin
reissu	reissu
reissu	reissun
reistaileminen	reistailemisen
reistailla	reistailevat
reitti	reitiltä
reitti	reitin
reitti	reittejä
reitti	reitti
reitti	reittiä
rekisteri	rekisteriä
rekisterinumero	rekisterinumero
rekisteriote	rekisteriotteen
rekisteritieto	rekisteritietoihin
rekisteritieto	rekisteritietoihinne
rekisteröidä	rekisteröity
rekisteröidä	rekisteröivät
rekisteröiminen	rekisteröimisen
rekisteröinti	rekisteröinti
rekisteröintitieto	rekisteröintitietoihin
rekka	rekalla
rekka	rekan
rekka	rekka
rekka	rekkojen
rekkamieslaulu	rekkamieslaulu
rekki	rekillä
rekola	rekolalle
rekrytoida	rekrytoidaan
remehtiä	remehtivät
remmi	remmi
remmi	remmin
remo	remoon
remontti	remontti
rempallaan	rempallaan
rempseä	rempseäksi
renault	renault
renault	renaultin
rené	rené
renessanssi	renessanssi
renfrew	renfrewn
rengas	renkaat
rengas	renkailla
rengas	renkaita
rengaskeinu	rengaskeinu
rengasnokkalokki	rengasnokkalokki
rengasrikko	rengasrikon
rengasselkäinen	rengasselkäisenä
renki	rengistä
renki	trenkin
rennota	rentoneeko
renny	renny
renovaattori	renovaattorin
rento	rentoa
rentoutua	rentoutua
rentoutua	rentoutui
rentoutua	rentoutuu
rentoutunut	rentoutunut
repe	repen
repeytyä	repeytyivät
repiä	repi
repiä	repien
repiä	repikää
repiä	repivässä
repiä	repiä
repliikki	repliikissä
repliikki	repliikki
replikoida	replikoida
repo	repo
repo	revon
reporanka	reporankana
reppi	repin
reppu	repustaan
reppufirma	reppufirman
repsottaa	repsottamaan
repäisynauha	repäisynauha
requiem	requiem
resepti	reseptejä
resepti	reseptejäni
resepti	resepti
resepti	reseptiä
reseptio	reseptioon
reservi	reservin
resiina	resiinalla
ressukka	ressukoita
restauroida	restauroidut
resti	resti
resurssi	resursseilla
resurssi	resurssia
resurssi	resurssimme
retale	retale
retkeläinen	retkeläisten
retki	retkelle
retki	retket
retki	retkiä
retkipaikka	retkipaikan
retostella	retosteli
retostella	retosteltaviksi
reuna	reunalla
reuna	reunan
reuna	reunassa
reuna	reunasta
reuna	reunoja
reunanen	reunanen
reunimmainen	reunimmaista
reunimmainen	reunimmaisten
reunus	reunus
reunusta	reunusta
revetä	repesi
revetä	revennyt
revittää	revittänyt
revoluutio	revoluutio
rhododendron	rhododendronin
rhodos	rhodoksella
rhodos	rhodoksesta
riccardo	riccardo
rice	rice
richard	richard
ride	ride
riehua	riehui
riehua	riehunut
riehua	riehuttu
riehua	riehuu
riehuminen	riehuminen
riemastuttaa	riemastuttanee
riemu	riemusta
riemuita	riemuitsevan
riemuita	riemuitsevat
rientää	rientää
riepoa	riepoo
riepoa	riepovat
riepotella	riepotteli
riesa	riesa
riesa	riesaksi
riesa	riesan
riesa	riesana
riesling	riesling
rietas	riettaan
rihkamakaupustelija	rihkamakaupustelijoista
riidellä	riideltiin
riidellä	riitele
riidellä	riitelivät
riihi	riih
riihikuiva	riihikuivaa
riihimäki	riihimäellä
riihipuro	riihipuron
riimi	riimit
riipaiseva	riipaisevia
riipaisevasti	riipaisevasti
riippua	riippuen
riippua	riippumaton
riippua	riippumatta
riippua	riippuu
riippua	riipu
riippumattomuus	riippumattomuutemme
riippusilta	riippusillasta
riippusilta	riippusiltaa
riippuvainen	riippuvainen
riippuvainen	riippuvaisia
riippuvuus	riippuvuuden
riippuvuus	riippuvuudesta
riippuvuus	riippuvuutta
riiputtaa	riiputti
riisi	riisi
riisi	riisit
riisi	riisiä
riisi-kasvisseos	riisi-kasvisseos
riisikupillinen	riisikupillisen
riisipiirakka	riisipiirakan
riista	riistaa
riistoaie	riistoaikeita
riistäytyä	riistäytyneet
riistää	riistämällä
riisua	riisui
riisua	riisuin
riisua	riisunut
riisua	riisuttava
riisua	riisuttiin
riisuutua	riisuuduttua
riita	riidat
riita	riita
riita	riitaa
riita-asia	riita-asioissa
riitaantua	riitaantui
riitauttaa	riitauttaa
riitely	riitelyyn
riitta	riitan
riitta	riitta
riittoisa	riittoisaa
riittävä	riittävä
riittävä	riittävän
riittävästi	riittävästi
riittää	riitti
riittää	riittäisi
riittää	riittänyt
riittää	riittävä
riittää	riittävän
riittää	riittävänä
riittää	riittävät
riittää	riittää
riittää	riitä
riivata	riivaa
riivata	riivasi
riiviöpupu	riiviöpupu
rikas	rikas
rikas	rikasta
rikas	rikkaat
rikas	rikkaiden
rikas	rikkainta
rikastua	rikastua
rikastuttaa	rikastuttaa
rikesakko	rikesakon
riki	riki
riki	rikin
rikkaruoho	rikkaruohoja
rikkaus	rikkaus
rikki	rikki
rikkihappo	rikkihappo
rikkinäinen	rikkinäisestä
rikkipäästö	rikkipäästöin
rikkoa	rikkoa
rikkoa	rikkoi
rikkoa	rikkomaan
rikkoa	rikkonu
rikkoa	rikkonut
rikkoa	riko
rikkoa	rikomme
rikkoja	rikkojia
rikkomus	rikkomuksista
rikkoutua	rikkoudu
rikkoutua	rikkoutui
rikkoutua	rikkoutuu
rikkoutunut	rikkoutuneita
rikollinen	rikolliselta
rikollinen	rikollisen
rikollinen	rikollisiin
rikollinen	rikollisten
rikollisuus	rikollisuutta
rikos	rikokseksi
rikos	rikokselle
rikos	rikoksen
rikos	rikoksensa
rikos	rikokset
rikos	rikoksia
rikos	rikos
rikos	rikosta
rikos	rikostani
rikosilmoitus	rikosilmoituksen
rikoskomisario	rikoskomisario
rikoslaboratorio	rikoslaboratorio
rikostilaisuus	rikostilaisuuksiin
rikosura	rikosuransa
rikottu	rikotusta
riku	rikun
rilluttelija	rilluttelija
rima	rima
rima	riman
rimski-korsakov	rimski-korsakovin
rinnakkain	rinnakkain
rinnakkaiskoulujärjestelmä	rinnakkaiskoulujärjestelmän
rinnalla	rinnalla
rinnalla	rinnallaan
rinnalle	rinnalle
rinnalle	rinnalleen
rinnalle	rinnalleni
rinnan	rinnan
rinnastaa	rinnastaa
rinnastaa	rinnastettava
rinnatusten	rinnatusten
rinne	rinne
rinne	rinnettä
rinne	rinteen
rinne	rinteet
rinne	rinteiden
rinne	rinteiltä
rinta	rinnalla
rinta	rinnat
rinta	rinta
rinta	rintaa
rinta	rintojen
rintama	rintamaan
rintama	rintamalla
rintama	rintamalle
rintama	rintamassa
rintama	rintamilla
rintamakarkuri	rintamakarkuriksi
rintasyöpä	rintasyöpä
rintsikat	rintsikat
rio	rion
ripa	ripalle
ripeä	ripeää
rippikoulu	rippikoulua
rippikoulu	rippikoulus
rippikoulu	rippikoulusta
ripsetön	ripsettömät
ripuli	ripuli
ripuli	ripulin
ripustaa	ripusta
ripustaa	ripustaa
ripustaa	ripustettu
ripustautua	ripustautuivat
ripustus	ripustus
risa	risojen
riskaabeli	riskaabelia
riskata	riskaamatta
riski	riskejä
riski	riski
riski	riskit
riski	riskiä
riskiryhmä	riskiryhmään
riskisynnyttäjä	riskisynnyttäjät
rissanen	rissasen
risteilijä	risteilijän
risteily	risteilyä
risteilylaiva	risteilylaivojen
risteilyliikenne	risteilyliikenteeseen
risteilyohjus	risteilyohjusten
risteys	risteykseen
risteys	risteyksen
risteys	risteyksessä
risteys	risteyksestä
risteys	risteystä
risti	ristiin
risti	ristin
risti	ristissä
ristiin	ristiin
ristikko	ristikoiden
ristikko	ristikon
ristikkäinen	ristikkäiset
ristiriita	ristiriidassa
ristiriita	ristiriita
ristiriita	ristiriitoja
ristiriitainen	ristiriitaisia
ristiriitainen	ristiriitaista
ristiä	risti
risto	risto
risto	ristoko
risukasa	risukasat
risuparta	risuparran
ritalankatu	ritalankatu
ritari	ritari
ritari	ritaria
ritari	ritariksi
ritari	ritarille
ritarinarvo	ritarinarvo
ritariveli	ritariveljiä
rituaali	rituaalista
ritva	ritva
riuhtaista	riuhtaistaan
river	river
rivi	riveihinsä
rivi	riveille
rivi	rivi
rivi	riviev
rivi	rivissä
rivi	rivit
riviera	rivieraa
riviera	rivieran
rivikansalainen	rivikansalaisille
rivikaupalla	rivikaupalla
rivitalo	rivitalojen
rivitalokoti	rivitalokodissa
robert	robert
robin	robin
robinson	robinsonilta
robotti	robotin
rock	rockista
rock-vuosi	rock-vuosilta
rock'n	rock'n
rockartisti	rockartistin
rockers	rockers
roh	roh
rohjeta	rohjennu
rohjeta	rohjennut
rohjeta	rohkenee
rohjeta	rohkenen
rohjeta	rohkenevat
rohjeta	rohkeni
rohkaiseva	rohkaisevaa
rohkaiseva	rohkaisevat
rohkaista	rohkaisee
rohkaista	rohkaisevaksi
rohkea	rohkea
rohkea	rohkeat
rohkea	rohkeata
rohkea	rohkeiden
rohkea	rohkeiksi
rohkea	rohkeimpia
rohkea	rohkeista
rohkea	rohkeita
rohkeasti	rohkeasti
rohkeus	rohkeus
rohmuta	rohmuavan
rohtoraunioyrtti	rohtoraunioyrttiä
roikkua	roikkua
roikkua	roikkui
roikkua	roikkuivat
roikkua	roikkuvat
roikkuja	roikkujat
roikottaa	roikotimme
roina	roinaa
roinakulttuuri	roinakulttuuriin
roine	roineen
roisin	roisin
roiskepisara	roiskepisarat
roiskia	roiskimalla
roisto	roisto
roisto	roistojen
rojahtaa	rojahdan
rokimpi	rokimpi
rokki	rokimpaa
rokonarpi	rokonarpia
rokotus	rokotuksia
rolf	rolf
roll	roll
rolling	rolling
rollo	rollo
rolls	rolls
rolls	rollsin
roma	romaa
romaani	romaaneista
romaani	romaani
romaani	romaania
romaani	romaanien
romaani	romaanin
romaani	romaaninsa
romaani	romaanissa
romaani	romaanista
romaani	romaanistaan
romaani	romaanit
romahtaa	romahdettua
romahtaa	romahtamassa
romahtaa	romahti
romahtaa	romahtivat
romahtaminen	romahtaminen
roman	roman
romania	romanian
romanov	romanovit
romantiikka	romantiikan
romantschuk	romantschukin
romanttinen	romanttiselle
romanttinen	romanttisena
romanttinen	romanttisesta
romanttinen	romanttista
romppu	romppu
romppu	rompun
romu	romun
romuttaa	romuttaa
ronald	ronald
ronskisti	ronskisti
rookie	rookie
rookiepelaaja	rookiepelaaja
rooli	rooleista
rooli	rooli
rooli	roolia
rooli	rooliaan
rooli	rooliin
rooli	roolin
rooli	roolinasi
rooli	roolinsa
rooli	roolissa
rooli	roolista
rooli	roolistaan
rooli	roolit
roolihenkilö	roolihenkilöösi
roolipaita	roolipaidaksi
rooma	roomaan
rooma	rooman
rooma	roomasta
roomalainen	roomalaisen
roope	roope
roopenen	roopeseni
roos	roos
roosa	roosan
ropi	ropia
ropo	ropo
ropo	ropojaan
rops	rops:n
rosberg	rosbergia
rosee	roseen
rosenberg	rosenberg
rosendahl	rosendahl
roska	roskaa
roska	roskan
roska	roskat
roska	roskia
roska	roskista
roskakori	roskakorissa
roskalaatikko	roskalaatikosta
roskalaina	roskalainoja
roskapuhe	roskapuhetta
roskapussi	roskapussin
roskis	roskikseen
roskis	roskiksiin
rosoinen	rosoinen
rosso	rossossa
rosvall	rosvall
rosvo	rosvo
rosvopaisti	rosvopaistin
rosvopaisti	rosvopaistit
rosvota	rosvosi
rotisko	rotiskon
rotista	rotis
rotsi	rotsi
rotta	rotat
rotta	rotta
rotta	rottia
rotta	rottien
rottapyörä	rottapyörä
rotterdam	rotterdamiin
rotu	rotu
rotu	rotujen
rotupuhdas	rotupuhdas
roudata	roudaamaan
rouhiainen	rouhiainen
rouske	rouske
rousseau	rousseau
routainen	routaiseen
rouva	rouva
rouva	rouvaa
rouva	rouvan
rouva	rouvat
rouvaparka	rouvaparkaa
rovaniemi	rovaniemelle
rovaniemi	rovaniemellä
rovaniemi	rovaniemeltä
rovaniemi	rovaniemen
rovaniemi	rovaniemeä
royal	royal
royce	royce
roza	rozaan
rp	rp:ssä
rp.	rp.
rtl	rtl
ruanda	ruandaan
ruanda	ruandassa
ruben	ruben
rudolf	rudolf
ruhtinaallisesti	ruhtinaallisesti
ruhtinas	ruhtinaan
ruhtinas	ruhtinas
ruikka	ruikka
ruikuttaa	ruikuttamaan
ruis	ruista
ruisku	ruiskulla
ruiskuttaa	ruiskutetaan
ruiskutussuutin	ruiskutussuuttimet
ruisleipä	ruisleipä
ruisleipä	ruisleivän
ruissalo	ruissalon
ruissämpylä	ruissämpylöitä
rujo	rujoja
rukkanen	rukkaset
rukki	rukki
rukoilija	rukoilijoita
rukoilla	rukoilen
rukoilla	rukoilkoon
rukoilla	rukoilla
rukous	rukoukseen
rulla	rulla
rullaluistelu	rullaluistelua
rullaluistelupalkinto	rullaluistelupalkinnon
rullasuksihiihtäjä	rullasuksihiihtäjät
rullata	rullata
ruma	ruma
ruma	ruman
ruma	rumimmaksi
rumasti	rumasti
rumpali	rumpalina
rumpujarru	rumpujarrut
rumpukapula	rumpukapulalla
rundman	rundmanille
runko	rungon
runko	runkoon
runkosarja	runkosarjan
runner	runner
runo	runo
runo	runoa
runo	runoist
runo	runoja
runo	runoksi
runo	runon
runo	runonsa
runo	runot
runoilija	runoilija
runoiluttaa	runoiluttaa
runoitse	runoitse
runokilpailu	runokilpailussa
runollinen	runollisin
runomitta	runomitat
runon-seppä	runon-seppä
runopuhelin	runopuhelimessa
runoteoskilpailu	runoteoskilpailun
runous	runoudessa
runsaammin	runsaammin
runsaasti	runsaasti
runsaimmin	runsaimmin
runsas	runsaalle
runsas	runsaan
runsas	runsaana
runsas	runsaat
runsas	runsaiden
runsas	runsaina
runsas	runsaita
runsas	runsas
runsas	runsasta
runsaslajinen	runsaslajinen
runsaus	runsauden
runsunen	runsunen
runtata	runttasi
ruoanmuru	ruoanmuru
ruodonpala	ruodonpala
ruoho	ruohoa
ruoho	ruohon
ruohonen	ruohonen
ruohonleikkuri	ruohonleikkuria
ruohosipulisilppu	ruohosipulisilppu
ruoka	ruoan
ruoka	ruoasta
ruoka	ruoat
ruoka	ruoatta
ruoka	ruoista
ruoka	ruoka
ruoka	ruokaa
ruoka	ruokaan
ruoka	ruokansa
ruoka	ruokiin
ruoka	ruuaksi
ruoka	ruuan
ruoka	ruuassa
ruoka	ruuasta
ruoka-aine	ruoka-aineita
ruokahalu	ruokahaluja
ruokahuolto	ruokahuollosta
ruokailija	ruokailijoiden
ruokailija	ruokailijoita
ruokailla	ruokaillut
ruokajuoma	ruokajuomana
ruokakulttuuri	ruokakulttuuri
ruokala	ruokalan
ruokalista	ruokalista
ruokalista	ruokalistojen
ruokalusikallinen	ruokalusikallista
ruokamatka	ruokamatka
ruokaohjelma	ruokaohjelma
ruokaostos	ruokaostoksesi
ruokapaikka	ruokapaikkaan
ruokapaikka	ruokapaikkoihin
ruokapalkinto	ruokapalkintojen
ruokapöytä	ruokapöytä
ruokapöytä	ruokapöytään
ruokaraha	ruokarahoista
ruokarapu	ruokarapuja
ruokaruoka-tyyppinen	ruokaruoka
ruokasali	ruokasalin
ruokatauko	ruokataukoa
ruokavalio	ruokavalioon
ruokavesi	ruokavettä
ruokavieras	ruokavieraita
ruokinta	ruokinnan
ruokkia	ruokitaan
ruokkia	ruokittiin
ruokkia	ruokkii
ruokkia	ruokkimaan
ruokkiminen	ruokkiminen
ruokolahti	ruokolahden
ruokottomuus	ruokottomuudessa
ruopata	ruopataan
ruopata	ruopattavat
ruopata	ruoppaa
ruoskia	ruoskittu
ruosteenestomaali	ruosteenestomaalilla
ruosteenpunainen	ruosteenpunainen
ruostua	ruostuneet
ruotia	ruotia
ruotia	ruotiessaan
ruotia	ruotimaan
ruoto	ruotoni
ruotsalainen	ruotsalainen
ruotsalainen	ruotsalaisen
ruotsalainen	ruotsalaiset
ruotsalainen	ruotsalaisia
ruotsalainen	ruotsalaisiin
ruotsalainen	ruotsalaisissa
ruotsalainen	ruotsalaisista
ruotsalainen	ruotsalaista
ruotsalainen	ruotsalaisten
ruotsalaislehti	ruotsalaislehti
ruotsalaistua	ruotsalaistua
ruotsalaisyhtye	ruotsalaisyhtyeen
ruotsi	ruatsin
ruotsi	ruatsis
ruotsi	ruotsi
ruotsi	ruotsia
ruotsi	ruotsiin
ruotsi	ruotsiksi
ruotsi	ruotsilla
ruotsi	ruotsin
ruotsi	ruotsissa
ruotsi	ruotsista
ruotsi-maaottelu	ruotsi-maaottelusta
ruotsi-ottelu	ruotsi-ottelun
ruotsinkielinen	ruotsinkieliseltä
ruotsinkielinen	ruotsinkielisestä
ruotsinkurssi	ruotsinkurssil
ruovesi	ruovedellä
ruovesi	ruoveden
ruovikko	ruovikkoon
rupatella	rupateltavaa
rupattelu	rupattelua
ruper	rupert
ruppainen	ruppainen
rusahtaa	rusahtavat
rusanen	rusanen
rusetti	rusetti
rusina	rusinoita
ruskea	ruskea
ruskea	ruskeissa
ruskeatukkainen	ruskeatukkainen
ruskistaa	ruskista
ruskistaa	ruskistaa
ruskistaa	ruskistettu
ruskosuohaukka	ruskosuohaukka
rusto	rustojen
rutiini	rutiineihin
rutiini	rutiinia
rutiini	rutiiniin
rutinoitunut	rutinoituneempi
rutkasti	rutkasti
rutosti	rutosti
ruttuun	ruttuun
ruuanlaitto	ruuanlaitossa
ruuanlaitto	ruuanlaitto
ruuanlaitto	ruuanlaittoon
ruuansaantimahdollisuus	ruuansaantimahdollisuudet
ruudullinen	ruudullinen
ruuhka	ruuhka
ruuhka	ruuhkassa
ruuhkainen	ruuhkaisista
ruukku	ruukkuineen
ruumiinavauspöytäkirja	ruumiinavauspöytäkirjoja
ruumiinkieli	ruumiinkieltään
ruumiinrakenne	ruumiinrakenne
ruumiinryöstäjä	ruumiinryöstäjä
ruumis	ruumiin
ruumis	ruumiini
ruumis	ruumiinsa
ruumis	ruumiiseen
ruumis	ruumiisiin
ruumis	ruumiissa
ruumis	ruumiista
ruumis	ruumiit
ruumis	ruumis
ruusu	ruusu
ruusu	ruusuista
ruusu	ruusut
ruusuinen	ruusuisia
ruuti	ruuteihin
ruutu	ruudusta
ruutu-grilli	ruutu-grilliin
ruuvi	ruuvien
ruuvinvääntökapasiteetti	ruuvinvääntökapasiteetti
ruveta	rupeaa
ruveta	rupee
ruveta	rupeet
ruveta	rupes
ruveta	rupesi
ruveta	rupesin
ruveta	rupesivat
ruveta	ruppee
ruveta	ruveta
rva	rva
ry	ry
ryback	ryback
ryhdikäs	ryhdikkäästä
ryhdikäs	ryhdikäs
ryhmittymä	ryhmittymä
ryhmittymä	ryhmittymän
ryhmä	ryhmien
ryhmä	ryhminä
ryhmä	ryhmissä
ryhmä	ryhmä
ryhmä	ryhmällä
ryhmä	ryhmän
ryhmä	ryhmässä
ryhmä	ryhmää
ryhmä	ryhmään
ryhmä	ryhmäänsä
ryhmäkuntoinen	ryhmäkuntoista
ryhmäläinen	ryhmäläiset
ryhmäpuheenvuoro	ryhmäpuheenvuorossaan
ryhmäpäätös	ryhmäpäätöksen
ryhmäpäätös	ryhmäpäätöksistä
ryhtyminen	ryhtyminen
ryhtyä	ryhdy
ryhtyä	ryhdyin
ryhtyä	ryhdytty
ryhtyä	ryhdyttäisiin
ryhtyä	ryhdyttävä
ryhtyä	ryhdytä
ryhtyä	ryhdytään
ryhtyä	ryhdytäänkö
ryhtyä	ryhtyi
ryhtyä	ryhtyikin
ryhtyä	ryhtyisinkö
ryhtyä	ryhtyivät
ryhtyä	ryhtynyt
ryhtyä	ryhtyvät
ryhtyä	ryhtyy
ryhtyä	ryhtyä
ryhävalas	ryhävalaat
ryijy	ryijy
rymäkkä	rymäkkä
rynkyttää	rynkyttämään
rynnistää	rynnisti
rynnistää	rynnistää
rynniä	rynni
rynnätä	rynnätä
rynnätä	ryntäsi
rynnätä	ryntäsivät
ryntätä	ryntätty
ryppy	ryppyjä
ryppyillä	ryppyilee
ryppyinen	ryppyinen
ryppyinen	ryppyistä
ryppyotsainen	ryppyotsaista
rypäle	rypäleistä
rypälelajike	rypälelajike
rypälemehu	rypälemehun
rypäs	ryppään
rystynen	rystysissä
rysähtää	rysähti
rysäyttää	rysäytti
rytinäjytke	rytinäjytkettä
rytmi	rytmeistä
rytmi	rytmejä
rytmi	rytmi
rytmi	rytmis
rytmilaji	rytmilaji
rytäkkä	rytäkässä
ryvettymättömyys	ryvettymättömyys
ryvettyä	ryvettymätöntä
ryvettyä	ryvettyneelle
ryynänen	ryynäsellä
ryyppyporukka	ryyppyporukka
ryypätä	ryyppäämässä
ryypätä	ryypättiin
ryöhähtäminen	ryöhähtämiseen
ryökäisy	ryökäisy
ryökäle	ryökäleelle
ryömiä	ryömi
ryöstäjä	ryöstäjiä
ryöstäjä	ryöstäjä
ryöstäjä	ryöstäjän
ryöstää	ryöstettiin
ryöstää	ryöstetyksi
ryöstää	ryöstetään
ryöstää	ryösti
ryöstää	ryöstänyt
ryöstää	ryöstää
ryöstö	ryöstöjä
ryöstö	ryöstön
ryöstö	ryöstöstä
ryöstö	ryöstöt
ryöstöviljellä	ryöstöviljellyt
ryöstöviljellä	ryöstöviljellä
ryöväri	ryöväri
rähistä	rähisi
rähjäke	rähjäke
rähmälleen	rähmälleen
rähmällään	rähmällään
räikkönen	räikkönen
räikkönen	räikkösen
räiske	räiskettä
räiskyvä	räiskyvä
räjähde	räjähteitä
räjähdys	räjähdyksessä
räjähdys	räjähdyksestä
räjähdys	räjähdys
räjähdysmäinen	räjähdysmäisen
räjähtää	räjähti
räjähtää	räjähtäessään
räjähtää	räjähtämäisillään
räjähtää	räjähtänyt
räjähtää	räjähtää
räjäyttäjä	räjäyttäjä
räjäyttää	räjäyttänyttä
räjäytys	räjäytyksen
räkä	räkiä
rällästäminen	rällästäminen
rämpyttää	rämpytä
ränni	ränniin
räntä	räntää
räplätä	räpläsin
räppänä	räppänät
räpsiä	räpsivät
räpytellä	räpytellä
rästi	rästiin
rästipäivä	rästipäivät
räsänen	räsänen
rätti	rätillä
rätti	rätti
räty	räty
räväkäs	räväkkäin
räväyttää	räväyttivät
räyhäkäs	räyhäkäs
räyskälä	räyskälään
rääkki	rääkki
rääkkäys	rääkkäyksestä
rääkätä	rääkätty
rääkätä	rääkätä
rääpäle	rääpäleitä
rääsyinen	rääsyisiä
räätälöidä	räätälöity
röhkinä	röhkinää
röhkiä	röhkimään
röhnöttää	röhnötti
rökäletappio	rökäletappiota
rökälevoitto	rökälevoittoa
römeä	römeä
rönsyleinikki	rönsyleinikit
röntgen	röntgenien
röntgenlääkäri	röntkenlääkäri
rötöstelijä	rötöstelijät
röyhkeys	röyhkeydelläni
röyhtäillä	röyhtäili
röykkiö	röykkiöt
rööri	rööristä
s-	s-
s-juna	s-juna
s.	s.
s.e.	s.e.
s/y	s/y
sa	sa
saab	saab
saada	saa
saada	saada
saada	saadaan
saada	saadaanko
saada	saadakseen
saada	saadakseni
saada	saadaksesi
saada	saadas
saada	saadessa
saada	saadessaan
saada	saadessanne
saada	saadusta
saada	saaha
saada	saahaan
saada	saahak
saada	saako
saada	saamaan
saada	saamaisillaan
saada	saamassa
saada	saamatta
saada	saamiinsa
saada	saamistaan
saada	saamme
saada	saammä
saada	saan
saada	saaneeko
saada	saaneen
saada	saaneensa
saada	saaneet
saada	saaneiden
saada	saaneina
saada	saaneita
saada	saanen
saada	saanevat
saada	saanhan
saada	saanko
saada	saant
saada	saanu
saada	saanut
saada	saanutta
saada	saapas
saada	saaraankohan
saada	saat
saada	saataisiin
saada	saataneen
saada	saatava
saada	saatavan
saada	saatavana
saada	saatavia
saada	saatavilla
saada	saatavissa
saada	saatiin
saada	saatte
saada	saatteks
saada	saatu
saada	saatuihin
saada	saava
saada	saavan
saada	saavani
saada	saavansa
saada	saavat
saada	saavatkin
saada	saavatko
saada	sai
saada	saikin
saada	saimme
saada	sain
saada	sainpa
saada	sais
saada	saisi
saada	saisikaan
saada	saisikohan
saada	saisimmeko
saada	saisin
saada	saisinko
saada	saisipa
saada	saisit
saada	saisitte
saada	saisivat
saada	sait
saada	saithan
saada	saitko
saada	saitkos
saada	saivat
saada	soanneet
saada	suaha
saada	suap
saaja	saajalleen
saaja	saajilleen
saakeli	saakeli
saakeli	saakelin
saakka	saakka
saalis	saaliikseen
saalis	saaliissa
saalistaja	saalistaja
saamaton	saamaton
saamattomuus	saamattomuutta
saaminen	saamisiaan
saaminen	saamista
saanti	saanti
saapas	saappaat
saapas	saappaita
saapastella	saapasteli
saappaanheitto	saappaanheittoa
saapua	saapua
saapua	saapuessa
saapua	saapui
saapua	saapuisi
saapua	saapuivat
saapua	saapumatta
saapua	saapuneet
saapua	saapunut
saapua	saapuu
saapua	saapuva
saapua	saapuvan
saapua	saapuvat
saapua	saapuvien
saapua	saavu
saapua	saavuin
saapua	saavutaan
saapua	saavuttua
saapua	saavuttuamme
saapuminen	saapuminen
saara	saara
saara	saaraa
saarela	saarela
saari	saareen
saari	saarella
saari	saarelle
saari	saarelleen
saari	saaren
saari	saaressa
saari	saaret
saari	saari
saari	saarista
saari	saarten
saari-leiri	saari-leirin
saarijärvi	saarijärven
saarikangas	saarikangas
saarikoski	saarikoski
saarikylät	saarikyliin
saarinen	saarinen
saarinen	saarisen
saarinen	saarista
saarioinen	saarioisten
saaristo	saaristoon
saaristo	saaristossa
saarivaltio	saarivaltio
saarna	saarnaansa
saarna	saarnat
saarnalava	saarnalavalla
saarnata	saarnasi
saarnata	saarnata
saartaa	saartamaan
saartaa	saartoi
saaste	saasteet
saaste	saasteiden
saasteeton	saasteettomaksi
saastelähde	saastelähteen
saastua	saastuneen
saastunut	saastuneella
saastuttaa	saastuta
saastuttaa	saastuttamaa
saastuttaja	saastuttajista
saatana	saatana
saatana	saatanan
saatanasti	saatanasti
saatava	saataviaan
saatella	saatella
saati	saati
saatikka	saatikka
saattaa	saatan
saattaa	saatat
saattaa	saatetaan
saattaa	saatettiin
saattaa	saatoin
saattaa	saattaa
saattaa	saattaahan
saattaa	saattaisi
saattaa	saattaisihan
saattaa	saattaisin
saattaa	saattaisitte
saattaa	saattamaan
saattaa	saattanut
saattaa	saattavat
saattaa	saattoi
saattaa	saattoikin
saattaa	saattoivat
saattaa	suattaa
saattaminen	saattaminen
saattaminen	saattamisesta
saattue	saattueen
saavuttaa	saavutettavan
saavuttaa	saavutettavissa
saavuttaa	saavutettuihin
saavuttaa	saavutettuun
saavuttaa	saavutetuista
saavuttaa	saavuttaa
saavuttaa	saavuttaessaan
saavuttaa	saavuttamassa
saavuttaa	saavuttaneet
saavutus	saavutuksesta
saavutus	saavutus
sabu	sabu
sacchi	sacchi
sacirbey	sacirbey
sade	sade
sade	sadetta
sade	saek
sade	sateella
sade	sateen
sade	sateeseen
sade	sateessa
sade	sateesta
sade	sateet
sade	satehen
sade	sateiden
sadekausi	sadekausi
sadekuuro	sadekuuro
sadekuuro	sadekuuroja
sademetsä	sademetsäksi
sadepäivä	sadepäivän
sadetakki	sadetakkia
sadeviitta	sadeviitan
sadoittain	sadoittain
saeta	sakenemassa
safari	safareille
safka	safkaa
saha	sahan
sahanterälaita	sahanterälaitaa
sahata	sahaava
sahata	sahannut
sahata	sahata
sahatavara	sahatavaran
sahi	sahin
sahlin	sahlin
sahlin	sahlinille
sai	sain
sailas	sailas
saima	saimansa
saimaa	saimaasta
saimi	saimi
sainio	sainiosta
sainz	sainzia
saippua	saippuan
sairaala	sairaala
sairaala	sairaalaan
sairaala	sairaalan
sairaala	sairaalassa
sairaala	sairaalasta
sairaala	sairaaloiden
sairaala	sairaaloissa
sairaala	sairaaloitako
sairaalalaitos	sairaalalaitoksessa
sairaalapöpö	sairaalapöpöjä
sairaalasänky	sairaalasänkyä
sairaanhoitaja	sairaanhoitajaa
sairaanhoitaja	sairaanhoitajan
sairaanhoitaja	sairaanhoitajia
sairaanhoitajakunta	sairaanhoitajakuntaa
sairaanhoitajaliitto	sairaanhoitajaliiton
sairaasti	sairaasti
sairanen	sairasen
sairas	sairaaksi
sairas	sairaalle
sairas	sairaampi
sairas	sairaan
sairas	sairaana
sairas	sairaista
sairas	sairaita
sairas	sairas
sairasauto	sairasautolla
sairaseläke	sairaseläkkeellä
sairasloma	sairasloma
sairasloma	sairaslomalla
sairasloma	sairaslomalta
sairastaa	sairastaneen
sairastaminen	sairastamisestaan
sairastavuus	sairastavuutta
sairastella	sairastelemaan
sairastella	sairastellut
sairastua	sairastua
sairastua	sairastui
sairastua	sairastuin
sairastua	sairastumaan
sairastua	sairastuneet
sairastua	sairastuneita
sairastuminen	sairastumiset
sairastumisvaara	sairastumisvaaraa
sairastuvuus	sairastuvuuden
sairaus	sairaudeksi
sairaus	sairauksia
sairaus	sairauksien
sairaus	sairaus
sairaus	sairautensa
sairaus	sairautta
sairaus-	sairaus-
sairauskulumeno	sairauskulumenoista
sait	sait
sak	sak
sak	sak:n
sak	sak:ssa
sakari	sakari
sakari	sakarin
sakka	sakkaa
sakki	sakkia
sakko	sakko
sakko	sakkoa
sakko	sakkoihin
sakko	sakkoja
sakko	sakot
sakkola	sakkolassa
sakkorangaistus	sakkorangaistus
sako	sako
sakottaa	sakottaa
saksa	saksa
saksa	saksaa
saksa	saksaan
saksa	saksan
saksa	saksassa
saksa	saksasta
saksa	saksat
saksalainen	saksalainen
saksalainen	saksalaisen
saksalainen	saksalaiset
saksalainen	saksalaisia
saksalainen	saksalaisten
saksalais-roomalainen	saksalais-roomalaista
saksalais-suomalais-venäläinen	saksalais-suomalais-venäläinen
saksalaisdemari	saksalaisdemarit
saksan-	saksan-
saksankieli	saksankieli
saksannos	saksannokseen
saksanpaimenkoira	saksanpaimenkoira
sakset	sakset
sakset	saksilla
saksofonisti	saksofonistien
saku	saku
salaa	salaa
salaaminen	salaamisen
salaatti	salaatille
salaatti	salaatit
salaattiaine	salaattiaineet
salaattikastike	salaattikastike
salaattilinko	salaattilingossa
salainen	salainen
salainen	salaiseksi
salainen	salaisesta
salainen	salaisiksi
salainen	salaista
salaisuus	salaisuudet
salaisuus	salaisuuksiaan
salaisuus	salaisuuksien
salaisuus	salaisuus
salakauppa	salakauppa
salakka	salakka
salakuljettaja	salakuljettajille
salama	salama
salama	salaman
salama	salamasta
salamapäätös	salamapäätöstenkin
salamoida	salamoi
salamoida	salamoivat
salamurha	salamurha
salaneuvoksetar	salaneuvoksetar
salaojittaa	salaojittaa
salaojittaa	salaojittava
salaperäinen	salaperäisiksi
salassa	salassa
salavihkainen	salavihkaista
sali	saleille
sali	sali
sali	saliin
sali	salilla
sali	salin
sali	salissa
sali	salista
salibandy	salibandy
salillinen	salillinen
salityöskentely	salityöskentelyn
salkku	salkku
salkku	salkkua
salkku	salkun
salkku	salkustaan
salko	salko
salla	sallan
salli	salli
sallia	salli
sallia	sallia
sallia	sallii
sallia	sallimme
sallia	sallinut
sallia	sallisi
sallia	sallittiin
sallia	sallittua
sallia	sallivat
sallinen	sallinen
sallittu	sallitun
salme	salmelta
salmela	salmelan
salmelainen	salmelaisen
salmi	salmen
salmi	salmi
salmi	salmin
salminen	salminen
salminen	salmisen
salminvuon	salminvuon
salmisaari	salmisaaressa
salmonella	salmonellan
salmonella	salmonellasta
salo	salo
salo	salon
salolainen	salolainen
salolainen	salolainenkin
salolainen	salolaiselle
salolainen	salolaisen
salomaa	salomaa
salonen	salonen
salonen	salosen
saloniemi	saloniemi
salonki	salongin
salonki	salonkeja
salonki	salonkiin
salt-paperi	salt-paperinsa
salvata	salvannut
salzburg	salzburgiin
sama	sama
sama	samaa
sama	samaan
sama	samaksi
sama	samalla
sama	samalle
sama	samalta
sama	saman
sama	samana
sama	samassa
sama	samasta
sama	samat
sama	samoilla
sama	samoin
sama	samoissa
sama	samoista
sama	samoja
sama	samojen
samalla	samalla
samanaikaisesti	samanaikaisesti
samanikäinen	samanikäinen
samanikäinen	samanikäiset
samanikäinen	samanikäisiä
samanlainen	samallaist
samanlainen	samanlainen
samanlainen	samanlaiseen
samanlainen	samanlaiselle
samanlainen	samanlaisen
samanlainen	samanlaisena
samanlainen	samanlaiset
samanlainen	samanlaisia
samanlainen	samanlaisilla
samanlainen	samanlaista
samanmerkityksinen	samanmerkityksisellä
samannäköinen	samannäköisiä
samannäköinen	samannäköistä
samanpuoleinen	samanpuoleinen
samansuuruinen	samansuuruinen
samantapainen	samantapainen
samantekevä	samantekevää
samantien	samantien
samantyyppinen	samantyyppistä
samaranch	samaranchin
samassa	samassa
samastaa	samastin
samba	samba
samba	sambaa
samba	sambaan
sambia	sambiassa
samea	sameaa
samea	sameatkin
samettipallo	samettipalloilta
samettisesti	samettisesti
sami	sami
sammakko	sammakosta
sammakonkutu	sammakonkutuun
sammal	sammaleet
sammalikko	sammalikossa
sammalkasa	sammalkasa
sammuilla	sammuilla
sammuksiin	sammuksiin
sammuttaa	sammuttaa
sammuttaa	sammuttaako
sammuttaa	sammuttakoon
sammutus	sammutukseen
sammutus	sammutus
samoin	samoin
sampo	sammon
sampo	sampo
samppanja	samppanjaa
samppanja	samppanjan
samppanjalasillinen	samppanjalasillista
sampras	sampras
sampras	samprasin
samuel	samuel
samuli	samuli
san	san
sana	sana
sana	sanaa
sana	sanaakaan
sana	sanaan
sana	sanalla
sana	sanallakaan
sana	sanan
sana	sanani
sana	sanankaan
sana	sanankin
sana	sanassa
sana	sanasta
sana	sanat
sana	sanoilla
sana	sanoin
sana	sanoista
sana	sanoitta
sana	sanoja
sana	sanojasi
sana	sanojen
sana-	sana-
sanakieppi	sanakiepeistä
sanakirja	sanakirja
sanakirja	sanakirjoissa
sanakäänne	sanakääntein
sananen	sananen
sananen	sanasensa
sananmuoto	sananmuodoista
sanapäättely	sanapäättelyä
sanataide	sanataidetta
sanaton	sanattomaksi
sanavalinta	sanavalintoja
saneerata	saneeranneet
saneerata	saneerattu
saneerata	saneerattuja
saneeraus	saneerauksensa
saneerausohjelma	saneerausohjelmalla
saneerausyritys	saneerausyrityksillä
sanelija	sanelijaa
sangen	sangen
sankari	sankareista
sankari	sankareita
sankari	sankari
sankari	sankarin
sankari	sankarina
sankari-stewart	sankari-stewartia
sankarihahmo	sankarihahmon
sankarihauta	sankarihautoihin
sankarikoira	sankarikoira
sankaritar	sankaritar
sankaritar	sankarittarelle
sankariteko	sankariteot
sankka	sankkaa
sankka	sankoin
sanko	sankoihin
sanktio	sanktiota
sanna	sannaan
sanna	sannalle
sanna	sannalta
sanoa	sano
sanoa	sanoa
sanoa	sanoen
sanoa	sanoi
sanoa	sanoiko
sanoa	sanoin
sanoa	sanois
sanoa	sanoisi
sanoa	sanoisin
sanoa	sanoisit
sanoa	sanoit
sanoa	sanoitko
sanoa	sanoivat
sanoa	sanokaa
sanoa	sanokaahan
sanoa	sanokaas
sanoa	sanoko
sanoa	sanomaan
sanoa	sanomaisillaan
sanoa	sanomalla
sanoa	sanomani
sanoa	sanomassa
sanoa	sanomasta
sanoa	sanomatta
sanoa	sanon
sanoa	sanoneen
sanoa	sanoneet
sanoa	sanonko
sanoa	sanonu
sanoa	sanonut
sanoa	sanoo
sanoa	sanoohan
sanoa	sanookki
sanoa	sanoovat
sanoa	sanoppas
sanoa	sanos
sanoa	sanot
sanoa	sanotaan
sanoa	sanotko
sanoa	sanottakoon
sanoa	sanotte
sanoa	sanottiin
sanoa	sanottu
sanoa	sanottua
sanoa	sanottuna
sanoa	sanotuksi
sanoa	sanotussa
sanoa	sanovan
sanoa	sanovansa
sanoa	sanovat
sanoja	sanoja
sanoma	sanoma
sanoma	sanomaa
sanoma	sanomallaan
sanoma	sanomasta
sanoma	sanomien
sanoma-	sanoma-
sanomalehti	sanomalehti
sanomat	sanomat
sanomat	sanomien
sanomat	sanomille
sanomat	sanomissa
sanominen	sanomisen
sanominen	sanomista
sanonta	sanonnaltaan
sanonta	sanonta
sanonta	sanontaa
sanonta	sanontoja
sanottava	sanottavaa
sanottava	sanottavansa
sanotusti	sanotusti
sanoutua	sanoutua
santa	santa
santahamina	santahaminaan
santakäytävä	santakäytävä
santala	santala
santala	santalan
santarmi	santarmi
santo	santon
sapettaa	sapettaa
sapiens	sapiens
sapuska	sapuskaa
sarajevo	sarajevon
sarajevo	sarajevossa
saranapuoli	saranapuolelta
sarastaa	sarastaa
sarastaa	sarastaessa
sari	sari
sari	sarin
sarja	sarja
sarja	sarjaa
sarja	sarjaan
sarja	sarjan
sarja	sarjassa
sarja	sarjassaan
sarja	sarjoista
sarja-avaus	sarja-avaukseen
sarjafilmi	sarjafilmi
sarjakuva	sarjakuva
sarjakuva	sarjakuvien
sarjala	sarjala
sarjanousija	sarjanousijan
sarjaporras	sarjaporras
sarjataso	sarjatasolta
sarjatilanne	sarjatilanteen
sarkia	sarkiaa
sarkia	sarkian
sars-kuume	sars-kuumeen
sarvi	sarven
sas	sas:n
sassnitz	sassnitziin
sata	sadaksi
sata	sadalla
sata	sadan
sata	sadasta
sata	sadat
sata	sata
sata	sataa
sata	satoine
sata	satoja
sata	satojen
sata-häme	sata-häme
sata-häme	sata-hämeen
sataa	sada
sataa	sataa
sataa	sataako
sataa	sataisi
sataa	satamaan
sataa	satanut
sataa	sato
sataa	satoi
sataa	satoipa
satakiloinen	satakiloinen
satakunnankatu	satakunnankadulla
satakunta	sataakuntaa
satakymmenen	satakymmenen
satama	satamaan
satama	sataman
satama	satamia
satamakaupunki	satamakaupungeissa
satanen	satasella
satanen	satasen
satanen	satasesta
satanen	satasta
sataprosenttisesti	sataprosenttisesti
satapäinen	satapäinen
satatuhatta	satatuhatta
satayhdeksänkymmentä	satayheksänkymmentä
sateenkaari	sateenkaarta
sateenvarjo	sateenvarjoni
sateenvarjo	sateenvarjonikin
sateenvarjo	sateevarjo
sateinen	sateisilla
satelliitti	satelliitin
satelliitti	satelliitteihin
satelliitti	satelliittien
satelliittiohjelma	satelliittiohjelma
satiini	satiini
satiiri	satiirin
sato	sadon
sato	sato
sato	saton
sato	satona
satsata	satsata
satsata	satsataan
satsata	satsattu
sattua	sattua
sattua	sattuessa
sattua	sattui
sattua	sattuiko
sattua	sattuipas
sattua	sattuisi
sattua	sattuivat
sattua	sattunut
sattua	sattus
sattua	sattuu
sattua	sattuuko
sattua	sattuvat
sattua	satu
sattuma	sattuma
sattumalta	sattumalta
sattumanvaraisesti	sattumanvaraisesti
sattumoisin	sattumoisin
sattuva	sattuva
satu	sadun
satu	satu
satu	satuja
satula	satulasta
satumaa	satumaa
satumainen	satumainen
satunnainen	satunnaiselle
satunnainen	satunnaisia
satunnaisesti	satunnaisesti
satunnaissoitto	satunnaissoitto
satuttaa	satutin
sauber	sauberille
sauber	sauberin
saukko	saukon
sauli	sauli
sauli	saulista
sauna	saonalta
sauna	sauna
sauna	saunaan
sauna	saunaha
sauna	saunalla
sauna	saunalle
sauna	saunan
sauna	saunassa
sauna	saunasta
saunanosa	saunanosia
saunaosasto	saunaosastoa
saunaranta	saunarannasta
saunoa	saunomalla
saunonta	saunonnan
sauri	sauri
sauri	saurin
sauva	sauvaki
sauva	sauvan
savannah	savannah
savi	saveen
savio	saviolle
saviselkä	saviselkään
savivelli	savivellin
savo	savoksi
savo	savoksikin
savo	savom
savo	savon
savo	savossa
savo	savosta
savolainen	savolainen
savolainen	savolaiseksi
savolainen	savolaisesta
savolainen	savolaiset
savolainen	savolaisista
savolainen	savolaisten
savolaisvene	savolaisvene
savonlinna	savonlinnan
savu	savu
savu	savua
savu	savulle
savu	savun
savuke	savukkeen
savunmuodostus	savunmuodostus
savupiirros	savupiirroksen
savusauna	savusaunaan
savusilakka	savusilakat
savustaa	savustetuiksi
savuta	savuavina
savuton	savuttomia
schengen	schengenin
schumacher	schumacher
schumacher	schumacherilla
schumann	schumanniksi
schumann	schumannin
schwartz	schwartzin
science	science
scot	scot
sd	sd
sdp	sdp
sdp	sdp:n
sdp	sdp:stä
se	s
se	s´
se	se
se	se-
se	se:tä
se	sehän
se	sej
se	seki
se	sekin
se	sekään
se	sekö
se	sem
se	sen
se	senhän
se	senkin
se	senkään
se	sepä
se	sepäs
se	sev
se	si
se	siihe
se	siihem
se	siihen
se	siihenkin
se	siihenkö
se	siin
se	siint
se	siinä
se	siinähä
se	siinäkin
se	siinäpä
se	siit
se	siitä
se	siitähän
se	siitäkin
se	siitäkään
se	siitäpä
se	siksi
se	sil
se	sille
se	sillel
se	sillep
se	sillä
se	silläkin
se	silt
se	siltä
se	sinä
se	sit
se	sittään
se	sitä
se	sitähän
se	sitäkin
se	sitäkään
se	sitäkäänkö
se	sitäkö
se	so
se-	se-
seassa	seassa
sebamed	sebamed
sebbas	sebbaksen
sedov	sedov
seija	seija
seija	seijalta
seikka	seikalla
seikka	seikan
seikka	seikat
seikka	seikka
seikka	seikkojen
seikkailu	seikkailuihin
seikkailu	seikkailunsa
seikkailu	seikkailut
seikkailupuisto	seikkailupuisto
seilata	seilaisi
seilata	seilasi
seili	seilin
seinusta	seinustalla
seinä	seinien
seinä	seinille
seinä	seinillä
seinä	seiniltä
seinä	seinissä
seinä	seiniä
seinä	seinä
seinä	seinälle
seinä	seinälleen
seinä	seinällä
seinä	seinältä
seinä	seinän
seinä	seinässä
seinä	seinästä
seinä	seinät
seinä	seinää
seinä	seinään
seinäjoki	seinäjoella
seinäjoki	seinäjoelle
seinäjoki	seinäjoen
seinäjoki	seinäjoki
seinämä	seinämät
seinänjäte	seinänjätteet
seinänkokoinen	seinänkokoinen
seis	seis
seisaalleen	seisaalleen
seisaaltaan	seisaaltaan
seisahtua	seisahtui
seisoa	seisoa
seisoa	seisoi
seisoa	seisoin
seisoa	seisoisit
seisoa	seisoivat
seisoa	seisomaan
seisoa	seisomassa
seisoa	seisoo
seisoa	seisoon
seisoa	seisot
seisoa	seisotta
seisoa	seisova
seisoa	seisovat
seisoksinta	seisoksintaa
seisoma	seisomalta
seisoskella	seisoskeli
seisottaa	seisottaa
seisottaa	seisottaneet
seistä	seisseet
seistä	seissy
seistä	seissyttä
seistä	seistä
seitsemisen	seitsemisen
seitsemän	seitsemä
seitsemän	seitsemälle
seitsemän	seitsemällä
seitsemän	seitsemän
seitsemän	seitsemään
seitsemän	seittemäks
seitsemän	seittemääm
seitsemän-kahdeksankymppiä	seitsemää-kahdeksaakymppiä
seitsemänkymmentäkaksi	seitsemänkymmentäkaksi
seitsemänkymmentäviisi	seitenviisi
seitsemänkymppiä	seitsemääkymppiä
seitsemänsataa	seitsemänsataa
seitsemänvuotias	seitsemänvuotiaana
seitsemäs	seitsemännellä
seitsemäs	seitsemänneltä
seitsemäs	seitsemännen
seitsemäs	seitsemännessä
seitsemäs	seitsemäntenä
seitsemäs	seitsemäs
seitsemäs	seitsemättä
seitsemäs	seittemäs
seitsentoistavuotinen	seitsentoistavuotisen
seitsenvaihteinen	seitsenvaihteinen
seiväs	seiväs
seiväshyppy	seiväshypyssä
seiväskomeetta	seiväskomeetan
sekaan	sekaan
sekaannus	sekaannus
sekaantuminen	sekaantumisen
sekaisin	sekaisin
sekaisin	sekasin
sekalainen	sekalaista
sekarotuinen	sekarotuinen
sekasorto	sekasortoa
sekasusi	sekasusien
sekava	sekava
sekava	sekavassa
sekava	sekavat
sekoilla	sekoileen
sekoittaa	sekoita
sekoittaa	sekoitetaan
sekoittaa	sekoitetaanko
sekoittaa	sekoittamalla
sekoittaa	sekoitti
seksi	seksin
seksi	seksiä
seksi-	seksi-
seksiskandaali	seksiskandaaleihin
sektori	sektorille
sektori	sektorin
sekunti	sekunnissa
sekunti	sekunti
sekunti	sekuntia
sekunti	sekuntiin
sekä	sekä
selaaminen	selaamisesta
selailla	selaile
selata	selasi
seles	seles
selin	selin
selitellä	selitellä
selitellä	selittelisi
selittyä	selittyvät
selittäjä	selittäjäksi
selittää	selitettävissä
selittää	selitetään
selittää	selitti
selittää	selittämättömästä
selittää	selittäneen
selittää	selittää
selittää	selitä
selittää	selitäs
selittää	selität
selitys	selityksen
selitys	selitykset
selitys	selitys
selitys	selitystä
selityskappale	selityskappaleessa
selkeä	selkeä
selkeä	selkeämpää
selkeä	selkeän
selkeämmin	selkeämmin
selkeästi	selkeästi
selkiytyminen	selkiytyminen
selkiytyä	selkiytymätön
selkkaus	selkkaukseen
selkkaus	selkkaus
selko	selko
selkokielisesti	selkokielisesti
selkokuva	selkokuva
selkä	selkä
selkä	selkäni
selkä	selkää
selkä	selkään
selkä	selkääni
selkä	selälle
selkä	selän
selkä	seläs
selkä	selässä
selkä	selässään
selkä	selästä
selkäkipu	selkäkipujen
selkälokki	selkälokkeja
selkänahka	selkänahastasi
selkänahka	selkänahkasta
selkänoja	selkänojan
selkäranka	selkärangan
selkäreppu	selkäreppuja
selkäreppu	selkäreput
selkäuinti	selkäuinnissa
selkävesi	selkävesien
selkäydin	selkäydin
sellai	sellai
sellainen	sellainen
sellainen	sellainenkin
sellainen	sellaiseen
sellainen	sellaiseksi
sellainen	sellaisella
sellainen	sellaiselle
sellainen	sellaisellekin
sellainen	sellaisen
sellainen	sellaisena
sellainen	sellaisessa
sellainen	sellaisesta
sellainen	sellaiset
sellainen	sellaisetkin
sellainen	sellaisia
sellainen	sellaisiakin
sellainen	sellaisiin
sellainen	sellaisiksi
sellainen	sellaisissa
sellainen	sellaisista
sellainen	sellaist
sellainen	sellaista
sellainen	sellaisten
sellainen	sellaistenkin
sellainen	sellane
sellainen	sellanen
sellainen	sellasesta
sellainen	sellaset
sellainen	sellast
sellainen	sellasta
sellainen	sellasten
sellaisenaan	sellaisenaan
selli	selliin
sellisti	sellistejä
sello	sellon
sellokonsertto	sellokonsertot
sellu	sellua
sellu	sellun
sellutehdas	sellutehdastaan
sellutehdas	sellutehtaan
selma	selma
selostaa	selostaa
selostaa	selostettiin
selostaja	selostajan
selostus	selostuksista
selten	seltenillä
selventyä	selventyy
selvetä	selvenee
selville	selville
selvillä	selvillä
selvimmin	selvimmin
selvittely	selvittelyä
selvittäminen	selvittämistä
selvittää	selvitetty
selvittää	selvitettäviä
selvittää	selvitettävä
selvittää	selvitettäväksi
selvittää	selvitettävänä
selvittää	selvitettävänään
selvittää	selvitetään
selvittää	selvitin
selvittää	selvitti
selvittää	selvittämättä
selvittää	selvittämättömän
selvittää	selvittämään
selvittää	selvittävät
selvittää	selvittää
selvittää	selvittääkseen
selvittää	selvitämme
selvittää	selvitän
selvitys	selvityksen
selvitys	selvityksestä
selvitys	selvityksiä
selvitys	selvitys
selvitysmies	selvitysmiehen
selvitysmies	selvitysmies
selvitystyö	selvitystyö
selvitä	selvinneet
selvitä	selvinnevät
selvitä	selvinnyt
selvitä	selvisi
selvitä	selvisit
selvitä	selvisivät
selvitä	selvittiin
selvitä	selvitty
selvitä	selvitä
selvitä	selvitään
selvitä	selviä
selvitä	selviäisi
selvitä	selviäisin
selvitä	selviämään
selvitä	selviän
selvitä	selviänhän
selvitä	selviänpä
selvitä	selviänpäs
selvitä	selviävän
selvitä	selviävät
selvitä	selviää
selviytyminen	selviytyminen
selviytyminen	selviytymisen
selviytymisstrategia	selviytymisstrategiaan
selviytyä	selviydyttävä
selviytyä	selviytyi
selviytyä	selviytyivät
selviytyä	selviytyneen
selviytyä	selviytyneet
selviytyä	selviytyvät
selviytyä	selviytyä
selviö	selviö
selvyys	selvyys
selvä	selvempi
selvä	selville
selvä	selvin
selvä	selviä
selvä	selvä
selvä	selväksi
selvä	selvältä
selvä	selvänä
selvä	selvässä
selvä	selvät
selvä	selvää
selvä	selvääkin
selvä	selvään
selvästi	selvästi
seläkkäin	seläkkäin
selälleen	selälleen
selällään	selällään
selänne	selänne
selänne	selännettä
selänne	selänteen
semeikka	semeikka
sementoida	sementoi
seminaari	seminaareissa
seminaari	seminaari
seminaari	seminaariin
seminaari	seminaarin
seminaari	seminaarissa
seminaarihuone	seminaarihuoneessa
semminkin	semminkin
semmoinen	semmoinen
semmoinen	semmoiseen
semmoinen	semmoisen
semmoinen	semmoiset
semmoinen	semmoisia
semmoinen	semmoista
semmoinen	semmone
semmoinen	semmonen
semmoinen	semmose
semmoinen	semmoseen
semmoinen	semmoseks
semmoinen	semmosena
semmoinen	semmoses
semmoinen	semmosessa
semmoinen	semmoset
semmoinen	semmosia
semmoinen	semmosii
semmoinen	semmosiin
semmoinen	semmosilla
semmoinen	semmost
semmoinen	semmosta
semmoinen	semne
semmoinen	semssi
semstvo	semstvon
sen	sen
senaatintori	senaatintorille
senaatti	senaatin
senaattori	senaattori
senegal	senegalissa
senga	senga
sengana	senganan
senhetkinen	senhetkiseen
senhetkinen	senhetkisistä
senilis	senilis
senkaltainen	senkaltaista
senkin	senkin
senkäänvertainen	senkäänvertaista
senna	sennan
sensaatio	sensaatio
sensaatio	sensaatioilla
sensaatio	sensaation
sensaatio	sensaationa
sensaatiomainen	sensaatiomaisempia
sensuroida	sensuroitu
sensuuri	sensuuria
sentin-pari	sentin-parin
sentraali	sentraaliin
sentteri	sentteri
sentti	sentin
sentti	senttiä
senttinen	senttisiä
sentyyppinen	sentyyppistä
sentään	sentää
sentään	sentään
seos	seokseksi
seota	seota
sepalus	sepaluksen
seppele	seppeleet
seppo	sepon
seppo	seppo
seppous	seppouden
seppä	seppä
seppälä	seppälä
seppälä	seppälän
seppänen	seppäsenkin
serbi	serbejä
serbi	serbien
serbi	serbit
serbia	serbia
serbia	serbian
serbialue	serbialueille
serbijoukko	serbijoukkojen
serbipoika	serbipoika
serbisotilas	serbisotilasta
serbitasavalta	serbitasavallassa
sereda	sereda
seremonia	seremonia
sergio	sergio
serkku	serkkuni
serkku	serkkunsa
serkku	serkulleni
serkku	serkun
serkku	serkut
serkkupoika	serkkupoikansa
serkus	serkukset
serla	serla
serla	serlaa
serlachius	serlachius
serpentiini	serpentiinejä
servetti	servetit
seteli	setelillä
seteli	setelin
setripuu	setripuuhun
setviä	setviä
setä	sedän
setä	setä
setä	setäni
setä	setää
setälä	setälä
setälä	setälän
setämies	setämies
seula	seulalla
seuloa	seuloa
seura	seura
seura	seuraa
seura	seurain
seura	seurakseni
seura	seuran
seura	seurana
seura	seuranaan
seura	seuransa
seura	seurassa
seura	seurastani
seura	seurat
seura	seuroista
seuraaja	seuraajaa
seuraaja	seuraajaksi
seuraaminen	seuraamista
seuraamus	seuraamuksitta
seuraava	seuraava
seuraava	seuraavaa
seuraava	seuraavaan
seuraava	seuraavaksi
seuraava	seuraavalla
seuraava	seuraavalle
seuraava	seuraavan
seuraava	seuraavana
seuraava	seuraavas
seuraava	seuraavassa
seuraava	seuraavat
seuraava	seuraavien
seuraava	seuraaville
seuraava	seuraavina
seuraava	seuraavista
seuraavaksi	seuraavaks
seuraavaksi	seuraavaksi
seurailla	seurailemaan
seurailla	seurailla
seurakunta	seurakunnan
seurakuntalainen	seurakuntalaisia
seurakuntanuori	seurakuntanuorten
seurakuntauutinen	seurakuntauutisissa
seuralainen	seuralaista
seuramatka	seuramatkoja
seurankipeä	seurankipeä
seurannaisvaikutus	seurannaisvaikutusten
seurata	seuraa
seurata	seuraamaan
seurata	seuraamme
seurata	seuraat
seurata	seuraavaa
seurata	seuraavaan
seurata	seuraavalla
seurata	seuraavana
seurata	seuraavasta
seurata	seuraavat
seurata	seuranneessa
seurata	seuranneet
seurata	seurannut
seurata	seurasi
seurata	seurasin
seurata	seurasit
seurata	seurata
seurata	seurataan
seurata	seuratako
seurata	seuratessa
seurata	seuratessaan
seurata	seuratessani
seurata	seurattakoon
seurata	seurattava
seurata	seurattiin
seurata	seurattu
seuratalo	seuratalojen
seurauksena	seurauksena
seuraus	seurauksena
seuraus	seuraukset
seuraus	seurauksia
seuraus	seurauksista
seuraus	seuraus
seuraus	seurausta
seuraus	seurausten
seurue	seurue
seurustella	seurustelemaan
seurustelu	seurustelun
seutu	seuduilla
seutu	seuduin
seutu	seudun
seutu	seutu
seutu	seutua
seutulippukokeilu	seutulippukokeiluun
sev	sevin
sew-eurodrive	sew-eurodriven
seychellit	seychelleiltä
sf-kertomus	sf-kertomuksia
sf-line	sf-line
shaali	shaaleja
shakespeare	shakespearea
shakki	shakkia
shakkiruudukko	shakkiruudukossa
shampoo	shampoota
shanghai	shanghai
shanghai	shanghaista
sharon	sharon
shearer	shearer
sheba	sheba
sheherazade	sheherazade
shell	shell
shell	shellille
shell	shellin
sherry	sherryä
sheryl	sherylin
shialainen	shialainen
shikolenko	shikolenko
shkaki	shkaki
shokki	shokkiin
shokkiohjaaja	shokkiohjaajana
shortsi	shortsit
shortsit	shortseissa
show	show
show	shownsa
shultz	shultz
siankärsämö	siankärsämöä
sianliha	sianlihaa
sibelius	sibeliuksen
sibelius	sibelius
sibelius-akatemia	sibelius-akatemian
sibelius-viulukilpailu	sibelius-viulukilpailun
side	siteitä
sidekalvo	sidekalvojen
sidekudos	sidekudosta
sidi	sidi
sidoksissa	sidoksissa
siedettävä	siedettävä
siellä	siel
siellä	sielki
siellä	siell
siellä	siellä
siellä	siellähän
siellä	sielläkin
siellä	sielläkö
siellä	sielä
siellä	siäl
siellä	siälä
siellä	siäläh
sieltä	sielt
sieltä	sieltä
sieltä	sieltäkään
sieltä	siält
sielu	sielua
sielukas	sielukkaat
sielunvaellus	sielunvaellusta
siemen	siemenen
siemen	siemenestä
siemen	siemenet
siemenperuna	siemenperunat
siemens	siemens
siemens	siemensin
sienestys	sienestykseen
sieni	sieneen
sieni	sienet
sieni	sieni
sieni	sienille
sieni	sieniä
sieni-itiöpitoisuus	sieni-itiöpitoisuus
sienimetsä	sienimetsään
siepata	sieppasi
sieppaaja	sieppaajaa
sierain	sieraimeen
sierra	sierra
sietoraja	sietorajansa
sietää	siedettävänä
sietää	sietämättömiä
sietää	sietämätön
sietää	sietämätöntä
sietää	sietämään
sietää	sietävät
sietää	sietää
sievinen	sievisen
sievä	sievä
signaali	signaalin
sihahtaa	sihahti
sihanou	sihanoukin
sihanouk	sihanouk
sihteeri	sihteereinä
sihteeri	sihteeri
sihteeri	sihteerille
sihteeri	sihteerin
sihteeri	sihteerinä
sihteerintoimi	sihteerintoimesta
sihteeristö	sihteeristölle
sihti	sihtiin
siideri	siideriä
siihen	siihe
siihen	siihen
siika	siian
siika	siikaa
siikainen	siikastem
siikakeitto	siikakeitto
siikakeitto	siikakeittonsa
siikala	siikalaan
siilinjärvi	siilinjärveä
siilo	siiloissaan
siinä	siim
siinä	siin
siinä	siinä
siinä	siinäpä
siipi	siipi
siipi	siipien
siipi	siipiesi
siipi	siipiäni
siipi	siipiään
siipi	siivet
siipirikko	siipirikoksi
siirrellä	siirrellään
siirrännäinen	siirrännäisiä
siirto	siirrostaan
siirto	siirto
siirto	siirtoa
siirtogeeninen	siirtogeeninen
siirtohäly	siirtohälyn
siirtolainen	siirtolaiset
siirtolaisvuosi	siirtolaisvuotta
siirtomaaherra	siirtomaaherrojen
siirtoraha	siirtorahat
siirtyillä	siirtyilevä
siirtyminen	siirtyminen
siirtymäkausi	siirtymäkauden
siirtymävaihe	siirtymävaihe
siirtyä	siirry
siirtyä	siirryimme
siirtyä	siirrymme
siirtyä	siirrytty
siirtyä	siirtyessä
siirtyä	siirtyi
siirtyä	siirtymässä
siirtyä	siirtymään
siirtyä	siirtynyt
siirtyä	siirtyvä
siirtyä	siirtyvän
siirtyä	siirtyvät
siirtyä	siirtyy
siirtyä	siirtyä
siirtäminen	siirtäminen
siirtäminen	siirtämistä
siirtää	siirrettiin
siirtää	siirretty
siirtää	siirrettäisiin
siirtää	siirretään
siirtää	siirrä
siirtää	siirrämme
siirtää	siirsi
siirtää	siirsivät
siirtää	siirtäsiksä
siirtää	siirtävistä
siirtää	siirtää
siis	siis
siissitellä	siissitellään
siisteys	siisteydestä
siisti	siistejä
siisti	siisti
siisti	siistimpi
siisti	siistin
siisti	siistinä
siisti	siistiä
siistiytymistila	siistiytymistilan
siistiä	siistii
siitari	siitarin
siitonen	siitosen
siitos	siitokseen
siitä	siitä
siitä	sikiää
siivo	siivon
siivoaminen	siivoamiseen
siivola	siivola
siivooja	siivooja
siivooja	siivoojaa
siivooja	siivoojalle
siivooja	siivoojan
siivooja	siivoojat
siivota	siivoaa
siivota	siivoamaan
siivota	siivoamassa
siivota	siivoamatta
siivota	siivoan
siivota	siivonneet
siivota	siivonnu
siivota	siivoomaan
siivota	siivosi
siivota	siivota
siivota	siivotaan
siivota	siivottu
siivousala	siivousalan
siivouskiista	siivouskiista
siivu	siivuihin
sija	sija
sija	sijaa
sija	sijalta
sija	sijan
sija	sijastani
sijaan	sijaan
sijainen	sijaiselle
sijainen	sijaisena
sijainen	sijaisten
sijainti	sijainnista
sijainti	sijainti
sijaisreservi	sijaisreservit
sijaisresurssi	sijaisresurssi
sijaisuus	sijaisuuksia
sijaita	sijainnut
sijaita	sijaita
sijaita	sijaitsee
sijaita	sijaitseva
sijaita	sijaitsevaa
sijaita	sijaitsevaan
sijaita	sijaitsevan
sijaita	sijaitsevassa
sijaita	sijaitsi
sijasta	sijasta
sijoilleen	sijoilleen
sijoittaa	sijoitetaan
sijoittaa	sijoitettuna
sijoittaa	sijoitettuun
sijoittaa	sijoittaa
sijoittaa	sijoittamaan
sijoittaa	sijoittanut
sijoittaja	sijoittaja
sijoittaminen	sijoittamisesta
sijoittua	sijoittuu
sijoittua	sijoittuvasta
sijoittuminen	sijoittuminen
sijoitus	sijoitukset
sijoitus	sijoituksiakin
sijoitus	sijoitus
sijoitus-	sijoitus-
sijoituskohde	sijoituskohteita
sijoituskäsite	sijoituskäsitteenä
sijoituttaa	sijoituttaa
sika	siallekkis
sika	sian
sika	siat
sika	sika
sika	sikaa
sika	sikana
sikahumala	sikahumalassa
sikahyvä	sika
sikailla	sikailla
sikajumppa	sikajumpat
sikala	sikalassa
sikamaisuus	sikamaisuutta
sikana	sikana
sikari	sikari
sikari	sikarista
sikarinporo	sikarinporoa
sikatönkkö	sikatönkkö
sikhi	sikhi
sikin	sikin
sikinsokin	sikinsokin
sikiö	sikiön
siksi	siks
siksi	siksi
sikäli	sikäli
sikäläinen	sikäläisillä
sikäläisittäin	sikäläisittäin
silakka-	silakka-
silakkajuttu	silakkajutun
silaus	silausta
sileä	sileinä
sileä	sileäksi
sileä	sileää
silikonitäyte	silikonitäytteet
silittäminen	silittämistä
silittää	silitti
silittää	silittäisi
silittää	silittänyt
silittää	silittää
silittää	silitän
silitysrauta	silitysrautaa
silitä	siliää
silja	siljan
silkka	silkasta
silkka	silkkaa
silkki	silkistä
silkki	silkki
silkki	silkkiin
silkki	silkkiä
silkkihanskakohtelu	silkkihanskakohtelua
silkkikude	silkkikude
silkkinen	silkkinen
silkkipaita	silkkipaita
silkkipeppu	silkkipepun
sillanpää	sillanpään
silleen	sillee
silleen	silleen
silloin	sillo
silloin	silloin
silloin	silloinkaan
silloin	silloinkin
silloin	sillon
silloinen	silloisen
silloinen	silloisessa
sillä	sillä
sillälailla	sillai
silminnähden	silminnähden
silminnäkijä	silminnäkijä
silminnäkijä	silminnäkijältä
silminnäkijä	silminnäkijätkin
silminnäkijä	silminnäkijöiden
silminnäkijä	silminnäkijöitä
silmityksin	silmityksin
silmu	silmuja
silmukka	silmukka
silmä	silimät
silmä	silmien
silmä	silmiensä
silmä	silmiin
silmä	silmiini
silmä	silmiinikään
silmä	silmillä
silmä	silmillään
silmä	silmiltään
silmä	silmin
silmä	silmineen
silmä	silmissä
silmä	silmissäni
silmä	silmistä
silmä	silmistäni
silmä	silmistään
silmä	silmiä
silmä	silmiään
silmä	silmä
silmä	silmälle
silmä	silmällä
silmä	silmänsä
silmä	silmässä
silmä	silmästä
silmä	silmät
silmä	silmää
silmä	silmään
silmäillä	silmäillessään
silmäillä	silmäillä
silmäkulma	silmäkulmaan
silmäkulma	silmäkulmansa
silmäkulma	silmäkulmassa
silmäkulma	silmäkulmassaan
silmäkulma	silmäkulmista
silmälaseitse	silmälaseitse
silmälasi	silmälaseja
silmälasi	silmälasit
silmälasit	silmälaseja
silmälasit	silmälasit
silmälasit	silmälasitkin
silmänpohja	silmänpohjan
silmänpohjasairaus	silmänpohjasairaus
silmäripsi	silmäripsiin
silmävarainen	silmävarainen
silmäys	silmäyksellä
silottaa	silottivat
silputa	silppuamassa
silputa	silppusi
silta	sillan
silta	sillat
silta	silta
silta	siltaa
silta	siltoja
silta-niminen	silta-niminen
siltala	siltalan
siltanen	siltanen
silti	silti
silvola	silvolan
sima	simaa
simberg	simbergin
simeoni	simeoni
simo	simo
simo	simon
simola	simola
simpatti	simpatti
simpauttaja	simpauttajakin
simpson	simpsonille
sinappi	sinapilla
sinappi	sinapit
sinbri	sinbria
sinfonia	sinfonia
singapore	singaporen
singled	singled
singota	singottu
sini	sini
sini	siniksi
sini	siniä
sinikeltainen	sinikeltaisia
sinikka	sinikka
sinilevä	sinilevää
sinileväesiintymä	sinileväesiintymiä
sininen	sininen
sininen	siniselle
sininen	sinisen
sininen	sinisestä
sininen	siniset
sininen	sinisine
sininen	sinistä
sinipaita	sinipaidan
sinis	sinisin
sinisalo	sinisalo
sinisenmusta	sinisenmustaan
sinisimpukka	sinisimpukat
sinivalkoinen	sinivalkoinen
sinivalkoinen	sinivalkoisten
siniviivallinen	siniviivallinen
sinkoilla	sinkoili
sinne	sinne
sinnikkäästi	sinnikkäästi
sinnikäs	sinnikäs
sinutella	sinutella
sinutella	sinutellut
sinutella	sinuttelee
sinutella	sinuttelivat
sinä	nää
sinä	sie
sinä	sinua
sinä	sinuakin
sinä	sinulla
sinä	sinullakin
sinä	sinulle
sinä	sinulta
sinä	sinun
sinä	sinuna
sinä	sinusta
sinä	sinut
sinä	sinutkin
sinä	sinuun
sinä	sinä
sinä	sinähän
sinä	sinäkin
sinä	sinäkään
sinä	sinäkö
sinä	sinäkös
sinä	sinäpä
sinä	siun
sinä	sua
sinä	sul
sinä	sull
sinä	sulla
sinä	sullakaan
sinä	sulle
sinä	sulta
sinä	sun
sinä	sunki
sinä	susta
sinä	sut
sinä	sä
sinä	sää
sinä	te
sinä	tehän
sinä	teidän
sinä	teidät
sinä	teihin
sinä	teil
sinä	teille
sinä	teillä
sinä	teilt
sinä	teiltä
sinä	teinä
sinä	teistä
sinä	teit
sinä	teittii
sinä	teitä
sinä	teiän
sinä	tekin
sinä	tekö
sinä	työ
sinä	työkö
sinällään	sinällään
sinänsä	sinänsä
sipaista	sipaisten
siperia	siperia
siperia	siperian
sipilä	sipilä
sipilä	sipilän
sipilä	sipilää
sippola	sippola
sipuli	sipuli
sipuli	sipulia
sipuli	sipulista
sipuli	sipulit
sipuli-	sipuli-
sipulipihvi	sipulipihvit
sir	sir
sireeni	sireenit
siristellä	siristellä
siristää	siristää
sirkus	sirkuksessa
sirkushuvi	sirkushuvit
sirkusihminen	sirkusihmistä
sirkusponi	sirkusponi
sirkustaiteilija	sirkustaiteilija
siro	siroilla
siro	sirolla
siro	sirolle
siro	sirompi
sirola	sirolalta
sirote	sirote
sirotella	sirottelivat
sirpa	sirpa
sirpa	sirpalla
sirpa	sirpan
sirpaleinen	sirpaleinen
siru	siru
sirviö	sirviö
sisar	sisar
sisar	sisareni
sisar	sisarensa
sisar	sisarta
sisarus	sisarukset
sisarus	sisaruksia
sisarus	sisaruksista
sisarussarja	sisarussarja
sisin	sisimmässäni
sisko	sisko
sisko	siskoa
sisko	siskoilta
sisko	siskon
sissi	sisseistä
sissi	sissit
sissijärjestö	sissijärjestöä
sisu-auto	sisu-auton
sisustaa	sisustettu
sisustaja	sisustaja
sisustus	sisustus
sisustusarkkitehti	sisustusarkkitehti
sisustuselementti	sisustuselementtien
sisä-suomi	sisä-suomesta
sisäinen	sisäinen
sisäinen	sisäiset
sisäinen	sisäistäkin
sisäistää	sisäistävät
sisäkorva	sisäkorvalla
sisälle	sisäle
sisälle	sisälle
sisällissota	sisällissodan
sisällissota	sisällissota
sisällyttää	sisällytän
sisällä	sisällä
sisällä	sisälläkin
sisällä	sisälläni
sisällä	sisällään
sisällöllinen	sisällöllisen
sisältyä	sisälly
sisältyä	sisältyi
sisältyä	sisältyviä
sisältyä	sisältyvät
sisältyä	sisältyy
sisältä	sisältä
sisältää	sisällä
sisältää	sisälsi
sisältää	sisältämä
sisältää	sisältänyttä
sisältää	sisältävät
sisältää	sisältää
sisältö	sisällöltään
sisältö	sisällön
sisältö	sisällöstä
sisältö	sisältö
sisältö	sisältöä
sisäministeriö	sisäministeriö
sisäministeriö	sisäministeriön
sisäpiiri	sisäpiirejä
sisäpinta	sisäpinnassa
sisäpuolelta	sisäpuolelta
sisäpuolinen	sisäpuolisella
sisäsiisti	sisäsiistiksi
sisässä	sisässä
sisästä	sisästä
sisätautilääkäri	sisätautilääkärille
sisävalo	sisävalot
sisävesi	sisävedet
sisävesi	sisävesien
sisävesi	sisävesissä
sisään	sisään
sisäänajautua	sisäänajauduttuaan
sisäänpäin	sisäänpäin
sitaatti	sitaatin
sitaatti	sitaatti
sitaista	sitaisemassa
sitaista	sitaisi
siteerata	siteeraa
siteerata	siteerasin
siteerata	siteeratakseni
siten	siten
sitkeä	sitkeä
sitkeä	sitkeän
sitkeä	sitkeää
sitkeästi	sitkeästi
sitoa	sidottakoon
sitoa	sitoa
sitoa	sitonut
sitoa	sitoo
sitoutua	sitoutua
sitoutua	sitoutuisi
sitoutua	sitoutumattomalle
sitoutua	sitoutumattomana
sitoutua	sitoutuneet
sitruuna	sitruunan
sitruuna	sitruunana
sitruuna	sitruunoissa
sitruunamehu	sitruunamehua
sitruunamelissa	sitruunamelissa
sitruunaperhoskoiras	sitruunaperhoskoiras
sittemmin	sittemmin
sitten	s
sitten	sit
sitten	sitt
sitten	sitte
sitten	sitten
sitten	sittenkin
sitten	sittes
sitten	st
sittenkin	sittenkin
sittenkään	sittenkään
sitä	sitä
sitäpaitsi	sitäpaitsi
siunaantua	siunaantuu
siunata	siunattiin
siunattu	siunatut
siunaus	siunauksen
siunaus	siunausta
siunausvuoro	siunausvuoro
sivari	sivari
sivellin	siveltimen
sivellä	sivele
sivellä	siveli
siviili	siviiliin
siviili	siviilistä
siviilipalvelusmies	siviilipalvelusmiesten
siviilipukuinen	siviilipukuisen
siviilivihkiminen	siviilivihkiminen
siviilivirka	siviiliviran
siviiliväestö	siviiliväestöön
sivistyneesti	sivistyneesti
sivistyneistö	sivistyneistöllämme
sivistyneistö	sivistyneistöstä
sivistyneistö	sivistyneistöä
sivistynyt	sivistynyt
sivistys	sivistykseen
sivistys	sivistyksen
sivistys	sivistys
sivistystoimenjohtaja-kansalaisopisto	sivistystoimenjohtaja-kansalaisopiston
sivistyä	sivistyäkseen
sivistäminen	sivistämiseni
sivu	sivu
sivu	sivua
sivu	sivuilla
sivu	sivuille
sivu	sivuilta
sivu	sivujen
sivu	sivulla
sivu	sivulleen
sivu	sivulta
sivu	sivun
sivu	sivut
sivu	sivuun
sivu-	sivu-
sivuitse	sivuitse
sivuittain	sivuittain
sivujuonne	sivujuonteeksi
sivukansi	sivukannella
sivukulu	sivukulujen
sivulaita	sivulaidan
sivulla	sivullani
sivullinen	sivullisen
sivumerkitys	sivumerkityksensä
sivummalle	sivummalle
sivuovi	sivuovi
sivupersoona	sivupersoonaa
sivupuro	sivupuroissa
sivussa	sivussa
sivustakatselija	sivustakatselijan
sivusto	sivusto
sivusto	sivustoista
sivusto	sivustosta
sivuta	sivua
sivuta	sivuaa
sivuta	sivuavat
sivutie	sivutie
sivuun	sivuun
sivuuttaa	sivuuttanut
sk	sk:n
skandaali	skandaali
skdl	skdl
skeptikko	skeptikko
skeptisyys	skeptisyyttään
ski-doo	ski-doo
skini	skineihin
skl	skl:n
skoda	skoda
skop	skopin
skop-vetoinen	skop-vetoinen
skotlanti	skotlannissa
skotlanti	skotlantiin
skotlantilainen	skotlantilaiset
skp	skp:tä
skuuppi	skuuppeja
skysurf	skysurf
skysurf	skysurfia
slite	slite
slummi	slummeissa
sm-finaali	sm-finaalin
sm-hopea	sm-hopeaa
sm-hopea	sm-hopean
sm-kisa	sm-kisoihin
sm-kulta	sm-kultaa
sm-liiga	sm-liiga
sm-liigaottelu	sm-liigaottelujen
sm-sarja	sm-sarjassa
sm-sarja	sm-sarjat
smirnov	smirnov
smokin	smokin
smokki	smokki
snellmaninkatu	snellmaninkadun
snobbailija	snobbailija
sodanjulistus	sodanjulistusta
sodanjälkeinen	sodanjälkeisessä
sodankylä	sodankylän
sofistikoitu	sofistikoitu
softex-käsisammutin	softex-käsisammutin
sohjo	sohjoa
sohjo	sohjossa
sohva	sohva
sohva	sohvaa
sohva	sohvalla
sohva	sohvalle
sohva	sohvan
soida	soi
soida	soida
soida	soiko
soida	soikoon
soida	soimaan
soida	soivat
soikea	soikeaan
soila	soila
soili	soili
soili	soiliki
soili	soilille
soili	soilin
soininvaara	soininvaara
sointi	sointi
soitanta	soitanta
soitella	soitelkoot
soitella	soitellen
soitella	soiteltu
soitella	soittele
soitella	soittelee
soitella	soitteli
soitin	soitin
soitin	soitinten
soitin	soittimen
soittaa	soita
soittaa	soitan
soittaa	soitanks
soittaa	soitat
soittaa	soitetaan
soittaa	soitettiin
soittaa	soitettu
soittaa	soitin
soittaa	soitinkin
soittaa	soitit
soittaa	soititko
soittaa	soittaa
soittaa	soittaan
soittaa	soittaessa
soittaa	soittaisi
soittaa	soittaisimme
soittaa	soittaisit
soittaa	soittama
soittaa	soittamaan
soittaa	soittamalla
soittaa	soittanut
soittaa	soittasit
soittaa	soittavat
soittaa	soitti
soittaa	soittivat
soittaja	soittaja
soittaja	soittajatkin
soittaminen	soittaminen
soittaminen	soittamisen
soittaminen	soittamista
soittelija	soittelija
soitto	soitto
soitto	soittoon
soittotunti	soittotunneilla
soittua	soittuuko
soittua	soitu
sok	sok:n
sokaista	sokaista
sokea	sokea
sokea	sokeiksi
sokea	sokeita
sokeri	sokereita
sokeri	sokeria
sokeritauti	sokeritauti
sokin	sokin
sokos	sokokseen
sokos	sokoksella
sokos	sokokselle
sokrates	sokrateelle
sokrates	sokrateesta
solana	solana
solarium	solarium
solidaarisuus	solidaarisuuden
solisluu	solisluitten
solisti	solistien
solkenaan	solkenaan
solmia	solmi
solmia	solmiessaan
solmia	solmimme
solmia	solmitaan
solmio	solmio
solmu	solmulla
solmu	solmussa
solu	solu
solu	soluissa
solu	soluja
solu	solujen
solu	solullaan
solumäärä	solumäärien
solvata	solvata
solvaus	solvauksesta
soma	soma
soma	somaa
soma	somempaa
somali	somaleilla
somalia	somaliassa
somalia	somaliasta
sonja	sonja
sonja	sonjan
sonkajärvi	sonkajärvellä
sonnustautua	sonnustautua
soolo	soolot
soon	soon
soopa	soopaa
sopeuttaa	sopeutettava
sopeutua	sopeutua
sopeutuminen	sopeutumisen
sopeutuminen	sopeutumista
sopeutumisongelma	sopeutumisongelmia
sopeutus	sopeutus
sopia	sopi
sopia	sopia
sopia	sopii
sopia	sopiihan
sopia	sopiiko
sopia	sopimaan
sopia	sopimattomia
sopia	sopinee
sopia	sopineet
sopia	sopinu
sopia	sopinut
sopia	sopisi
sopia	sopisit
sopia	sopivan
sopia	sopivat
sopia	sovi
sopia	sovitaan
sopia	sovittaisiin
sopia	sovittiin
sopia	sovittu
sopia	sovitulle
sopia	sovitulta
sopimaton	sopimaton
sopimaton	sopimatonta
sopiminen	sopimisen
sopimus	sopimukseen
sopimus	sopimuksen
sopimus	sopimuksensa
sopimus	sopimukset
sopimus	sopimuksia
sopimus	sopimuksiin
sopimus	sopimus
sopimus	sopimuskin
sopimus	sopimusta
sopimuskansio	sopimuskansiota
sopimuskeskustelu	sopimuskeskustelun
sopimusoikeus	sopimusoikeudessa
sopimuspaperi	sopimuspaperia
sopiva	sopiva
sopiva	sopivaa
sopiva	sopivan
sopiva	sopivana
sopiva	sopivassa
sopiva	sopivia
sopiva	sopivin
sopivasti	sopivasti
soppa	sopan
soppa	soppa
soppa	soppaa
soppala	soppala
sopu	sopu
sopu	sopuun
sopuisasti	sopusasti
sopukka	sopukoista
sopusointu	sopusoinnussa
sora	sorat
sorakenttä	sorakentän
sorakuoppa	sorakuopilta
sori	sori
sorjonen	sorjonen
sorkka	sorkka
sorkkarauta	sorkkaraudasta
sormeilla	sormeili
sormeilu	sormeilua
sormenjälki	sormenjäljet
sormenpää	sormenpäitään
sormi	sormeani
sormi	sormella
sormi	sormensa
sormi	sormet
sormi	sormi
sormi	sormia
sormi	sormien
sormi	sormillaan
sormi	sormin
sormi	sormistaan
sormunen	sormunen
sormunen	sormusen
sormus	sormusta
sormus	sormusten
soros	sorosin
sorsa	sorsa
sorsa	sorsaa
sorsa	sorsalle
sorsa	sorsan
sorsa	sorsat
sorsa	sorsia
sorsajahti	sorsajahdin
sorsapoikue	sorsapoikue
sortaa	sortamina
sortavala	sortavalassa
sortua	sortua
sortua	sortunut
sorvaaminen	sorvaaminen
sosiaali-	sosiaali-
sosiaaliala	sosiaalialan
sosiaalidemokraatti	sosiaalidemokraattien
sosiaalietuus	sosiaalietuuksien
sosiaaligerontologia	sosiaaligerontologian
sosiaaliministeri	sosiaaliministerin
sosiaalinen	sosiaalinen
sosiaalinen	sosiaaliseen
sosiaalinen	sosiaalisen
sosiaalinen	sosiaalisia
sosiaalinen	sosiaalista
sosiaalipolitiikka	sosiaalipolitiikan
sosiaalipolitiikka	sosiaalipolitiikkaan
sosiaaliryhmä	sosiaaliryhmällä
sosiaalitila	sosiaalitilat
sosiaalitoimisto	sosiaalitoimiston
sosiaalitoimisto	sosiaalitoimistoon
sosiaaliturva	sosiaaliturvan
sosiaaliturva-	sosiaaliturva-
sosiaaliturvamaksu	sosiaaliturvamaksut
sosiaalityöntekijä	sosiaalityöntekijöillä
sosiaalitäti	sosiaalitäti
sosiaaliviranomainen	sosiaaliviranomaisia
sosialidemokraatti	sosialidemokraateista
sosialidemokraatti	sosialidemokraatit
sosialidemokraatti	sosialidemokraattien
sosiologi	sosiologit
sosiologia	sosiologia
sosiologia	sosiologian
sota	sodalta
sota	sodan
sota	sodassa
sota	sodasta
sota	sodista
sota	sota
sota	sotaa
sota	sotaan
sota	sotia
sota	sotiemme
sota	sotien
sotainvalidi	sotainvalideja
sotainvalidi	sotainvalidiksi
sotainvalidi	sotainvalidilla
sotainvalidi	sotainvalidina
sotainvalidi	sotainvalidit
sotajoukko	sotajoukkojen
sotajoulu	sotajoulut
sotakaveri	sotakaverit
sotamies	sotamies
sotareppu	sotareppu
sotaruno	sotarunoista
sotasairaala	sotasairaalan
sotasukupolvi	sotasukupolvelle
sotatoimi	sotatoimia
sotatyttö	sotatyttöjen
sotaveteraani	sotaveteraani
sotaveteraani	sotaveteraanien
sotia	soditaan
sotia	sotimaan
sotilaallinen	sotilaallinen
sotilaallisesti	sotilaallisesti
sotilas	sotilaasta
sotilas	sotilaat
sotilas	sotilaiden
sotilas	sotilaita
sotilas	sotilas
sotilas	sotilasta
sotilasasiamies	sotilasasiamiehenä
sotilashallitus	sotilashallitus
sotilasjuntta	sotilasjunttaa
sotilaskotisisar	sotilaskotisisaria
sotilaspartio	sotilaspartio
sotilaspassi	sotilaspassi
sotilasraportti	sotilasraportista
sotilasvoima	sotilasvoimaa
sotkamo	sotkamon
sotkea	sotke
sotkea	sotkeneet
sotkea	sotketaan
sotkea	sotketut
sotkea	sotki
sotku	sotku
sotku	sotkua
soutaja	soutajat
soutaminen	soutamiseen
soutuvene	soutuvene
sovellus	sovelluksista
sovellutus	sovellutus
soveltaa	sovellan
soveltaa	sovelletaan
soveltaa	soveltaa
soveltaa	soveltaen
soveltaminen	soveltamiselle
soveltamis-	soveltamis-
soveltua	soveltui
soveltua	soveltuu
soveltua	soveltuvan
soveltua	soveltuvat
soveltua	soveltuvia
soveltuva	soveltuvin
soveltuvuus	soveltuvuutensa
soveltuvuustutkimus	soveltuvuustutkimusta
sovinnolla	sovinnolla
sovinnollisesti	sovinnollisesti
sovinnonhierojaiset	sovinnonhierojaiseksi
sovinto	sovinnon
sovinto	sovintoa
soviteltu	soviteltua
sovittaa	sovita
sovittaa	sovitamme
sovittaa	sovittaisi
sovittaa	sovittamaan
spab	spab
spankkova	spankkovan
spede	speden
spekulaatio	spekulaatiot
spekulointi	spekulointia
spengler	spenglerin
spesiaalihomma	spesiaalihommaa
spesiaaliresepti	spesiaalireseptit
spice	spice
spin	spinin
spiraalimainen	spiraalimaista
sponsori	sponsoreita
sponsori	sponsorien
sponsori	sponsorit
sponsorikenttä	sponsorikenttää
sponsorointi	sponsorointi
sponsorointi	sponsorointiin
sponsorointitoiminta	sponsorointitoiminta
spontaani	spontaaneja
spontaani	spontaanin
spontaanipakolainen	spontaanipakolaisten
spoonful	spoonfulin
sport	sportin
sportata	sportata
spr	spr:n
spreijata	spreijaamassa
spreijata	spreijattu
spreimaali	spreimaalien
spurs	spursin
sri	sri
ssp	ssp:n
st.	st.
stabiliteetti	stabiliteetilla
stadilainen	stadilainen
stadilainen	stadilaisen
stadion	stadionilla
stadion	stadionille
stadion	stadionin
stalin	stalin
stalin	stalinin
stalinistinen	stalinistiset
stan	stan
standardisoida	standardisoitu
startata	starttaa
startata	starttasi
steffi	steffi
sten	sten
stereotyyppinen	stereotyyppistä
steriili	steriilin
steve	steve
stich	stichin
stiller	stillerin
stjärnsberg	stjärnsberg
stocka	stockan
stockmann	stockmannille
stokka	stokkalla
stokka	stokkan
stolle	stolle
stone	stone
stone	stonea
stone	stonen
stones	stones
stones	stonesien
story	story
strasbourg	strasbourgiin
strasbourg	strasbourgit
strategia	strategiaa
strategia	strategiasta
strateginen	strategiset
stressata	stressaavaa
stressata	stressattua
stressata	stressattuja
stressi	stressistä
stressi	stressiä
strong-paketti	strong-paketissa
strongbow	strongbow
strutsi	strutsit
strutsimainen	strutsimainen
strömberg	strömberg
strömberg	strömbergiä
sts-pankki	sts-pankin
sttk	sttk
studia	studia
studio	studioiden
studio	studiossa
studioammatti	studioammatteihin
stumpata	stumppaakin
stuttgart	stuttgartin
style	style
styrox-laatikko	styrox-laatikkoon
subjekti	subjektin
subjekti	subjektit
sudenkorento	sudenkorennot
suffolk	suffolkin
suhahtaa	suhahti
suhdanne	suhdanteet
suhdannebarometri	suhdannebarometrin
suhdannetaantuma	suhdannetaantumastaan
suhde	suhde
suhde	suhdetta
suhde	suhteen
suhde	suhteensa
suhde	suhteessa
suhde	suhteesta
suhde	suhteet
suhde	suhteiden
suhde	suhteisiin
suhde	suhteissa
suhina	suhina
suhina	suhinat
suhista	suhisee
suhtautua	suhtaudutaan
suhtautua	suhtautua
suhtautua	suhtautui
suhtautua	suhtautuisitte
suhtautua	suhtautuivat
suhtautua	suhtautuu
suhtautua	suhtautuvat
suhtautuminen	suhtautuminen
suhtautuminen	suhtautumista
suhteellinen	suhteellisen
suhteellisuus	suhteellisuuden
suhteen	suhteen
suhteessa	suhteessa
suhteuttaa	suhteutetaan
suhteuttaa	suhteutettuna
suihku	suihku
suihku	suihkus
suihku	suihkussa
suihku	suihkut
suihku	suihkuun
suihku-uhri	suihku-uhreista
suihkulähde	suihkulähteen
suihkutila	suihkutilan
suihkuturbiinimoottori	suihkuturbiinimoottoreilla
suikaloida	suikaloi
suinkaan	suinkaan
suinpäin	suinpäin
suistaa	suisti
suit	suit
suitsuttaa	suitsutti
sujahtaa	sujahtaa
sujua	suju
sujua	sujuakseen
sujua	sujui
sujua	sujumisesta
sujua	sujuneet
sujua	sujunut
sujua	sujuu
sujua	sujuvan
sujua	sujuvat
sujuvasti	sujuvasti
sukanvarsi	sukanvarressa
sukanvarsi	sukanvarressaan
sukellusvenejahti	sukellusvenejahdin
sukeltaa	sukeltaa
sukeltaa	sukeltamaan
sukeutua	sukeutumassa
sukka	sukat
sukka	sukkien
sukkahousu	sukkahoususi
sukkahousut	sukkahousuista
sukkahousut	sukkahousut
sukkasillaan	sukkasillamme
sukkasilleen	sukkasilleen
sukkikset	sukkisten
suklaa	suklaan
suklaa	suklaata
suklaarasia	suklaarasian
suksi	sukset
suksi	suksia
suksi	suksii
suksi	suksiin
suksia	suksi
suku	suku
suku	sukua
suku	sukunsa
suku	suvun
suku	suvussani
sukuelin	sukuelimet
sukujuuri	sukujuuristani
sukulainen	sukulainen
sukulainen	sukulaiseksi
sukulainen	sukulaiseni
sukulainen	sukulaisensa
sukulainen	sukulaisesi
sukulainen	sukulaiset
sukulainen	sukulaisia
sukulainen	sukulaisilleen
sukulainen	sukulaissi
sukulainen	sukulaisten
sukulaismies	sukulaismies
sukunimi	sukunimen
sukunimi	sukunimeä
sukunimi	sukunimi
sukupolvenvaihdos	sukupolvenvaihdos
sukupolvi	sukupolvea
sukupolvi	sukupolven
sukupolvi	sukupolvenne
sukupolvi	sukupolvi
sukupolvi	sukupolvien
sukupuoli	sukupuoleen
sukupuoli	sukupuolen
sukupuoli	sukupuolensa
sukupuoli	sukupuolten
sukutaulu	sukutaulu
sul	sul:n
sula	sulaa
sulaa	sulaa
sulaa	sulaessaan
sulaa	sulavan
sulaa	sulavasta
sulaa	sullaa
sulaminen	sulaminen
sulander	sulanderin
sulattaa	sulattaa
sulattamo	sulattamo
sulauttaminen	sulauttamisen
sulautua	sulautunut
sulautua	sulautuva
sulava	sulava
sulava	sulavia
sulavalinjainen	sulavalinjainen
sulhanen	sulhanen
sulhanen	sulhaseksi
sulhanen	sulhasen
sulin	sulin
sulkapalloilu	sulkapalloilu
sulkapalloilu	sulkapalloilua
sulkea	suljetaan
sulkea	suljettava
sulkea	suljettiin
sulkea	suljettu
sulkea	suljettua
sulkea	suljettuina
sulkea	suljettuna
sulkea	suljetussa
sulkea	suljin
sulkea	sulkea
sulkea	sulkee
sulkea	sulkemaa
sulkea	sulkemaan
sulkea	sulkenut
sulkea	sulki
sulkeutua	sulkeutuneeksi
sulkeutua	sulkeutuu
sulkunen	sulkunen
sulloontua	sulloontui
sulo	sulo
suloinen	suloinen
suloinen	suloiseen
suloinen	suloisen
sultanov	sultanov
sumeilla	sumeile
sumeilla	sumeilematta
sumeta	sumeni
summa	summa
summa	summalla
summa	summalle
summa	summassa
summa	summasta
summa	summista
summamutikassa	summamutikassa
summeri	summeri
summeri	summeria
sumu	sumu
sumu	sumua
sumu	sumun
sumuvalo	sumuvalojaan
sun	sun
sundberi	sundberi
sundkvist	sundkvistin
sundman	sundman
sundqvist	sundqvist
sundström	sundström
sundström	sundströmin
sung	sung
sunnuntai	sunnuntai
sunnuntai	sunnuntaihi
sunnuntai	sunnuntaille
sunnuntai	sunnuntain
sunnuntai	sunnuntaina
sunnuntai-ilta	sunnuntai-iltaan
sunnuntai-ilta	sunnuntai-iltana
sunnuntaiaamu	sunnuntaiaamuna
sunnuntainen	sunnuntainen
sunnuntaipäivä	sunnuntaipäivänä
sunnuntaisin	sunnuntaisin
sunnuntaisivu	sunnuntaisivut
sunnuntaitoimitus	sunnuntaitoimitus
sunnuntaiyö	sunnuntaiyönä
suo	suo
suo	suohon
suo	suolle
suo	suolta
suo	suon
suo	suosta
suoda	soisi
suoda	suonet
suoda	suonut
suodatinjauhatus	suodatinjauhatus
suodatinkahvi	suodatinkahvia
suodattaminen	suodattaminen
suodatus	suodatukseen
suoja	suoja
suoja	suojaan
suoja	suojakseen
suoja	suojan
suoja	suojassa
suojaan	suojaan
suojainen	suojaista
suojakerroin	suojakerroin
suojapaikka	suojapaikat
suojata	suojaamia
suojata	suojasi
suojata	suojatessa
suojata	suojatuissa
suojatie	suojatien
suojavaijeri	suojavaijereita
suojaverho	suojaverho
suojeleminen	suojelemiseksi
suojeleminen	suojelemisen
suojelevasti	suojelevasti
suojella	suojelemaan
suojella	suojelemana
suojella	suojelemassa
suojella	suojella
suojella	suojellakseen
suojella	suojeltavaksi
suojella	suojeltaviin
suojelu	suojelua
suojelualue	suojelualueet
suojeluohjelma	suojeluohjelman
suojelupäätös	suojelupäätöksestä
suojeluspyhimys	suojeluspyhimys
suokukko	suokukon
suola	suola
suola	suolan
suolaaja	suolaajana
suolaton	suolatonta
suolisto	suoliston
suolistotutkimus	suolistotutkimukset
suoma	suoman
suomalainen	suomalainen
suomalainen	suomalainenkin
suomalainen	suomalaiseen
suomalainen	suomalaisella
suomalainen	suomalaiselle
suomalainen	suomalaiselta
suomalainen	suomalaisemme
suomalainen	suomalaisen
suomalainen	suomalaisena
suomalainen	suomalaisessa
suomalainen	suomalaisesta
suomalainen	suomalaiset
suomalainen	suomalaisia
suomalainen	suomalaisiin
suomalainen	suomalaisilla
suomalainen	suomalaisille
suomalainen	suomalaisilta
suomalainen	suomalaisissa
suomalainen	suomalaisista
suomalainen	suomalaista
suomalainen	suomalaisten
suomalais-ruotsalainen	suomalais-ruotsalainen
suomalaisittain	suomalaisittain
suomalaisjuntti	suomalaisjuntit
suomalaiskansallinen	suomalaiskansalliset
suomalaiskatsoja	suomalaiskatsoja
suomalaislapsi	suomalaislapsille
suomalaismies	suomalaismiehet
suomalaispankki	suomalaispankit
suomalaispoliitikko	suomalaispoliitikkoa
suomalaispomo	suomalaispomot
suomalaisrekka	suomalaisrekkoja
suomalaisuus	suomalaisuuden
suomalaisyritys	suomalaisyritykselle
suomalaisyritys	suomalaisyrityksissä
suomalaisyritys	suomalaisyritysten
suomela	suomela
suomenhevonen	suomenhevoselle
suomenhevonen	suomenhevosista
suomenhevosmies	suomenhevosmies
suomenkielinen	suomenkielinen
suomenkielinen	suomenkielisestä
suomenkielinen	suomenkielistä
suomenlammas	suomenlammas
suomenlinna	suomenlinnan
suomenlinna	suomenlinnassa
suomenlinna	suomenlinnasta
suomenmaa	suomenmaa
suomenniemi	suomenniemellä
suomenniemi	suomenniemeltäkin
suomennos	suomennoksia
suomennos	suomennos
suomennostyö	suomennostyössä
suomenoja	suomenojalla
suomenruotsalainen	suomenruotsalaista
suomi	suomea
suomi	suomeen
suomi	suomeksi
suomi	suomeksikin
suomi	suomella
suomi	suomelle
suomi	suomen
suomi	suomenkin
suomi	suomessa
suomi	suomessakin
suomi	suomessako
suomi	suomesta
suomi	suomestakin
suomi	suomet
suomi	suomi
suomi	suomikin
suomi-kuva	suomi-kuva
suomi-kuva	suomi-kuvan
suomi-tietous	suomi-tietouden
suomia	suomi
suominen	suominen
suominen	suomisen
suominen	suomista
suomipoika	suomipoika
suomussalmi	suomussalmella
suonenjoki	suonenjoen
suonenveto	suonenvedoksi
suoni	suonet
suoni	suonia
suoni	suonissa
suonio	suonio
suopea	suopeita
suora	suoraa
suora	suoraksi
suora	suoralla
suora	suoran
suora	suorana
suora	suorassa
suora	suorat
suora	suorinta
suoraan	suoraan
suoranainen	suoranainen
suoranainen	suoranaisia
suoranaisesti	suoranaisesti
suorastaan	suorastaan
suoristusrauta	suoristusraudat
suorittaa	suoritatko
suorittaa	suoritetaan
suorittaa	suoritettava
suorittaa	suoritettavat
suorittaa	suoritettiin
suorittaa	suorittaa
suorittaa	suorittamatta
suorittaa	suorittaneita
suorittaa	suoritti
suorittaja	suorittajan
suoritus	suoritukseen
suoritus	suorituksena
suoritus	suoritukset
suoritus	suorituksiaan
suoritus	suorituksiin
suoritus	suoritus
suoritus	suoritusta
suorituskyky	suorituskyvyssä
suoriutua	suoriuduttava
suoriutua	suoriutumaan
suortti	suortti
suosia	suosii
suosia	suosima
suosia	suosita
suosia	suosittuja
suosikki	suosikki
suosikki	suosikkia
suosikki	suosikkinsa
suosiminen	suosiminen
suosio	suosio
suosio	suosionsa
suosio	suosiossa
suosio	suosiota
suosio	suosiotaan
suosionosoitus	suosionosoituksista
suositella	suositella
suositella	suositellaan
suositella	suosittelee
suositella	suosittelevat
suositella	suosittelisin
suosittaa	suosita
suosittaa	suositetaan
suosittaa	suosittavan
suosittu	suosittu
suosittu	suosittuja
suosittu	suosituimmalla
suosittu	suosituin
suosittu	suosituinta
suosittu	suositulla
suosittu	suositussa
suositus	suosituksen
suositus	suosituksensa
suostua	suostu
suostua	suostuin
suostua	suostuisit
suostua	suostuit
suostua	suostuneet
suostua	suostunu
suostua	suostunut
suostua	suostutteko
suostua	suostuuko
suotava	suotava
suotava	suotavaa
suotta	suotta
suotuisa	suotuisalle
suovanlahti	suovanlahdella
supatella	supatellen
supatella	supateltaviksi
supattaa	supattamaan
super	super
superego	superegon
supermies	supermies
supervalta	supervalta
supervuoro	supervuoro
supi	supi
supikoira	supikoirat
supista	supisivat
supistaa	supistettu
supistaja	supistajaksi
supistaminen	supistamisessa
supistella	supistelee
supliikki	supliikki
suppea	suppeassa
suppilovahvero	suppilovahveroita
suppu	supussa
sûr	sûr
surettaa	surettaa
surf	surf
surffailla	surffailee
surffailla	surffaillaan
surffata	surffaa
surija	surijoita
surkea	surkea
surkea	surkeasta
surkea	surkeat
surkea	surkeinkaan
surma	surma
surma	surman
surma	surmansa
surma	surmasta
surmaaja	surmaaja
surmata	surmannut
surmata	surmasi
surmata	surmattiin
surmata	surmattu
surmata	surmattuna
surmatapa	surmatapa
surmatyö	surmatyötä
surra	sure
surra	suret
surra	surevien
surra	suri
surra	surra
surra	surrut
surra	surtavaa
suru	surutta
surullinen	surullinen
surullinen	surullisena
surullinen	surullista
surullisenkuuluisa	surullisenkuuluisalla
surumarssinomainen	surumarssinomaisen
surunvalittelu	surunvalittelunsa
surutyö	surutyötä
susan	susan
susanna	susanna
susi	sudelle
susi	sudesta
susi	sudet
susi	susi
susi	susien
susi	susiksi
susikanta	susikanta
susikunta	susikunnassa
susimainen	susimaisen
susitie	susitie
sutinen	sutinen
sutjakas	sutjakkaassa
suttuinen	suttuisen
suu	suihin
suu	suin
suu	suissa
suu	suu
suu	suuhun
suu	suuhunsa
suu	suuhus
suu	suulla
suu	suulle
suu	suun
suu	suuna
suu	suunsa
suu	suussa
suu	suust
suu	suusta
suu	suutaan
suu	suutani
suudella	suuteli
suukotella	suukotteli
suullisesti	suullisesti
suunnata	suunnattua
suunnata	suunnattuja
suunnilleen	suunnillee
suunnilleen	suunnilleen
suunnistaa	suunnisti
suunnistaja	suunnistajat
suunnistaja	suunnistajia
suunnistus	suunnistuksen
suunnitella	suunnitellut
suunnitella	suunniteltii
suunnitella	suunniteltiin
suunnitella	suunniteltu
suunnitella	suunniteltujen
suunnitella	suunnittelee
suunnitella	suunnittelemassa
suunnitella	suunnittelemiensa
suunnitella	suunnittelevat
suunnitella	suunnitteli
suunnitella	suunnittelisivat
suunnitelma	suunnitelma
suunnitelma	suunnitelmaa
suunnitelma	suunnitelmaan
suunnitelma	suunnitelman
suunnitelma	suunnitelmana
suunnitelma	suunnitelmani
suunnitelma	suunnitelmasta
suunnitelma	suunnitelmat
suunnitelma	suunnitelmia
suunnitelma	suunnitelmien
suunnitelma	suunnitelmiensa
suunnitelma	suunnitelmiin
suunnitelma	suunnitelmistaan
suunnittelija	suunnittelija
suunnittelija	suunnittelijat
suunnittelija	suunnittelijoiden
suunnittelija	suunnittelijoista
suunnittelu	suunnittelu
suunnittelu	suunnittelun
suunnittelu	suunnittelussa
suunta	suunnalla
suunta	suunta
suunta	suuntaa
suunta	suuntaan
suunta	suuntana
suunta	suuntiin
suuntaus	suuntaus
suuntautua	suuntautukoot
suuntautua	suuntautuu
suuntavilkku	suuntavilkut
suupieli	suupielessä
suupieli	suupielessään
suupieli	suupieli
suupieli	suupielissä
suupieli	suupielistä
suupohja	suupohjan
suur-kroatia	suur-kroatia
suur-serbia	suur-serbia
suurajo	suurajot
suurehko	suurehko
suuremmin	suuremmin
suurensuuri	suurensuuri
suuresti	suuresti
suurhalli	suurhallin
suurhanke	suurhanketta
suurhauki	suurhauki
suuri	suureen
suuri	suureks
suuri	suureksi
suuri	suurella
suuri	suurelle
suuri	suurelta
suuri	suuremmalla
suuri	suuremman
suuri	suuremmat
suuri	suuremmilla
suuri	suuremmitta
suuri	suurempaa
suuri	suurempana
suuri	suurempi
suuri	suurempia
suuri	suurempiakin
suuri	suurempiin
suuri	suuren
suuri	suurena
suuri	suuressa
suuri	suuresta
suuri	suuret
suuri	suuri
suuri	suuria
suuri	suuriakin
suuri	suuriin
suuri	suuriko
suuri	suuriksi
suuri	suurille
suuri	suurimmaksi
suuri	suurimmalla
suuri	suurimman
suuri	suurimmat
suuri	suurimmista
suuri	suurimpia
suuri	suurimpien
suuri	suurin
suuri	suurinta
suuri	suurissa
suuri	suurista
suuri	suurta
suuri	suurten
suurimmillaan	suurimmillaan
suuriruhtinas	suuriruhtinas
suurituloinen	suurituloisten
suurkirkko	suurkirkkoon
suurkuluttaja	suurkuluttaja
suurkuluttajatuote	suurkuluttajatuotteita
suurkuluttajuus	suurkuluttajuudesta
suurlähettiläs	suurlähettilästä
suurlähettiläs	suurlähettiläälle
suurlähettiläspari	suurlähettiläspari
suurlähetystö	suurlähetystö
suurlähetystö	suurlähetystön
suurmies	suurmiehenä
suurmies	suurmiehiin
suurseura	suurseurat
suursponsori	suursponsoreiden
suurtaistelu	suurtaistelu
suurtapahtuma	suurtapahtumia
suurtupa	suurtupaan
suuruinen	suuruinen
suuruinen	suuruisen
suuruinen	suuruista
suuruus	suuruuksia
suuruus	suuruus
suuruusjärjestys	suuruusjärjestyksessä
suurvalta	suurvaltojen
suurvoitto	suurvoittoa
suuryritys	suuryrityksen
suussa	suussa
suussasulava	suussasulavia
suutari	suutareita
suutari	suutari
suutariliike	suutariliike
suuttua	suuttui
suuttua	suuttuiko
suuttua	suuttuis
suuttua	suuttuisi
suuttua	suuttunut
suuttua	suutu
suuttua	suutuin
suuttumus	suuttumustaan
suutuksissa	suutuksissa
suutuksissa	suutuksissaan
suutuksissa	suutuksissani
suututtaa	suututtaa
suututtaa	suututtaako
suututtaa	suututtannu
suututtaa	suututti
suvaitsevainen	suvaitsevainen
suvaitsevaisuus	suvaitsevaisuuden
suvaitsevaisuus	suvaitsevaisuus
suvantokohta	suvantokohdista
suvereenisti	suvereenisti
suvi	suvena
suvi	suvin
suvi	suvista
suvijuhla	suvijuhlalleen
suviyö	suviyön
suzanne	suzanne
sveitsi	sveitsin
sveitsi	sveitsissä
sveitsi	sveitsistä
sveitsiläinen	sveitsiläinen
sveitsinleike	sveitsinleike
svenska	svenska
svensson	svensson
svul	svul:n
swap-tappio	swap-tappioita
sydämenpysähdys	sydämenpysähdyksien
sydämentykytys	sydämentykytyksiä
sydämistyä	sydämistyneet
sydän	sydämemme
sydän	sydämen
sydän	sydämeni
sydän	sydämes
sydän	sydämessä
sydän	sydämessämme
sydän	sydämessään
sydän	sydämet
sydän	sydämiin
sydän	sydämissämme
sydän	sydän
sydän	sydänkin
sydän	sydäntä
sydän	sydäntämme
sydän	sydäntäni
sydänkohtaus	sydänkohtauksen
sydänlihas	sydänlihakseen
sydäntautinen	sydäntautinen
sydänverellä	sydänverellä
sydänvika	sydänvian
sykkiä	sykki
sykkyrä	sykkyrällä
syklaaminpunainen	syklaaminpunainen
syksy	syksy
syksy	syksyllä
syksy	syksyltä
syksy	syksyn
syksy	syksynä
syksy	syksystä
syksy	syksyyn
syksy	syksyä
syksyinen	syksyisiin
syksyinen	syksyisillekään
syksyisin	syksyisin
sykähdyttävä	sykähdyttävää
sykäys	sykäys
syli	syli
syli	syliinsä
syli	sylin
syli	sylissä
syli	sylissään
syli	sylit
sylikkäin	sylikkäin
sylillinen	sylillisen
sylinteri	sylinterin
sylkeä	sylkemään
sylkeä	sylki
sylvi	sylvi
symboli	symboli
symboli	symbolit
symbolinen	symbolista
symbolisesti	symbolisesti
symboloida	symboloivan
sympaattinen	sympaattinen
sympatia	sympatiaa
symphony	symphonyn
symposiumi	symposiumeissa
symppis	symppis
symppistely	symppistelyllä
synkistyä	synkistyneet
synkkä	synkkiä
synkkä	synkkä
synkkämielinen	synkkämielinen
synninpäästö	synninpäästön
synnintunto	synnintuntoon
synnyin-	synnyin-
synnyttäjä	synnyttäjille
synnyttää	synnytettiin
synnyttää	synnytti
synnyttää	synnyttämiin
synnyttää	synnyttämään
synnyttää	synnyttäneet
synnyttää	synnyttänyt
synnyttää	synnyttää
synnytys	synnytyksen
synnytys	synnytyksessä
synnytys	synnytyksestä
synnytys	synnytystä
synnytyssali	synnytyssalista
synonyymi	synonyymeistä
synteettinen	synteettisiä
synteettinen	synteettisten
syntetisaattori	syntetisaattorin
synti	synneistään
synti	synnit
synti	syntejään
synti	syntimme
synti	syntiä
syntinen	syntistä
syntipukki	syntipukin
synttäri	synttäreitä
synttäri	synttärit
synttäripäivä	synttäripäivä
syntyhistoria	syntyhistoria
syntyisin	syntyisin
syntyjään	syntyjään
syntymä	syntymä
syntymä	syntymän
syntymä	syntymääni
syntymäkoti	syntymäkoti
syntymäkunta	syntymäkunnassa
syntymäpaikka	syntymäpaikkana
syntymäpäivä	syntymäpäivä
syntymäpäivä	syntymäpäivät
syntymäpäivä	syntymäpäivää
syntymäpäivä	syntymäpäivääni
syntymäpäiväkuva	syntymäpäiväkuva
syntymäpäivälahja	syntymäpäivälahjat
syntymävuosi	syntymävuosi
syntysana	syntysanat
syntyvyys	syntyvyys
syntyä	synny
syntyä	syntyi
syntyä	syntyikö
syntyä	syntyisi
syntyä	syntymässä
syntyä	syntynee
syntyä	syntyneet
syntyä	syntyneillä
syntyä	syntyneistä
syntyä	syntynyt
syntyä	syntynyttä
syntyä	syntyvien
syntyä	syntyvistä
syntyä	syntyvän
syntyä	syntyvät
syntyä	syntyy
syntyä	syntyä
sypä	sypän
syreeni	syreenit
syrjemmälle	syrjemmälle
syrjintä	syrjinnän
syrjintä	syrjinnästä
syrjäinen	syrjäisellä
syrjäkarein	syrjäkarein
syrjätie	syrjäteiltä
syrjäyttää	syrjäytti
syrjäyttää	syrjäyttää
syrjäytyminen	syrjäytyminen
syrjään	syrjään
sysiä	sysityn
systeemi	systeemin
systeemi	systeemiä
systeemi-	systeemi-
sytky	sytky
sytkyt	sytkyt
syttymisraja	syttymisrajat
syttymissyy	syttymissyyn
syttyä	syttyi
syttyä	syttymään
syttyä	syttyneet
syttyä	syttynyt
syttyä	syttyvää
sytytin	sytyttimen
sytytin	sytyttimessä
sytyttää	sytytti
sytyttää	sytyttivät
sytyttää	sytyttämällä
sytyttää	sytyttänyt
syvemmälle	syvemmälle
syventää	syventää
syvetä	syvenevässä
syvyinen	syvyinen
syvyys	syvyys
syvyys	syvyyteen
syvä	syvemmälle
syvä	syvempiä
syvä	syviin
syvä	syville
syvä	syvimpiä
syvä	syvin
syvä	syvä
syvä	syvällä
syvä	syvässä
syvä	syvään
syvähaastattelu	syvähaastattelun
syvähuoko	syvähuoko
syvälle	syvälle
syvällinen	syvällinen
syvällisesti	syvällisesti
syvällä	syvällä
syvälti	syvälti
syvään	syvään
syy	syihin
syy	syillä
syy	syistä
syy	syitä
syy	syy
syy	syyhyn
syy	syyksi
syy	syyn
syy	syynsä
syy	syynä
syy	syystä
syy	syyt
syy	syyttä
syy	syytä
syy-yhteys	syy-yhteyksiä
syyhy	syyhyttä
syyllinen	syyllinen
syyllinen	syylliseksi
syyllinen	syyllistä
syyllistyä	syyllistyi
syyllistyä	syyllistynyt
syyllistyä	syyllistytään
syyllisyys	syyllisyys
syyria	syyria
syyria	syyrian
syyrialainen	syyrialainen
syyrialainen	syyrialaisen
syyskausi	syyskaudella
syyskesä	syyskesään
syyskuu	syyskuun
syyskuu	syyskuussa
syysloma	syysloma
syysloma	syysloman
syyssade	syyssateiden
syyte	syyte
syyte	syytettä
syyte	syytteestä
syyte	syytteistä
syytellä	syyttelemällä
syytetty	syytetty
syytetty	syytetyt
syyttäjä	syyttäjä
syyttäjä	syyttäjälle
syyttäjä	syyttäjän
syyttää	syytetty
syyttää	syyttämällä
syyttää	syyttämättä
syyttää	syyttänyt
syyttää	syyttää
syyttää	syyttääkö
syyttää	syytä
syyttää	syytät
syytön	syyttömien
syytön	syyttömäksi
syytön	syyttömän
syytön	syyttömänä
syytön	syytön
syytös	syytökset
syytös	syytöksinenne
syödä	syö
syödä	syödessään
syödä	syödyksi
syödä	syödä
syödä	syödäkseen
syödä	syödään
syödä	syöhän
syödä	syökää
syödä	syökö
syödä	syököön
syödä	syökööt
syödä	syömme
syödä	syömähä
syödä	syömällä
syödä	syömässä
syödä	syömäti
syödä	syömättä
syödä	syömään
syödä	syön
syödä	syöneet
syödä	syöny
syödä	syönyt
syödä	syöpäs
syödä	syös
syödä	syöt
syödä	syöty
syödä	syötyään
syödä	syötäessä
syödä	syötäviksi
syödä	syötäväksi
syödä	syötävänä
syödä	syötävää
syödä	syövät
syödä	söi
syödä	söimme
syödä	söin
syödä	söitkö
syödä	söivät
syöksykierre	syöksykierteeseen
syöksyä	syöksyi
syöksyä	syöksyisi
syöminen	syöminen
syöminen	syömistä
syömisopas	syömisoppaat
syömälakkoilla	syömälakkoilleelle
syönti	syönti
syönti	syöntiä
syönti	syöntiäni
syöppö	syöppöjä
syöpä	syöpää
syöpä	syöpään
syöpä	syövän
syöpätapaus	syöpätapauksia
syöttäminen	syöttäminen
syöttää	syötetään
syöttää	syötin
syöttää	syötti
syöttää	syöttäisivät
syöttää	syöttämään
syöttää	syöttää
syöttää	syötät
syöttö	syöttö
syöttö	syöttöjen
syöttö	syötöillä
syöttöpeli	syöttöpeli
syötävä	syötäväksi
syötävä	syötävää
syövyttävä	syövyttävä
syövyttää	syövyttää
szewinska	szewinska
säde	säde
säestää	säesti
säestää	säestämässä
säestää	säestää
sähke	sähke
sähke	sähkeen
sähke	sähkeet
sähkö	sähkö
sähkö	sähkölle
sähkö	sähköllä
sähkö	sähkön
sähkö	sähkönsä
sähkö	sähköstä
sähkö	sähköt
sähkö	sähköä
sähköauto	sähköautoa
sähköinen	sähköinen
sähköinen	sähköisempiä
sähköinen	sähköisten
sähköinen	sähköistä
sähköjohto	sähköjohtoa
sähköjännite	sähköjännite
sähköjärjestelmä	sähköjärjestelmien
sähkökatko	sähkökatkon
sähkökatkos	sähkökatkoksia
sähkökiuas	sähkökiukaan
sähkölasku	sähkölasku
sähköliitin	sähköliittimiä
sähkölämmitin	sähkölämmitintä
sähkömoottori	sähkömoottorilla
sähkömoottorijuna	sähkömoottorijunaa
sähköpalatsi	sähköpalatsi
sähköpalatsi	sähköpalatsista
sähköposti	sähköposti
sähköposti	sähköpostille
sähköpostitse	sähköpostitsekin
sähkösanomat-lehti	sähkösanomat-lehti
sähkötekninen	sähkötekniset
sähkötolppa	sähkötolppaan
sähkötulostaulu	sähkötulostaulut
sähkövastus	sähkövastuksia
sähkövatkain	sähkövatkaimen
sähkövirta	sähkövirran
sähkövirta	sähkövirrasta
sähkövoimala	sähkövoimalan
sählinki	sählinkiä
sähly	sählyn
sähähtää	sähähti
sähäkäs	sähäkkäästä
säihkyä	säihkyvät
säikähdys	säikähdyksellä
säikähtyä	säikähtyneenä
säikähtää	säikähdin
säikähtää	säikähtää
säikähtää	säikähtääkkä
säiliö	säiliö
säilyke	säilykkeitä
säilyminen	säilyminen
säilyminen	säilymisestä
säilyttäminen	säilyttämiseen
säilyttämispakko	säilyttämispakko
säilyttää	säilytettävä
säilyttää	säilytetään
säilyttää	säilytti
säilyttää	säilyttivät
säilyttää	säilyttäneet
säilyttää	säilyttänyt
säilyttää	säilyttää
säilyttää	säilytä
säilytys	säilytys
säilyä	säilyi
säilyä	säilyisi
säilyä	säilymään
säilyä	säilyn
säilyä	säilyneet
säilyä	säilynyt
säilyä	säilyvän
säilyä	säilyy
säilyä	säilyykö
säilö	säilössä
säilöntäaine	säilöntäaineen
säilöä	säilöä
säkki	säkin
säkki	säkki
säkki	säkkii
säkki	säkkinsä
sälli	sälli
sämpylä	sämpylät
sämpylä	sämpylöitä
sänki	sänki
sänkimuokkaus	sänkimuokkauksella
sänky	sängyllä
sänky	sängyn
sänky	sängyssä
sänky	sängystä
sänky	sänky
sänky	sänkyyn
sänky	sänkyynsä
sännätä	säntää
säpsähtää	säpsähtäen
säpsähtää	säpsähtää
särkeminen	särkemisestä
särkeä	särje
särkeä	särk
särkeä	särkee
särkeä	särkeneet
särkeä	särkeä
särkeä	särki
särkylääke	särkylääkettä
särkylääke	särkylääkkeitä
särkyä	särkyi
särkänniemeläinen	särkänniemeläisen
särkänniemi	särkänniemeen
särkänniemi	särkänniemi
särmä	särmästään
särö	särö
säteillä	säteilee
säteillä	säteilevän
säteillä	säteili
säteily	säteilystä
sätkä	sätkiä
sätkä	sätkää
sävel	sävel
sävel	säveltä
sävellys	sävellys
sävelmä	sävelmää
säveltäjä	säveltäjän
säveltäjä	säveltäjät
säveltäjämestari	säveltäjämestari
säveltämisvuosi	säveltämisvuonna
säveltää	säveltäen
säveltää	säveltänyt
sävy	sävy
sävy	sävyltään
sävy	sävyä
sävyinen	sävyinen
sävähdyttää	sävähdytti
säynätsalo	säynätsalon
säynätsalo	säynätsaloon
sää	säiden
sää	sää
sää	säähän
sää	säällä
sää	sään
sää	säästä
sää	säätä
säädellysti	säädellysti
säädellä	säätelee
säädellä	säätelevät
säädettävä	säädettävä
säädös	säädökset
sääennuste	sääennuste
sääli	sääli
sääli	sääliksi
säälittää	säälittää
sääliä	säälien
sääliä	säälinyt
sääliä	säälitty
sääliä	sääliä
säännöllinen	säännölliseen
säännöllinen	säännöllisempiä
säännöllinen	säännöllisillä
säännöllisesti	säännöllisesti
säännöllisimmin	säännöllisimmin
säännös	säännöksiä
säännös	säännösten
sääntely	sääntelyistä
sääntö	säännöillä
sääntö	säännöin
sääntö	säännöistä
sääntö	säännöt
sääntö	sääntö
sääntö	sääntöihin
sääntö	sääntöjen
sääntö	sääntöjä
sääntö	sääntöä
sääntöehdotus	sääntöehdotus
sääolo	sääolot
säästellä	säästelemättömistä
säästellä	säästellä
säästyä	säästyi
säästyä	säästyimme
säästyä	säästyneet
säästyä	säästyt
säästyä	säästyttiin
säästäminen	säästäminen
säästäminen	säästämistä
säästää	säästetty
säästää	säästettävä
säästää	säästetään
säästää	säästi
säästää	säästin
säästää	säästäisitte
säästää	säästävänsä
säästää	säästää
säästää	säästääkin
säästö	säästöihin
säästö	säästöjä
säästö	säästöt
säästölinja	säästölinjaa
säästöpankki	säästöpankin
säästöpankki	säästöpankkia
säästöpankki	säästöpankkien
säästötemppu	säästötemppuja
säästötili	säästötililtä
säästötoimi	säästötoimia
säätieteilijä	säätieteilijät
säätiö	säätiö
säätytalo	säätytalon
säätyä	säätyvät
säätyä	säätyy
säätäjä	säätäjä
säätäminen	säätäminen
säätää	säädettiin
säätää	säädetty
säätää	säädetään
säätää	säätää
säätö	säätö
säätönappi	säätönapit
säätövara	säätövara
södergran	södergran
söderman	södermanin
söheltäjä	söheltäjä
söpertää	söpersi
söpö	söpö
sörnäinen	sörnäisten
söul	söulin
söörmarkku	söörmarkun
t	t.
t-	t-
t-paita	t-paidoilla
t-paita	t-paitoja
taaimmainen	taaimmaisin
taajaan	taajaan
taajuustoisto	taajuustoisto
taakka	taakkaa
taakka	taakkoineen
taakse	taakse
taakse	taakseen
taakse	taakseni
taaksepäin	taaksepäin
taala	taalaa
taannoinen	taannoisen
taantua	taannut
taantumuksellinen	taantumuksellista
taantumus	taantumusta
taas	taas
taas	taaskaa
taas	taaskin
taas	taasko
taas	toas
taata	taannut
taata	taata
taata	taattaisiin
taata	takaamien
taata	takaavat
taata	takasi
taateli	taatelia
taattu	taattua
taatusti	taatusti
tabletti	tabletteja
tabori	tabori
tabucchi	tabucchi
tacitus	tacitusta
tae	tae
tae	takeet
tae	takeita
tahallaan	tahallaan
tahallaan	tahallanne
tahallaan	tahalteen
tahallinen	tahallinen
tahallinen	tahallisia
tahansa	tahansa
tahaton	tahaton
tahiti	tahitilla
tahitilaisittain	tahitilaisittain
tahko	tahkolla
taho	tahoja
taho	taholta
taholla	taholla
taholta	taholta
tahra	tahra
tahra	tahrat
tahra	tahroista
tahra	tahroja
tahra	tahrojen
tahrata	tahraama
tahti	tahdissa
tahti	tahti
tahti	tahtia
tahti	tahtiin
tahto	tahdoin
tahto	tahdon
tahto	tahdosta
tahto	tahdostaan
tahto	tahto
tahto	tahtoa
tahto	tahtoaan
tahto	tahtonsa
tahtoa	tahdo
tahtoa	tahdon
tahtoa	tahdot
tahtoa	tahtoa
tahtoa	tahtoe
tahtoa	tahtoen
tahtoa	tahtoisi
tahtoa	tahtoisin
tahtoa	tahtomaan
tahtoa	tahtomansa
tahtoa	tahtomattani
tahtoa	tahtonut
tahtoa	tahtoo
tahtoa	tahtoopi
tahtoa	tahtovat
tahtominen	tahtomiseksi
tai	tai
taide	taide
taide	taidetta
taide	taiteelle
taide	taiteen
taide	taiteeseen
taide	taiteeseensa
taide	taiteesta
taide	taiteiden
taidegrafiikka	taidegrafiikan
taidekäsityö	taidekäsityötä
taidemitali	taidemitali
taidenäyttely-	taidenäyttely-
taideteollinen	taideteollinen
taideteollinen	taideteollisen
taideteollinen	taideteollisessa
taideteos	taideteos
taidokkaasti	taidokkaasti
taika-jim	taika-jimin
taikapeili	taikapeili
taikatippa	taikatipoista
taikina	taikinaa
taikka	taikka
taikoa	taikomaan
taikuri	taikuri
taikuri	taikuriksi
taikuri	taikurille
taikuri	taikurin
taimen	taimenen
taimi	taimea
taimi	taimia
taimikko	taimikkoa
taimioja	taimioja
taina	taina
taipale	taipaleella
taipua	taipuu
taipua	taipuvat
taipua	taipuvilla
taipumus	taipumuksiaan
taipumus	taipumus
taipumus	taipumusta
taistelija	taistelijat
taistella	taistelee
taistella	taistelen
taistella	taistelleelle
taistella	taistelleen
taistella	taistelleiden
taistelu	taistelu
taistelu	taistelua
taistelu	taistelujen
taistelu	taistelun
taistelu	taistelut
taistelupari	taisteluparin
taisto	taisto
taistolaisuus	taistolaisuudesta
taitaa	taida
taitaa	taidan
taitaa	taidankin
taitaa	taidanpa
taitaa	taidat
taitaa	taidatkin
taitaa	taidetaan
taitaa	tainneet
taitaa	tainnu
taitaa	tainnut
taitaa	tais
taitaa	taisi
taitaa	taisin
taitaa	taisitte
taitaa	taisivat
taitaa	taitaa
taitaa	taitaakin
taitaa	taitaisi
taitaa	taitavat
taitamaton	taitamaton
taitava	taitava
taitava	taitavia
taitava	taitavin
taite	taitteessa
taiteellinen	taiteellinen
taiteellinen	taiteellisia
taiteellinen	taiteellisilla
taiteenlaji	taiteenlajinsa
taiteilija	daideilijaa
taiteilija	taiteilija
taiteilija	taiteilijaan
taiteilija	taiteilijaksi
taiteilija	taiteilijan
taiteilija	taiteilijat
taiteilija	taiteilijoiden
taiteilija	taiteilijoista
taiteilija	taiteilijoita
taiteilija-apuraha	taiteilija-apurahat
taiteilijaluonne	taiteilijaluonne
taiteilijaprofessori	taiteilijaprofessori
taiteilijaseura	taiteilijaseuran
taiteilijuus	taiteilijuuden
taitella	taitellut
taitella	taitteli
taito	taidosta
taito	taidot
taito	taito
taito	taitoa
taito	taitojaan
taito	taitoni
taito	taitoonsa
taito-olympialaiset	taito-olympialaisissa
taittaa	taitetaan
taittaa	taitettuna
taittua	taittui
taittua	taittuu
taittua	taitu
taituri	taituria
taituri	taiturit
taivaallinen	taivaalliselle
taivaallinen	taivaallista
taival	taival
taivalkoski	taivalkoskella
taivaltaa	taivaltamaan
taivaltaa	taivaltanut
taivaltaminen	taivaltaminen
taivas	taivaalla
taivas	taivaalle
taivas	taivaan
taivas	taivaaseen
taivas	taivas
taivas	taivaskin
taivas	taivasta
taivutuslujuus	taivutuslujuus
taju	taju
taju	tajua
taju	tajuihinsa
tajuaminen	tajuaminen
tajuissaan	tajuissaan
tajunnallisuus	tajunnallisuuteen
tajuta	tajua
tajuta	tajuaa
tajuta	tajuaisi
tajuta	tajuamaan
tajuta	tajuan
tajuta	tajuat
tajuta	tajuavan
tajuta	tajunnut
tajuta	tajusi
tajuta	tajusin
tajuta	tajuta
tajuta	tajutakseen
tajuton	tajuton
tajuton	tajutont
takaa	takaa
takaa-ajaja	takaa-ajajiin
takaa-ajo	takaa-ajossa
takaaminen	takaamiseksi
takaapäin	takaapäij
takaapäin	takaapäin
takahuone	takahuoneeseen
takahuone	takahuoneessa
takahuone	takahuoneesta
takainen	takaisesta
takaisin	takaisin
takaisin	takasin
takaisku	takaisku
takaisku	takaiskuista
takaisku	takaiskujen
takaistuin	takaistuimelle
takaistuin	takaistuin
takalo-eskola	takalo-eskola
takalokero	takalokerossa
takamies	takamiehet
takana	takana
takana	takanaan
takana	takanamme
takana	takanani
takaosa	takaosat
takaovi	takaoven
takaovi	takaovesta
takapenkki	takapenkillä
takapenkki	takapenkiltä
takaperin	takaperin
takapuoli	takapuoli
takapuskuri	takapuskurista
takaraivo	takaraivossa
takareisi	takareidet
takasiiveke	takasiiveke
takatolppa	takatolpan
takatukka-viikset-yhdistelmä	takatukka-viikset
takautuva	takautuvalle
takavarikko	takavarikkoon
takavarikoida	takavarikoidut
takavuosi	takavuosien
takertuja	takertujaa
takertuminen	takertumisesta
takia	takia
takia	takiamme
takia	takias
takiaispallo	takiaispallo
takka	takan
takka	takkoineen
takkatuli	takkatulen
takki	takin
takki	takit
takki	takki
takki	takkia
takki	takkinsa
takkula	takkula
taklaus	taklauksia
takoa	takoivat
taksi	taksi
taksi	taksia
taksi	taksiin
taksi	taksilla
taksi	taksin
taksi	taksinsa
taksi	taksissa
taksiasema	taksiasema
taksiauto	taksiautot
taksimatka	taksimatka
taksimatka	taksimatkalle
taksimatka	taksimatkan
taksinkuljettaja	taksinkuljettajina
taksitolppa	taksitolpalla
taktiikka	taktiikasta
taktikko	taktikko
taktikko	taktikoksi
taktikointi	taktikointi
taktillinen	taktillinen
taktisesti	taktisestikin
takuuhuolto	takuuhuolto
takuulla	takuulla
takuumaksu	takuumaksun
takuutavara	takuutavaraa
talbot	talbot
talitintti	talitinttejä
talkkari	talkkari
talkkunapää	talkkunapäätäkö
talkoolainen	talkoolainen
talkoomies	talkoomiesten
talkootyö	talkootyöllä
talkoovoima	talkoovoimin
tallata	tallaamaan
tallennuskapasiteetti	tallennuskapasiteetti
tallentaa	tallennat
tallentaa	tallennetaan
tallentaa	tallentamaan
tallentaa	tallentavat
talli	tallien
talli	talliin
talli	tallilla
talli	tallit
tallihenkilökunta	tallihenkilökunnasta
tallinna	tallinnaan
tallinna	tallinnan
tallinna	tallinnassa
tallinna	tallinnasta
talloa	tallomaksi
tallustella	tallustella
talo	talo
talo	taloa
talo	taloihin
talo	taloissa
talo	taloista
talo	taloja
talo	talojen
talo	talokin
talo	taloksi
talo	talolle
talo	taloloessa
talo	talon
talo	talonsa
talo	taloon
talo	taloss
talo	talossa
talo	talossaan
talo	talossamme
talo	talosta
talo	talostaan
talo	talot
talollinen	talolliset
talonmies	talonmiehenä
talonmies	talonmies
talonpoika	talonpoika
talonpoikainen	talonpoikaisesta
talonpoikaisjärki	talonpoikaisjärki
talonrakennus	talonrakennuksessa
talonväki	talonväestä
taloton	talottoman
taloudellinen	taloudellinen
taloudellinen	taloudellisen
taloudellinen	taloudellisessa
taloudellinen	taloudellisia
taloudellinen	taloudellisista
taloudellinen	taloudellista
taloudellisesti	taloudellisesti
taloudenpito	taloudenpidon
talous	talouden
talous	talous
talous	talouteemme
talous	talouteen
talous	talouteenne
talous	taloutta
talous	talouttamme
talousasia	talousasioiden
talouselämä	talouselämä
talouskasvu	talouskasvu
talouskasvu	talouskasvulle
talouskasvu	talouskasvun
talouskuri	talouskuria
talouspoliittinen	talouspoliittisena
talouspoliittinen	talouspoliittista
talouspolitiikka	talouspolitiikka
talouspyyhe	talouspyyhettä
talouspäällikkö-apulaisjohtaja-johtaja-pääjohtaja	talouspäällikkö-apulaisjohtaja-johtaja-pääjohtaja
talousrikollisuus	talousrikollisuus
talousrikos	talousrikoksesta
taloustapaus	taloustapauksessa
taloustieteilijä	taloustieteilijät
taloyhtiö	taloyhtiön
taloyhtiö	taloyhtiöt
talsia	talsitaan
talteen	talteen
talttua	talttumaan
talttua	talttuu
taluttaa	talutimme
taluttaa	talutti
talvela	talvela
talvi	talvea
talvi	talveen
talvi	talveksi
talvi	talvella
talvi	talvellakin
talvi	talven
talvi	talvena
talvi	talvet
talvi	talvi
talvi	talvien
talvi-	talvi-
talviaika	talviaikaan
talvikeli	talvikelejä
talvikunnas	talvikunnaan
talviloma	talvilomani
talvimatkailla	talvimatkailevat
talvinen	talvinen
talvinen	talvisen
talvinen	talvisia
talvirengas	talvirenkaiden
talvirengas	talvirenkain
talvisaika	talvisaikaan
talvisin	talvisin
talvisota	talvisodan
talvitakki	talvitakkia
talviunitekijä	talviunitekijä
tamara	tamara
tamiliväestö	tamiliväestöä
tamma	tamma
tamma	tammaa
tamma	tammoille
tammela	tammela
tammela	tammelan
tammelantori	tammelantorilla
tammer	tammeria
tammerfest	tammerfestiin
tammi	tammea
tammi	tammen
tammikuinen	tammikuisena
tammikuu	tammikuun
tammikuu	tammikuussa
tammikuu	tammikuuta
tamminiemi	tamminiemen
tamminiemi	tamminiemessä
tammisto	tammiston
tampata	tamppasi
tampella	tampella
tampella	tampellan
tampere	tampere
tampere	tampereella
tampere	tampereelle
tampere	tampereelta
tampere	tampereen
tampere	tampereeseen
tampere	tampereesta
tampere	tamperetta
tamperelainen	tamperelainen
tamperelainen	tamperelaiselle
tamperelainen	tamperelaisten
tamperelais-	tamperelais-
tamur	tamur
tamuri	tamurin
tana	tana
tang	tangin
tango	tango
tango	tangoihin
tangofinaali	tangofinaaliin
tangokuningasturisti	tangokuningasturistit
tangomarkkinat	tangomarkkinat
tangomarkkinat	tangomarkkinoille
tanhuta	tanhuat
tanitó	tanitó
tanja	tanja
tankkauskohta	tankkauskohtaan
tankkeri	tankkerin
tankki	tankit
tankkiauto	tankkiautoilla
tankkikoe	tankkikokeen
tanner	tanner
tanner	tantereella
tansania	tansaniaan
tanska	tanska
tanska	tanskaan
tanska	tanskan
tanska	tanskassa
tanskalainen	tanskalainen
tanskalainen	tanskalaisessa
tanskalainen	tanskalaisillakin
tanssi	tanssi
tanssi	tanssia
tanssi	tanssin
tanssi-	tanssi-
tanssia	tanssi
tanssia	tanssia
tanssia	tanssiessa
tanssia	tanssii
tanssia	tanssimaan
tanssia	tanssimalla
tanssia	tanssittiin
tanssia	tanssivat
tanssiesitys	tanssiesitystä
tanssija	tanssijat
tanssijalka	tanssijalan
tanssijatar	tanssijatar
tanssijärjestäjä	tanssijärjestäjätkin
tanssikenkä	tanssikengät
tanssipop	tanssipopilla
tanssitaide	tanssitaiteeseen
tanssittava	tanssittaville
tanssityttö	tanssityttöineen
tantti	tantit
tanttinen	tanttinen
tanttu	tantun
tanya	tanyasta
tap-	tap-
tapa	tapa
tapa	tapaa
tapa	tapana
tapa	tapani
tapa	tapansa
tapa	tapoihin
tapa	tapoja
tapa	tapojaan
tapa	tapojani
tapa	taval
tapa	tavala
tapa	tavalla
tapa	tavallaan
tapa	tavallako
tapa	tavallamme
tapa	tavan
tapa	tavasta
tapa	tavastaan
tapa	tavat
tapa	tavoilla
tapa	tavoin
tapa	tavoista
tapaaminen	tapaaminen
tapaaminen	tapaamisesi
tapaaminen	tapaamisessa
tapaaminen	tapaamisesta
tapaaminen	tapaamisiin
tapaan	tapaan
tapahtua	tapahdu
tapahtua	tapahtua
tapahtua	tapahtui
tapahtua	tapahtuiko
tapahtua	tapahtuisi
tapahtua	tapahtuisivat
tapahtua	tapahtumaan
tapahtua	tapahtuneen
tapahtua	tapahtuneena
tapahtua	tapahtuneina
tapahtua	tapahtunut
tapahtua	tapahtuu
tapahtua	tapahtuukin
tapahtua	tapahtuuko
tapahtua	tapahtuvaa
tapahtua	tapahtuvaksi
tapahtua	tapahtuvan
tapahtuma	tapahtuma
tapahtuma	tapahtumaa
tapahtuma	tapahtumaasi
tapahtuma	tapahtuman
tapahtuma	tapahtumassamme
tapahtuma	tapahtumasta
tapahtuma	tapahtumat
tapahtuma	tapahtumia
tapahtuma	tapahtumien
tapahtuma	tapahtumiin
tapahtuma	tapahtumista
tapahtumaköyhä	tapahtumaköyhä
tapahtumattomuus	tapahtumattomuudesta
tapailla	tapailee
tapailla	tapailin
tapailla	tapailleet
tapainen	tapaiseen
tapainen	tapaisiin
tapainen	tapaista
tapainen	tapasta
tapakasvatus	tapakasvatus
tapani	tapani
tapanila	tapanilan
taparattijuopumus	taparattijuopumus
tapaturma	tapaturmat
tapaturmavakuutus	tapaturmavakuutuksella
tapaturmavakuutus	tapaturmavakuutus
tapauksessa	tapauksessa
tapaus	tapauksen
tapaus	tapauksessa
tapaus	tapauksessani
tapaus	tapauksia
tapaus	tapauksissa
tapaus	tapaus
tapaus	tapausta
tapaus	tappauksessa
tapavaatimus	tapavaatimuksiakin
tapella	tapella
tapella	tapleva
tapella	tappelee
tapella	tappelevat
tapetoida	tapetoida
tapetti	tapetteja
tapio	tapio
tapiola	tapiola
tappaa	tapa
tappaa	tapamme
tappaa	tapettu
tappaa	tapetusta
tappaa	tappaa
tappaa	tappaen
tappaa	tappanut
tappaa	tappavat
tappaa	tappoi
tappaja	tappaja
tappajahai	tappajahaista
tappajakarhu	tappajakarhu
tappaminen	tappamisesta
tappara	tappara
tapparalainen	tapparalaisia
tappelu	tappelu
tappelu	tappelua
tappelu	tappelujakin
tappio	tappio
tappio	tappioiden
tappio	tappioin
tappio	tappioistaan
tappio	tappioita
tappio	tappiolla
tappio	tappiosta
tappio	tappiot
tappiollinen	tappiollista
tappo	taposta
tapsa	tapsa
tapuli	tapuli
tapuli	tapulia
taputtaa	taputat
taputtaa	taputettiin
taputtaa	taputin
taputtaa	taputtaa
taputtaa	taputtaen
taputtaa	taputtaisitte
taputtaa	taputti
taputus	taputuksiin
taputus	taputus
tarantino	tarantinon
tarha	tarhaan
tarha	tarhan
tarha	tarhasta
tarhaus	tarhaus
tarina	tarina
tarina	tarinaa
tarina	tarinan
tarina	tarinansa
tarina	tarinasta
tarina	tarinat
tarina	tarinoidensa
tarina	tarinoita
tarina	tarinoitaan
tarinointi	tarinointinne
tarja	tarja
tarjeta	tarkene
tarjeta	tarkeneeko
tarjoilija	tarjoilija
tarjoilla	tarjoillaan
tarjoilla	tarjoiltava
tarjoilu	tarjoilun
tarjokas	tarjokasta
tarjolla	tarjolla
tarjonta	tarjonnan
tarjonta	tarjonnassa
tarjonta	tarjonnasta
tarjonta	tarjontaan
tarjota	tarjoa
tarjota	tarjoaa
tarjota	tarjoamaa
tarjota	tarjoamaan
tarjota	tarjoaman
tarjota	tarjoamme
tarjota	tarjoava
tarjota	tarjoavat
tarjota	tarjonneet
tarjota	tarjonnut
tarjota	tarjoomaan
tarjota	tarjosi
tarjota	tarjosin
tarjota	tarjosivatkin
tarjota	tarjota
tarjota	tarjotaan
tarjota	tarjoten
tarjota	tarjottaisiin
tarjota	tarjottava
tarjota	tarjottiin
tarjota	tarjottu
tarjota	tarjottua
tarjotin	tarjottimella
tarjottimellinen	tarjottimellinen
tarjous	tarjouksen
tarjous	tarjoukset
tarjous	tarjouksia
tarjous	tarjousten
tarjoushylly	tarjoushyllyyn
tarjoutua	tarjoutui
tarjoutua	tarjoutuneensa
tarjoutua	tarjoutuu
tarkalleen	tarkalleen
tarkastaa	tarkastaa
tarkastaa	tarkastettava
tarkastaa	tarkastettiin
tarkastaa	tarkastetuksi
tarkastaja	tarkastajat
tarkastelija	tarkastelijan
tarkastella	tarkastelen
tarkastella	tarkasteli
tarkastella	tarkastella
tarkastella	tarkastellaan
tarkastella	tarkasteltuna
tarkastelu	tarkastelun
tarkasti	tarkasti
tarkastus	tarkastukseen
tarkastus	tarkastuksen
tarkastuskierros	tarkastuskierrokselle
tarkastustilaisuus	tarkastustilaisuus
tarkemmin	tarkemmin
tarkennus	tarkennuksia
tarkentaa	tarkentaa
tarkimmin	tarkimmin
tarkistaa	tarkista
tarkistaa	tarkistaakseen
tarkistaa	tarkistakaa
tarkistaa	tarkistatko
tarkistaa	tarkisti
tarkka	tarkat
tarkka	tarkemmat
tarkka	tarkempaa
tarkka	tarkempi
tarkka	tarkempia
tarkka	tarkempien
tarkka	tarkimmista
tarkka	tarkka
tarkka	tarkkaa
tarkka	tarkkana
tarkka	tarkkoja
tarkka	tarkoin
tarkkaan	tarkkaan
tarkkaavainen	tarkkaavaisena
tarkkailija	tarkkailijat
tarkkailla	tarkkailee
tarkkailla	tarkkailemaan
tarkkailla	tarkkailevat
tarkkailla	tarkkaili
tarkkailla	tarkkaillaan
tarkkailuluokka	tarkkailuluokan
tarkoin	tarkoin
tarkoittaa	tarkoita
tarkoittaa	tarkoitan
tarkoittaa	tarkoitat
tarkoittaa	tarkoiteta
tarkoittaa	tarkoitetaan
tarkoittaa	tarkoitettiin
tarkoittaa	tarkoitettu
tarkoittaa	tarkoitettua
tarkoittaa	tarkoitettuja
tarkoittaa	tarkoitetun
tarkoittaa	tarkoitetussa
tarkoittaa	tarkoitin
tarkoittaa	tarkoittaa
tarkoittaa	tarkoittaisin
tarkoittaa	tarkoittamattaan
tarkoittaa	tarkoittanut
tarkoittaa	tarkoittanutkin
tarkoittaa	tarkoitti
tarkoittaa	tarkota
tarkoittaa	tarkotat
tarkoittaa	tarkottanu
tarkoituksellisesti	tarkoituksellisesti
tarkoituksenmukainen	tarkoituksenmukainen
tarkoitus	tarkoitukseen
tarkoitus	tarkoituksella
tarkoitus	tarkoituksena
tarkoitus	tarkoituksenaan
tarkoitus	tarkoituksensa
tarkoitus	tarkoituksessa
tarkoitus	tarkoituksesta
tarkoitus	tarkoitus
tarkoitus	tarkoitusta
tarmo	tarmo
tarmo	tarmolla
tarpeekseen	tarpeekseen
tarpeeksi	tarpeeksi
tarpeellinen	tarpeellinen
tarpeellinen	tarpeellisen
tarpeellinen	tarpeellisimmat
tarpeellinen	tarpeellisin
tarpeellinen	tarpeellista
tarpeellisuus	tarpeellisuudesta
tarpeen	tarpeen
tarpeeton	tarpeeton
tarpeettomasti	tarpeettomasti
tarpeettomuus	tarpeettomuudesta
tarpoa	tarpoessaan
tarpoa	tarpomassa
tarpoa	tarpoo
tarponen	tarposen
tarra	tarrassa
tarra	tarroihin
tarttua	tarttua
tarttua	tarttui
tarttua	tarttuisi
tarttua	tarttumatta
tarttua	tarttuneet
tarttua	tarttuu
tarttua	tarttuvaa
tarttua	tartu
tarttua	tartun
tartunta	tartunnan
taru	taru
taru	taruako
taru	tarun
tarunhohtoinen	tarunhohtoista
tarve	tarpeen
tarve	tarpeensa
tarve	tarpeeseen
tarve	tarpeet
tarve	tarpeilleen
tarve	tarpeineen
tarve	tarve
tarve	tarvetta
tarve	tarvettaan
tarvike	tarvikkeineen
tarvike	tarvikkeita
tarviketilaus	tarviketilaukset
tarvita	tartte
tarvita	tarttee
tarvita	tartteekos
tarvita	tartteepa
tarvita	tartteis
tarvita	tarttis
tarvita	tarvi
tarvita	tarvii
tarvita	tarviikkonää
tarvita	tarviit
tarvita	tarvin
tarvita	tarvinneet
tarvita	tarvinnu
tarvita	tarvinnut
tarvita	tarvis
tarvita	tarvita
tarvita	tarvitaan
tarvita	tarvitaanko
tarvita	tarvitse
tarvita	tarvitsee
tarvita	tarvitsemaansa
tarvita	tarvitsemia
tarvita	tarvitsemme
tarvita	tarvitsen
tarvita	tarvitset
tarvita	tarvitsevaa
tarvita	tarvitsevan
tarvita	tarvitsevat
tarvita	tarvitsi
tarvita	tarvitsikin
tarvita	tarvitsisi
tarvita	tarvitsisin
tarvita	tarvittaessa
tarvita	tarvittaisi
tarvita	tarvittaisiin
tarvita	tarvittavat
tarvittaessa	tarvittaessa
tarzan	tarzan
tasa-arvo	tasa-arvo
tasa-arvo	tasa-arvoa
tasa-arvo	tasa-arvoillaan
tasa-arvo	tasa-arvon
tasa-arvoinen	tasa-arvoisia
tasa-arvoistaa	tasa-arvoistetaan
tasa-arvoisuus	tasa-arvoisuutta
tasa-arvokysymys	tasa-arvokysymys
tasa-arvoliike	tasa-arvoliike
tasa-arvovaltuutettu	tasa-arvovaltuutettu
tasainen	tasainen
tasainen	tasaiseksi
tasainen	tasaisen
tasainen	tasaiset
tasainen	tasaisia
tasainen	tasaista
tasaisesti	tasaisesti
tasajalkaa	tasajalkaa
tasalla	tasalla
tasalle	tasalle
tasalta	tasalta
tasan	tasan
tasapaino	tasapaino
tasapaino	tasapainoon
tasapuolisesti	tasapuolisesti
tasaraha	tasarahan
tasatunti	tasatunnin
tasavalta	tasavallaksi
tasavalta	tasavallan
tasavalta	tasavalta
tasaveroinen	tasaveroisesta
tasaväkinen	tasaväkinen
tase	taseissamme
tase	tasetta
taskinen	taskinen
tasku	taskussa
tasku	taskussaan
tasku	taskustaan
tasku	taskuun
taskuraha	taskurahaa
taskutietokone	taskutietokone
taso	taso
taso	tasoa
taso	tasohan
taso	tasoilla
taso	tasolla
taso	tasolle
taso	tasoltaan
taso	tason
taso	tasoon
tasoinen	tasoinen
tasoinen	tasoiseen
tasoinen	tasoisensa
tasoinen	tasoisia
tasoittaa	tasoitti
tasoittaminen	tasoittamiseksi
tasoitus	tasoituksen
tasoitusyritys	tasoitusyritys
tasokas	tasokkaan
tassutella	tassuttelee
tatu	tatu
tatuoida	tatuoiduksi
tauko	tauko
tauko	taukojen
tauko	tauon
tauko	tauotta
taukoamaton	taukoamattoman
taukopaikka	taukopaikka
taulu	taulu
taulu	tauluja
taulu	taulujen
taulu	taululle
taulu	taulut
taulukko	taulukkoa
tauno	tauno
tauno	taunon
tauota	taukoamatta
tauota	taukoamattomaan
tausta	taustaa
tausta	taustaksi
tausta	taustalla
tausta	taustalle
tausta	taustasta
tausta	taustoineen
tausta	taustoja
taustalaulaja	taustalaulajina
taustatieto	taustatiedot
tauti	taudin
tauti	taudista
tauti	tauteihin
tauti	tauteja
tauti	tauti
tauti	tautia
tauti	tautiin
tauti	tautina
tavalla	tavalla
tavallaan	tavallaan
tavallinen	tavallinen
tavallinen	tavalliseen
tavallinen	tavallisella
tavallinen	tavalliselle
tavallinen	tavallisen
tavallinen	tavallisenkin
tavallinen	tavalliset
tavallinen	tavallisia
tavallinen	tavallisille
tavallinen	tavallisimmat
tavallinen	tavallisimpia
tavallinen	tavallisissa
tavallinen	tavallista
tavallinen	tavallistakin
tavallinen	tavallisten
tavallisesti	tavallisesti
tavanomainen	tavanomainen
tavanomainen	tavanomaiseen
tavanomainen	tavanomaisesta
tavanomainen	tavanomaiset
tavanomainen	tavanomaista
tavara	tavara
tavara	tavaraa
tavara	tavaran
tavara	tavarana
tavara	tavaransa
tavara	tavarat
tavara	tavaroineen
tavara	tavaroistani
tavara	tavaroita
tavara	tavaroitaan
tavara	tavaroitamme
tavaramerkki	tavaramerkki
tavaratila	tavaratila
tavata	tapaa
tavata	tapaama
tavata	tapaamaan
tavata	tapaamani
tavata	tapaamassa
tavata	tapaamme
tavata	tapasi
tavata	tapasimme
tavata	tapasin
tavata	tapasivat
tavata	tavanneet
tavata	tavannukkaan
tavata	tavannut
tavata	tavata
tavata	tavataan
tavata	tavatakseen
tavata	tavatessaan
tavata	tavattais
tavata	tavattavan
tavata	tavattavissa
tavata	tavattiin
tavata	tavattu
tavata	tavattuani
tavaton	tavaton
tavaton	tavattoman
tavattomasti	tavattomasti
tavoin	tavoin
tavoite	tavoite
tavoite	tavoitteekseen
tavoite	tavoitteeksi
tavoite	tavoitteena
tavoite	tavoitteenamme
tavoite	tavoitteeni
tavoite	tavoitteessaan
tavoite	tavoitteesta
tavoite	tavoitteet
tavoite	tavoitteiden
tavoite	tavoitteita
tavoite	tavote
tavoitella	tavoitellaan
tavoitella	tavoitelleet
tavoitella	tavoittelemaan
tavoitella	tavoittelemassa
tavoitella	tavoittelevaa
tavoitepaino	tavoitepaino
tavoittaa	tavoitettu
tavoittaa	tavoitimme
tavoittaa	tavoittaa
tavoittaa	tavoittamattomissa
tavoitteluralli	tavoittelurallissa
tavu	tavu
tavu	tavua
tax	tax
taxell	taxellille
taylor	taylor
tays	taysissa
tbk	tbk
tdr-sivu	tdr-sivut
teatraalisesti	teatraalisesti
teatteri	teattereille
teatteri	teattereita
teatteri	teatteri
teatteri	teatteriin
teatteri	teatterille
teatteri	teatterin
teatteri	teatterissa
teatteri	teatterissaan
teatteri	teatterista
teatterikaappaus	teatterikaappauksenkin
teatterikesä	teatterikesän
teatterikoulu	teatterikoulu
teatterikoulu	teatterikoulun
teatterilava	teatterilava
teatterimies	teatterimiehen
teatterintekijäjoukko	teatterintekijäjoukko
teatteriohjaaja	teatteriohjaaja
teatteripäällikkö	teatteripäällikölle
teatteriseurue	teatteriseurue
teatterisukupolvi	teatterisukupolven
teatteriura	teatteriuransa
teatteriväki	teatteriväen
technics	technics
technics-koneisto	technics-koneisto
tee	tee
tee	teestä
tee	teetä
teema	teema
teema	teemaan
teema	teemaksi
teema	teeman
teema	teemana
teemu	teemu
teemu	teemun
teenkeittäjä	teenkeittäjä
teeri	teeri
teerikukko	teerikukon
teeside	teesideen
teeskentely	teeskentelyä
teettäminen	teettäminen
teettäminen	teettämiseen
teettää	teetin
teettää	teetti
teettää	teettänyt
teettää	teettävät
teettää	teettää
teetättää	teetättää
tefal-vedenkeitin	tefal-vedenkeittimessä
tehdas	tehdas
tehdas	tehtaalla
tehdas	tehtaan
tehdas	tehtaaseen
tehdas	tehtaasta
tehdas	tehtaat
tehdas	tehtailla
tehdasasenteinen	tehdasasenteinen
tehdasrakennus	tehdasrakennusten
tehdassali	tehdassaleista
tehdassali	tehdassalit
tehdastakuu	tehdastakuu
tehdastyö	tehdastyökään
tehdasvalmisteinen	tehdasvalmisteinen
tehdä	tee
tehdä	teemme
tehdä	teen
tehdä	teenkö
tehdä	teet
tehdä	teetpä
tehdä	teette
tehdä	teettekö
tehdä	tehden
tehdä	tehdessään
tehdä	tehdyissä
tehdä	tehdyistä
tehdä	tehdyksi
tehdä	tehdylle
tehdä	tehdyn
tehdä	tehdyt
tehdä	tehdä
tehdä	tehdäkin
tehdä	tehdäkseen
tehdä	tehdään
tehdä	tehdäänkö
tehdä	teheny
tehdä	tehkää
tehdä	tehkääpä
tehdä	tehköön
tehdä	tehneelle
tehdä	tehneen
tehdä	tehneensä
tehdä	tehneet
tehdä	tehny
tehdä	tehnyt
tehdä	tehnyttä
tehdä	tehr
tehdä	tehrä
tehdä	tehtiin
tehdä	tehtiinhän
tehdä	tehtiinpä
tehdä	tehty
tehdä	tehtyihin
tehdä	tehtyjen
tehdä	tehtyjä
tehdä	tehtyk
tehdä	tehtyä
tehdä	tehtäis
tehdä	tehtäisi
tehdä	tehtäisiin
tehdä	tehtäköön
tehdä	tehtävissä
tehdä	tehtävä
tehdä	tehtävälle
tehdä	tehtävän
tehdä	tehä
tehdä	teimme
tehdä	tein
tehdä	teit
tehdä	teitkö
tehdä	tekee
tehdä	tekeekö
tehdä	tekeepä
tehdä	tekemillä
tehdä	tekemistä
tehdä	tekemiä
tehdä	tekemiämme
tehdä	tekemiäni
tehdä	tekemiään
tehdä	tekemäisillään
tehdä	tekemällä
tehdä	tekemämme
tehdä	tekemänsä
tehdä	tekemäsi
tehdä	tekemässä
tehdä	tekemästä
tehdä	tekemästään
tehdä	tekemät
tehdä	tekemättä
tehdä	tekemää
tehdä	tekemään
tehdä	tekevä
tehdä	tekevän
tehdä	tekevänsä
tehdä	tekevät
tehdä	teki
tehdä	tekikin
tehdä	tekipä
tehdä	tekis
tehdä	tekisi
tehdä	tekisikin
tehdä	tekisin
tehdä	tekisit
tehdä	tekisitkö
tehdä	tekisitte
tehdä	tekisivät
tehdä	tekivät
tehdä	tekköö
teho	teho
teho	tehoa
teho	tehon
tehokas	tehokas
tehokas	tehokkaimmalla
tehokas	tehokkain
tehokas	tehokkaita
tehokeino	tehokeinoa
tehokkaasti	tehokkaasti
tehokkuus	tehokkuus
teholuku	teholukujen
tehosekoitin	tehosekoittimella
tehosekoitin	tehosekoittimessa
tehostaa	tehostettu
tehotarkastus	tehotarkastuksen
tehoton	tehoton
tehottomasti	tehottomasti
tehtävä	tehtäviin
tehtävä	tehtävissä
tehtävä	tehtävistä
tehtävä	tehtäviä
tehtävä	tehtäviäsi
tehtävä	tehtäviään
tehtävä	tehtävä
tehtävä	tehtäväkseen
tehtävä	tehtäväksi
tehtävä	tehtävämme
tehtävä	tehtävän
tehtävä	tehtäväni
tehtävä	tehtävänne
tehtävä	tehtävänsä
tehtävä	tehtävänä
tehtävä	tehtävässä
tehtävä	tehtävässänne
tehtävä	tehtävästään
tehtävä	tehtävät
tehtävä	tehtävää
tehtävä	tehtävään
tehtävä	tehtäväänsä
tehtäväksianto	tehtäväksiantonsa
tehy	tehyn
teija	teija
teikari	teikarin
teilata	teilannut
teini-ikäinen	teini-ikäisistä
teini-ikäinen	teini-ikäistä
teinityttö	teinityttöä
teisko	teiskosta
teititellä	teitittelen
teivo	teivon
tekeillä	tekeillä
tekele	tekeleenä
tekeminen	tekeminen
tekeminen	tekemisen
tekeminen	tekemisestä
tekeminen	tekemisiin
tekeminen	tekemisissä
tekeminen	tekemisiä
tekeminen	tekemist
tekeminen	tekemistä
tekeytyminen	tekeytyminen
tekijä	tekijä
tekijä	tekijän
tekijä	tekijänä
tekijä	tekijät
tekijä	tekijöiden
tekijä	tekijöille
tekijä	tekijöistä
tekijä	tekijöitä
tekijämies	tekijämies
tekijänoikeuslainsäädäntö	tekijänoikeuslainsäädännön
tekijänoikeuslaki	tekijänoikeuslain
tekniikka	tekniikan
tekniikka	tekniikka
tekniikka	tekniikkaansa
tekniikka	tekniikkani
tekniikka	tekniikkansa
tekniikka	tekniikoita
teknikko	teknikko
teknikko	teknikkoja
teknikko	teknikoksi
teknillinen	teknillisen
tekninen	tekninen
tekninen	teknisen
teknisesti	teknisesti
teknistieteellinen	teknistieteellisen
teknokraatti	teknokraatille
teknokraattinen	teknokraattisessa
teko	teko
teko	tekoa
teko	tekoihin
teko	tekojaan
teko	tekojani
teko	tekoni
teko	tekoon
teko	teoin
teko	teon
teko	teossa
teko	teosta
tekoaika	tekoaikaa
tekohammas	tekohampaat
tekotimantti	tekotimantista
teksti	tekstejä
teksti	teksti
teksti	tekstin
teksti	tekstistä
teksti	tekstistäsi
teksti	tekstit
teksti	tekstiä
teksti	tekstiään
tekstiili	tekstiileissä
tekstiili	tekstiili
tekstiili-	tekstiili-
tekstimäärä	tekstimäärään
tel	tel
telakka	telakoiden
tele	telelläkään
telefooni	teleffoonilla
teleliikenne	teleliikennekin
teleliiketoiminta	teleliiketoiminta
telenius	teleniuksen
teleosake	teleosakkeet
televisio	televisio
televisio	televisiolle
televisio	television
televisio	televisioon
televisio	televisiossa
televisio	televisiosta
televisio	televisiot
televisio	televisiota
televisio-ohjelma	televisio-ohjelmat
televisioesiintyjä	televisioesiintyjänä
televisiomainonta	televisiomainonta
televisiomainonta	televisiomainontaa
televisioruutu	televisioruudusta
telkkari	telkkaria
tellervo	tellervo
tellu	tellu
teloittaa	teloitettuja
teloontua	teloontua
teltta	teltoissa
teltta	teltta
teltta	telttaa
telttakylä	telttakyliä
telttapaikka	telttapaikkoja
temperatekniikka	temperatekniikkaan
tempo	tempo
tempoa	tempoi
temppeli	temppeli
temppeli	temppeliin
temppeli	temppelille
temppeli	temppelin
temppeli	temppeliä
temppu	temppu
temppu	tempun
temppu	temput
temppuilla	temppuilet
temppuilla	temppuillaan
tenava	tenavansa
tenderi	tenderistä
tenho	tenho
tenkkapoo	tenkkapoo
tenni	tenni
tennilä	tennilältä
tennis-	tennis-
tennisfani	tennisfania
tennishalli	tennishallille
tennispalatsisuunnitelma	tennispalatsisuunnitelmasta
tennistähti	tennistähden
teno	tenon
tentti	tentin
tentti	tenttiä
teollinen	teollinen
teollinen	teollisen
teollistua	teollistui
teollisuus	teollisuudelle
teollisuus	teollisuuden
teollisuus	teollisuudessa
teollisuus	teollisuutta
teollisuusalue	teollisuusaluetta
teollisuusjohtaja	teollisuusjohtajat
teollisuuskeskus	teollisuuskeskuksissa
teollisuusmaa	teollisuusmaat
teollisuusmaa	teollisuusmaiden
teollisuusmaa	teollisuusmaihin
teollisuusmies	teollisuusmies
teollisuusmies	teollisuusmiestä
teollisuusministeri	teollisuusministeri
teollisuusministeriö	teollisuusministeriön
teollisuusministeriö	teollisuusministeriöstä
teollisuusprojekti	teollisuusprojekteista
teollisuusryhmä	teollisuusryhmää
teollisuussuku	teollisuussuku
teollisuusvaltio	teollisuusvaltioiden
teologi	teologina
teoreettinen	teoreettinen
teoreettinen	teoreettisia
teoreettisesti	teoreettisesti
teoretisoida	teoretisoida
teoria	teoria
teoria	teoriaa
teoria	teoriansa
teoria	teoriassa
teoria	teoriastaan
teoria	teorioita
teoriaherra	teoriaherrojen
teos	teokseen
teos	teokseensa
teos	teoksellaan
teos	teoksen
teos	teoksensa
teos	teoksessa
teos	teokset
teos	teoksia
teos	teoksiaan
teos	teos
teos	teoshan
teos	teosta
tepastella	tepastelee
tepi	tepi
tepponen	tepposia
terapia	terapiaa
teresa	teresan
tergat	tergat
terhakas	terhakkaalle
terhakas	terhakkaana
terhakka	terhakan
terhi	terhi
terho	terho
termi	termejä
termi	termi
termi	termiä
terminaali	terminaali
termospullo	termospullomme
tero	tero
terrori	terrorin
terrori-isku	terrori-iskusta
terrorismi	terrorismista
terrorisoida	terrorisoida
terrorisoida	terrorisoimaan
terrorisoida	terrorisoitu
terroristi	terroristi
terroristi	terroristin
terroristi	terroristit
terroristijärjestö	terroristijärjestö
terttu	terttu
terva	terva
terva	tervaa
tervahauta	tervahaudan
tervaleppäjuhla	tervaleppäjuhla
tervaleppäkuja	tervaleppäkujansa
terve	terve
terve	terveeltä
terve	terveenä
terve	terveisiin
terve	terveitä
terve	tervettä
terveellinen	terveellisiksi
terveellinen	terveellistä
terveellisesti	terveellisesti
tervehtiä	tervehdit
tervehtiä	tervehdittyään
tervehtiä	tervehti
tervehtiä	tervehtimään
tervehtiä	tervehtinyt
tervehtiä	tervehtiä
tervehtyä	tervehtyvät
terveiset	terveiset
terveiset	terveisineen
terveiset	terveisiä
tervetuliaismalja	tervetuliaismalja
tervetullut	tervetulleita
tervetullut	tervetullut
tervetuloa	tervetuloa
terveydellinen	terveydelliset
terveys	terveys
terveys	terveytensä
terveys-	terveys-
terveysala	terveysala
terveyshaitta	terveyshaitat
terveyshuoli	terveyshuolien
terveysintoilu	terveysintoilu
terveyskauppa	terveyskaupoissa
terveyskeskus	terveyskeskukseen
terveyskeskus	terveyskeskuksessa
terveyskeskus	terveyskeskuksissa
terveyskeskuslääkäri	terveyskeskuslääkärinä
terveysministeriö	terveysministeriön
terveysongelma	terveysongelmia
terveystalo	terveystaloon
terveystarkastus	terveystarkastuksia
terveystoimi	terveystoimesta
terveystutkimus	terveystutkimuksilla
tervo	tervo
terä	teriä
terä	teränsä
teräs	teräs
teräs	terästä
teräs-	teräs-
teräsgrilli	teräsgrillille
teräslevy	teräslevystä
terästehdas	terästehdasta
terästehdas	terästehtaalla
terävä	terävä
terävä	terävällä
terävä	terävämpi
terävä	terävää
teräväkatseinen	teräväkatseisen
tess	tess
testamentata	testamentata
testamentti	testamenttis
testata	testaa
testata	testaavat
testata	testasi
testata	testata
testata	testataan
testata	testattu
testauskäsittelijä	testauskäsittelijät
testi	testein
testi	testejä
testi	testi
testi	testien
testi	testiin
testi	testinkin
testi	testissä
testiajo	testiajoon
testiauto	testiautossa
testikuski	testikuski
testiohjelma	testiohjelma
testiryhmä	testiryhmä
testitulos	testitulokset
testivoittaja	testivoittajaa
testosteroni	testosteroni
teuras	teuraaksi
teurastaa	teurastettua
teurastamo	teurastamon
texmex-kuningas	texmex-kuningas
thaimaa	thaimaan
thaimaa	thaimaassa
thatcher	thatcherilla
thatcher	thatcherin
the	the
there	there
this	this
thomas	thomas
thompson	thompson
thorne	thorne
thorpe	thorpe
thorpe	thorpen
ti	ti
tiden-kustantamo	tiden-kustantamon
tie	teiden
tie	teilleen
tie	teillä
tie	teistäkin
tie	teitä
tie	tie
tie	tielle
tie	tiellä
tie	tien
tie	tiensä
tie	tiestä
tie	tiet
tie	tietä
tie	tiä
tiede	tiede
tiede	tieteen
tiedekunta	tiedekunta
tiedemies	tiedemiehet
tiedepolitiikka	tiedepolitiikka
tiedeyhteisö	tiedeyhteisö
tiedeyhteisö	tiedeyhteisölleen
tiedonhankinta	tiedonhankintaa
tiedonkäsittely	tiedonkäsittelystä
tiedonsiirtoyhteys	tiedonsiirtoyhteydet
tiedontuottamiskyky	tiedontuottamiskykynsä
tiedostaa	tiedostaa
tiedostaa	tiedostamattaan
tiedostaa	tiedostamattomia
tiedote	tiedotteen
tiedote	tiedotteita
tiedotella	tiedottelen
tiedoton	tiedottomana
tiedottaa	tiedotathan
tiedottaa	tiedotettu
tiedottaa	tiedottamisessa
tiedottaja	tiedottaja
tiedotus	tiedotusta
tiedotusjohtaja	tiedotusjohtaja
tiedotuspäällikkö	tiedotuspäällikkö
tiedotustilaisuus	tiedotustilaisuutensa
tiedotusväline	tiedotusvälineet
tiedotusväline	tiedotusvälineisiin
tiedotusväline	tiedotusvälineissä
tiedotusväline	tiedotusvälineitä
tiedustella	tiedustelevat
tiedustella	tiedustelit
tiedustella	tiedustella
tiedusteluoperaatio	tiedusteluoperaatioiden
tiedustelupalvelu	tiedustelupalveluissa
tiedustelupalvelu	tiedustelupalvelun
tiehanke	tiehankkeelle
tiehanke	tiehankkeiden
tiejatke	tiejatke
tielaitos	tielaitos
tielle	tielle
tieltä	tieltä
tiemmä	tiemmä
tienata	tienaavat
tienata	tienata
tienoilla	tienoilla
tienoille	tienoille
tienoo	tienoo
tiensuu	tiensuun
tientekotarve	tientekotarpeiden
ties	ties
tiestö	tiestö
tieteellinen	tieteellinen
tieteellinen	tieteellisen
tieteellinen	tieteellisissä
tieteellinen	tieteellisiä
tieteellinen	tieteellisten
tieteellinen	tieteellistä
tieteellisesti	tieteellisesti
tieteellistekninen	tieteellistekninen
tieteentekijä	tieteentekijöitä
tieteidenvälinen	tieteidenvälisestä
tieteisusko	tieteisuskon
tieten	tieten
tietenkin	tietenkin
tietenkään	tietenkään
tieto	tiedoilla
tieto	tiedoksi
tieto	tiedon
tieto	tiedossa
tieto	tiedot
tieto	tieto
tieto	tietoa
tieto	tietoja
tieto	tietojen
tieto	tietoon
tietoinen	tietoinen
tietoinen	tietoisia
tietoisemmin	tietoisemmin
tietoisesti	tietoisesti
tietoisuus	tietoisuuteen
tietojenkäsittely	tietojenkäsittelyä
tietokaapeli	tietokaapeleita
tietokilpailu	tietokilpailut
tietokone	tietokone
tietokone	tietokonee
tietokone	tietokoneella
tietokone	tietokoneellaan
tietokone	tietokoneeltaan
tietokone	tietokoneen
tietokone	tietokoneensa
tietokone	tietokoneesi
tietokone	tietokoneessa
tietokone	tietokoneet
tietokone	tietokoneille
tietokone	tietokoneita
tietokone	tietokonetta
tietokoneavusteinen	tietokoneavusteista
tietokonekeskus	tietokonekeskuksen
tietokonepeli	tietokonepelejä
tietokonesuunnittelu	tietokonesuunnittelua
tietokonevelhotar	tietokonevelhotar
tietokoneyhteys	tietokoneyhteys
tietokoneyksikkö	tietokoneyksikkö
tietokoneyksikkö	tietokoneyksikössä
tietomaa	tietomaassa
tietosuojavaltuutettu	tietosuojavaltuutettu
tietotekniikka	tietotekniikalla
tietotekniikka	tietotekniikan
tietotekniikka	tietotekniikkaa
tietoverkko	tietoverkkojen
tietoverkko	tietoverkkoon
tietoverkko	tietoverkosta
tietty	tietty
tietty	tiettyjen
tietty	tiettyjä
tietty	tiettyyn
tietty	tiettyä
tietty	tietyillä
tietty	tietyllä
tietty	tietyn
tietty	tietyssä
tietty	tietystä
tietty	tietyt
tiettävästi	tiettävästi
tietulli	tietulleja
tietymättömissä	tietymättömissä
tietymätön	tietymättömillä
tietynlainen	tietynlainen
tietynlainen	tietynlaisena
tietysti	tietty
tietysti	tietysti
tietysti	tietystikään
tietyö	tietöiden
tietyömaamerkki	tietyömaamerkin
tietäjä	tietäjä
tietämys	tietämys
tietämättömyys	tietämättömyys
tietämättömyys	tietämättömyyttäni
tietämättömyys	tietämättömyyttään
tietää	tie
tietää	tiedettiin
tietää	tiedetty
tietää	tiedettäisiin
tietää	tiedettävä
tietää	tiedetä
tietää	tiedetään
tietää	tiedä
tietää	tiedäksä
tietää	tiedäkään
tietää	tiedämme
tietää	tiedän
tietää	tiedäp
tietää	tiedäs
tietää	tiedät
tietää	tiedätkö
tietää	tiedätte
tietää	tiedättehän
tietää	tiedättekö
tietää	tienneekö
tietää	tienneensä
tietää	tienneet
tietää	tienny
tietää	tiennyt
tietää	tiennytkin
tietää	tiennöön
tietää	tierä
tietää	tiesi
tietää	tiesin
tietää	tiesitkö
tietää	tiesittekös
tietää	tiesivät
tietää	tiet
tietää	tietäen
tietää	tietäis
tietää	tietäisi
tietää	tietäisin
tietää	tietäisinkin
tietää	tietäisipä
tietää	tietämäni
tietää	tietämättä
tietää	tietämätön
tietää	tietämään
tietää	tietäneekö
tietää	tietänyt
tietää	tietäs
tietää	tietävän
tietää	tietävänsä
tietää	tietävät
tietää	tietää
tietää	tietääkin
tietää	tietääkseen
tietää	tietääkseni
tietää	tietääkään
tietää	tietääkö
tietää	tietääköhän
tietää	tiijä
tietää	tiiä
tietää	tiiäks
tietää	tiiät
tietää	tiä
tietää	tiäks
tietää	tiätäny
tieyhteys	tieyhteys
tihentyä	tihentyvässä
tiheä	tiheämpää
tiheä	tiheässä
tiheä	tiheätä
tihinen	tihinen
tihkua	tihkunut
tihkua	tihkuvia
tihkunopeus	tihkunopeus
tiibet	tiibetin
tiikerikanta	tiikerikannan
tiikerililja	tiikerililja
tiikkainen	tiikkainen
tiili	tiilestä
tiilikainen	tiilikainen
tiiliseinä	tiiliseinään
tiilitalo	tiilitaloissa
tiilitalo	tiilitalossa
tiimellys	tiimellyksessä
tiimi	tiimi
tiimi	tiimimme
tiimoilta	tiimoilta
tiina	tiina
tiina	tiinan
tiirailla	tiiraili
tiistai	tiistai
tiistai	tiistaihin
tiistai	tiistaiksi
tiistai	tiistaiksit
tiistai	tiistain
tiistai	tiistaina
tiistai	tiistaista
tiistai-ilta	tiistai-iltana
tiistainen	tiistaisen
tiivis	tiivis
tiivistunnelmainen	tiivistunnelmainen
tiivistyä	tiivistyy
tiivistää	tiivistänyt
tiivistää	tiivistää
tikapuu	tikapuut
tikata	tikkaavasta
tikkakoskelainen	tikkakoskelaista
tikkakoski	tikkakoskella
tikku	tikkuja
tikkuaski	tikkuaski
tikkuinen	tikkuisia
tikli	tikli
tila	tila
tila	tilaa
tila	tilaan
tila	tilaansa
tila	tilalla
tila	tilan
tila	tilansa
tila	tilassa
tila	tilasta
tila	tilastani
tila	tilat
tila	tiloissa
tila	tiloja
tila	tilojen
tila-auto	tila-autoa
tilaaja	tilaaja
tilaisuus	tilaisuuden
tilaisuus	tilaisuudessa
tilaisuus	tilaisuudesta
tilaisuus	tilaisuudet
tilaisuus	tilaisuuksia
tilaisuus	tilaisuuksis
tilaisuus	tilaisuuksissa
tilaisuus	tilaisuus
tilaisuus	tilaisuuteen
tilaisuus	tilaisuutta
tilalle	tilalle
tilanne	tilanne
tilanne	tilannetta
tilanne	tilannettani
tilanne	tilanteen
tilanne	tilantees
tilanne	tilanteeseen
tilanne	tilanteessa
tilanne	tilanteesta
tilanne	tilanteestaan
tilanne	tilanteiden
tilanne	tilanteisiin
tilanne	tilanteissa
tilanne	tilanteita
tilannehallinta	tilannehallinnan
tilannemuutos	tilannemuutosten
tilapäisesti	tilapäisesti
tilasto	tilastoista
tilasto	tilastoja
tilasto	tilastojen
tilasto	tilastot
tilastokeskus	tilastokeskuksesta
tilastollinen	tilastollinen
tilastollinen	tilastollisia
tilata	tilaa
tilata	tilanneensa
tilata	tilannut
tilata	tilasi
tilata	tilasimme
tilata	tilasin
tilata	tilasit
tilata	tilasitte
tilata	tilasivat
tilata	tilata
tilata	tilattava
tilata	tilattu
tilata	tilattuja
tilata	tilatun
tilata	tilloo
tilaus	tilauksesta
tilaus	tilauksia
tilaus	tilaus
tilausmalli	tilausmalliksi
tilava	tilava
tilava	tilavalla
tilhi	tilhi
tili	tilejä
tili	tili
tili	tilien
tili	tilillesi
tili	tilin
tili	tiliä
tilikausi	tilikauden
tilintarkastaja	tilintarkastajaksi
tilintarkastaja	tilintarkastajat
tilinteko	tilinteon
tilinumero	tilinumero
tilittää	tilitetyistä
tilkitsijä	tilkitsijäksi
tilkka	tilkka
tillaeus	tillaeuksen
tilli	tillillään
tilli	tilliä
tillikka	tillikan
tillikka	tillikkaa
tilsa	tilsat
timangi	timangi
timantti	timantti
timbuktu	timbuktuunkin
times	times
times	timesin
timmi	timmissä
timo	timo
timo	timon
timppa	timppa
tinkaista	tinkastas
tinkiä	tingitty
tinkiä	tinkimättä
tintata	tinttasi
tipahtaa	tipahtaa
tipi	tipi
tippa	tipassa
tippa	tippa
tippa	tippaa
tippa	tippaakaan
tippua	tippuisivat
tippua	tippunu
tippua	tippuu
tippua	tipu
tipsa	tipsaa
tipu	tipuja
tiputtaa	tiputa
tiputtaa	tiputtamalla
tirana	tiranaan
tirinä	tirinää
tirkistellä	tirkistelemään
tirkkonen	tirkkonen
tiskata	tiskaamallakos
tiskata	tiskata
tiski	tiskiin
tiski	tiskin
tiski	tiskissä
tiskijukka	tiskijukka
tiskikone	tiskikone
tiskirätti	tiskirätin
tismalleen	tismalleen
tissi	tississä
titaaninen	titaaniset
tito	tito
titteli	titteli
titteli	tittelit
tiuha	tiuhaan
tiukalla	tiukalla
tiukassa	tiukassa
tiukasti	tiukasti
tiukentaa	tiukentaa
tiukentaa	tiukentanut
tiukille	tiukille
tiukka	tiukalla
tiukka	tiukassa
tiukka	tiukat
tiukka	tiukempaa
tiukka	tiukempi
tiukka	tiukka
tiukka	tiukkaa
tiukka	tiukkoihin
tiukkailmeinen	tiukkailmeistä
tjimka	tjimka
tm	tm
tms	tms
to	to
todd	todd
todella	todella
todella	todellakaan
todella	todellakin
todellinen	todellinen
todellinen	todellisestakin
todellinen	todelliset
todellinen	todellisia
todellinen	todellisiin
todellinen	todellisiksi
todellinen	todellista
todellisuus	todellisuuden
todellisuus	todellisuudessa
todellisuus	todellisuus
todellisuus	todellisuuteen
todellisuus	todellisuutta
todennettavasti	todennettavasti
todennäköinen	todennäköinen
todennäköinen	todennäköiseltä
todennäköinen	todennäköistä
todennäköisemmin	todennäköisemmin
todennäköisesti	todennäköisesti
todennäköisyys	todennäköisyydellä
todennäköisyys	todennäköisyys
todenperäisyys	todenperäisyydestä
todentaa	todennettava
todeta	todeta
todeta	todetaan
todeta	todettakoon
todeta	todettava
todeta	todettiin
todeta	todettu
todeta	todettujen
todeta	toteaa
todeta	toteamaan
todeta	toteavat
todeta	totesi
todeta	totesimme
todeta	totesin
todistaa	todistaa
todistaa	todistakoon
todistaa	todistamaan
todistaa	todisti
todistaja	todistajat
todistaja	todistajia
todistaja	todistajien
todistaminen	todistamista
todiste	todisteena
todiste	todisteiden
todiste	todisteita
todistettavasti	todistettavasti
todistusvoima	todistusvoiman
toeta	tokenen
tohelointi	tohelointeja
tohjoksi	tohjoksi
tohtia	tohdi
tohtia	tohdin
tohtia	tohtineet
tohtia	tohtinut
tohtori	tohtori
tohtori	tohtorin
tohtorinhattu	tohtorinhatustaan
tohtorinoppi	tohtorinoppiin
tohtorintitteli	tohtorintitteliä
tohtoritella	tohtoritellut
tohtorska	tohtorskaksi
toijala	toijala
toijalalainen	toijalalainen
toilettipaperi	toilettipaperia
toimeenpano	toimeenpanosta
toimeentulla	toimeentuleva
toimeentulo	toimeentulostani
toimeentulotuki	toimeentulotuen
toimeentulotuki	toimeentulotukea
toimeliaisuus	toimeliaisuuden
toimenpide	toimenpide
toimenpide	toimenpiteillään
toimenpide	toimenpiteisiin
toimenpide	toimenpiteistä
toimenpide	toimenpiteitä
toimesta	toimesta
toimi	toimee
toimi	toimeen
toimi	toimeksi
toimi	toimen
toimi	toimia
toimi	toimiaan
toimi	tointa
toimia	toimi
toimia	toimia
toimia	toimiakseen
toimia	toimii
toimia	toimimaan
toimia	toimineen
toimia	toimineet
toimia	toimineetkin
toimia	toiminut
toimia	toimis
toimia	toimisi
toimia	toimittua
toimia	toimiva
toimia	toimivan
toimia	toimivat
toimia	toimivia
toimialakohtainen	toimialakohtaisista
toimialoittain	toimialoittain
toimielin	toimielimelle
toimihenkilö	toimihenkilö
toimihenkilö	toimihenkilöistä
toimihenkilö	toimihenkilön
toimihenkilö	toimihenkilöä
toimihenkilöjärjestö	toimihenkilöjärjestöjä
toimihenkilöperhe	toimihenkilöperheistä
toimikausi	toimikauden
toimikunta	toimikunnalle
toimikunta	toimikunnan
toimikunta	toimikunta
toimilupa	toimiluvan
toiminnallinen	toiminnalliset
toiminnanjohtaja	toiminnanjohtajana
toiminnanjohtajakausi	toiminnanjohtajakausi
toiminta	toiminnalta
toiminta	toiminnan
toiminta	toiminnassamme
toiminta	toiminnasta
toiminta	toiminnastaan
toiminta	toiminta
toiminta	toimintaa
toiminta	toimintaan
toiminta	toimintaansa
toiminta	toimintamme
toiminta	toimintansa
toimintahäiriö	toimintahäiriö
toimintakeskus	toimintakeskuksessa
toimintatapa	toimintatapaa
toimintatapa	toimintatapaan
toiminto	toiminnoista
toiminto	toiminnot
toiminto	toimintoihin
toiminto	toimintojensa
toimisto	toimisto
toimisto	toimistomme
toimisto	toimistoo
toimisto	toimistoon
toimisto	toimistossa
toimisto	toimistosta
toimistosihteeri	toimistosihteeri
toimitella	toimitella
toimitila	toimitilat
toimitsija	toimitsijana
toimittaa	toimita
toimittaa	toimitetaan
toimittaa	toimitettaessa
toimittaa	toimitettiin
toimittaa	toimittaa
toimittaa	toimittamalla
toimittaja	toimittaja
toimittaja	toimittajaki
toimittaja	toimittajan
toimittaja	toimittajat
toimittaja	toimittajia
toimittaja	toimittajien
toimittaja	toimittajille
toimittaja	toimittajilta
toimittaja-kirjailija	toimittaja-kirjailija
toimittajakokemus	toimittajakokemuksen
toimittajakunta	toimittajakunnan
toimittajanpaska	toimittajanpaska
toimittaminen	toimittaminen
toimitus	toimitukseen
toimitus	toimituksessa
toimitus	toimitusta
toimitus	toimitusten
toimitusjohtaja	toimitusjohtaja
toimitusjohtaja	toimitusjohtajaa
toimitusjohtaja	toimitusjohtajiin
toimituspäivä	toimituspäivän
toimituspäällikkö	toimituspäällikkö
toimituspäällikkö	toimituspäälliköksi
toimivuus	toimivuus
toimivuus	toimivuutta
toinen	toine
toinen	toinen
toinen	toinenka
toinen	toinenkin
toinen	toiseen
toinen	toiseenkin
toinen	toiseksi
toinen	toisella
toinen	toiselle
toinen	toiselta
toinen	toiseltaan
toinen	toisemme
toinen	toisen
toinen	toisena
toinen	toisensa
toinen	toises
toinen	toisessa
toinen	toisesta
toinen	toisestaan
toinen	toiset
toinen	toisetkin
toinen	toisia
toinen	toisiaan
toinen	toisiamme
toinen	toisianne
toinen	toisiimme
toinen	toisiin
toinen	toisiinsa
toinen	toisilla
toinen	toisille
toinen	toisilleen
toinen	toisillenne
toinen	toisilta
toinen	toisiltaan
toinen	toisin
toinen	toisissa
toinen	toisistaan
toinen	toisistanne
toinen	toista
toinen	toistaan
toinen	toistakin
toinen	toisten
toinen	toistenkin
toinen	toistensa
toinen	tokalla
toini	toini
toipua	toipua
toipua	toipuivat
toipua	toipunut
toipua	toivuttu
toipuja	toipuja
toipumisloma	toipumislomaa
toisaalla	toisaalla
toisaalta	toisaalta
toisarvoinen	toisarvoiseen
toiseksi	toiseksi
toisenlainen	toisenkinlaisia
toisenlainen	toisenlainen
toisenlainen	toisenlaisiakin
toisenlainen	toisenlaisissa
toisin	toisin
toisinaan	toisinaan
toissa	toissa
toissavuosi	toissavuoden
toissayö	toissayönä
toistaa	toistaa
toistaa	toistavat
toistaa	toisti
toistaa	toistin
toistainen	toistaiseksi
toistaiseksi	toistaiseksi
toistakymmentä	toistakymmentä
toistamiseen	toistamiseen
toistasataa	toistasataa
toistasataa	toistasattaa
toiste	toistekin
toisteleminen	toistelemiseen
toisto	toisto
toistonopeus	toistonopeus
toistua	toistu
toistua	toistui
toistua	toistuvaa
toistuva	toistuva
toistuvasti	toistuvasti
toive	toive
toive	toiveeksi
toive	toiveensa
toive	toiveet
toive	toiveiden
toive	toivein
toive	toiveinesi
toive	toiveita
toiveikas	toiveikas
toivo	toivo
toivo	toivoa
toivo	toivon
toivo	toivosta
toivoa	toivoa
toivoa	toivoakaan
toivoa	toivoi
toivoa	toivoisi
toivoa	toivoisin
toivoa	toivokaamme
toivoa	toivomasta
toivoa	toivomme
toivoa	toivon
toivoa	toivoneen
toivoa	toivonut
toivoa	toivoo
toivoa	toivotaan
toivoa	toivovat
toivomus	toivomukset
toivottavasti	toivottavasti
toivotus	toivotukset
toki	toki
tokio	tokion
tokio	tokioon
tokio	tokiossa
tokko	tokko
tolkku	tolkkua
tolkku	tolkun
tolkuissaan	tolkuissaan
tolkuton	tolkuttoman
tolvanen	tolvanen
tom	tom
tomaatti-	tomaatti-
tomi	tomi
tommi	tommi
tommi	tommia
tomppeli	tomppelimpikin
toni	toni
tonkka	tonkissa
tonni	tonni
tonni	tonnia
tonni	tonnilla
tonni	tonnin
tonnikalapurkki	tonnikalapurkki
tontinomistaja	tontinomistaja
tontinvuokra	tontinvuokraa
tontti	tontille
tontti	tontin
tontti	tonttia
tontti	tonttien
tontti	tonttiin
tontti	tonttimme
tonttu	tonttuja
tony	tony
top	top
topakka	topakka
topata	topata
topata	topattiin
topelius	topelius
topi	topi
toppatakki	toppatakkiin
toppaus	toppauksistaan
toppeasti	toppeasti
toppi	toppi
toppis	toppiksia
toppuutella	toppuutella
topuskon	topuskon
torailu	torailut
tore	tore
tori	toreilla
tori	torilla
tori	torin
torihinta	torihinnoissamme
torikauppias	torikauppiaasta
torimummo	torimummot
toripalvelumies	toripalvelumiehet
toripöytä	toripöydillä
toripöytä	toripöydällä
toritapahtuma	toritapahtumaan
torjua	torjua
torjua	torjuakseni
torjua	torjuessaan
torjua	torjui
torjua	torjuisi
torjua	torjutaan
torjua	torjutuksi
torjua	torjuu
torjuja	torjujaa
torjunta	torjuntaan
torjunta-asento	torjunta-asennon
torkahdella	torkahdellut
torkkua	torkkumasta
tormakka	tormakka
torni	tornin
torni	tornista
tornio	torniota
toronto	torontosta
torppa	torpan
torppa	torpista
torstai	torstai
torstai	torstaihin
torstai	torstain
torstai	torstaina
torstai-ilta	torstai-iltana
torstai-iltainen	torstai-iltaisen
torstaiaamu	torstaiaamu
torstaiaamu	torstaiaamuna
torstainen	torstaista
torstaisin	torstaisin
torttu	torttua
torttupohja	torttupohjaa
torttutaikina	torttutaikinalla
torventekijä	torventekijä
torvi	torvi
torvisieni	torvisieniä
tosca	tosca
toshkova	toshkovalta
tosi	todeksi
tosi	todesta
tosi	tosi
tosi	tosia
tosi	totena
tosi	totta
tosi	tottakin
tosiaan	tosiaan
tosiaan	tosiaankaan
tosiasia	tosiasia
tosiasia	tosiasiaa
tosiasia	tosiasiana
tosiasia	tosiasiassa
tosiasia	tosiasiat
tosiasia	tosiasioina
tosikko	tosikko
tosikko	tosikon
tosikkomainen	tosikkomainen
tosikkomaisesti	tosikkomaisesti
tosimieli	tosimielellä
tosin	tosin
tosinuija	tosinuija
tosissaan	tosissaan
tosissaan	tosissamme
tosissaan	tosissani
tosite	tositteille
tositoimi	tositoimiin
tossu	tossunsa
totaalinen	totaalisen
totaalisesti	totaalisesti
total	total
totella	totella
totella	totellut
totella	tottelemaan
totella	tottelet
toteuttaa	toteutetaan
toteuttaa	toteutettu
toteuttaa	toteuttaa
toteuttaa	toteuttamaan
toteuttaa	toteuttamasta
toteuttaa	toteuttavan
toteuttaja	toteuttajaan
toteuttaminen	toteuttaminen
toteuttaminen	toteuttamiseen
toteuttaminen	toteuttamisesta
toteuttamistapa	toteuttamistapoja
toteutua	toteudu
toteutua	toteutumassa
toteutua	toteutumatta
toteutua	toteutuneet
toteutua	toteutuu
toteutua	toteutuvan
toteutua	toteutuvat
toteutua	toteutuvien
toteutuminen	toteutuminen
toteutus	toteutuksen
toteutus	toteutus
totinen	totinen
totinen	totisena
totisesti	totisesti
totta	totta
tottahan	tottahan
tottakai	tottakai
tottua	tottua
tottua	tottuivat
tottua	tottumattomia
tottua	tottuneessa
tottua	tottuneet
tottua	tottuneille
tottua	tottunt
tottua	tottunu
tottua	tottunut
tottua	tottuu
tottua	totuttu
tottua	totutun
tottuneesti	tottuneesti
totutella	totutella
totuttaa	totutetaan
totuttaa	totuttaa
totuttelu	totuttelua
totuudellisuus	totuudellisuuden
totuus	totuuden
totuus	totuudessa
totuus	totuuksia
totuus	totuus
totuus	totuushan
totuus	totuutta
touhottaa	touhottavan
touhottaa	touhotti
touhu	touhua
touhu	touhuja
touhu	touhussa
touhu	touhusta
touhuta	touhunnut
touhuta	touhusin
toukka	toukat
toukka	toukkia
touko	touko
toukokuinen	toukokuiseen
toukokuu	toukokuuhun
toukokuu	toukokuulle
toukokuu	toukokuun
toukokuu	toukokuusa
toukokuu	toukokuussa
tove	tove
toy	toy
toyota	toyota
toyota	toyotan
tps	tps
tps	tps:n
traaginen	traagista
traaginen	traagisten
trabuchia	trabuchia
traditio	traditio
tragedia	tragedia
traktori	traktoria
traktorinrengaspula	traktorinrengaspulasta
trampata	trampannu
tran	tran
transito	transito
trasseli	trasselia
treblinka	treblinkan
treenaantua	treenaantuvat
treenata	treenaamalla
treenata	treenaan
treenata	treenata
treeni	treenejä
treenisesonki	treenisesonkia
treffi	treffit
trendi	trendi
trendikäs	trendikkäintä
trendikäs	trendikästä
tri	tri
trikki	trikein
trikolori	trikolorin
trimalkio	trimalkion
trio	trion
triviaali	triviaali
troia	troia
troikka	troikkaan
trokari	trokarit
trong	trong
trooppinen	trooppisesta
trooppinen	trooppista
tropiikki	tropiikilta
tropiikki	tropiikkia
tropiikkiluonto	tropiikkiluonto
trumpetti	trumpetin
ts	ts
tsaari	tsaarien
tshekki	tshekin
tshetsheenijohtaja	tshetsheenijohtaja
tshetshenia	tshetshenian
tshetshenia	tshetsheniasta
tsiigata	tsiigaa
tsingis-kaani	tsingis-kaanille
tsirpitys	tsirpitys
tte	tte
ttkk	ttkk:hon
tuberkuloosi	tuberkuloosiin
tuberkuloosi	tuberkuloosin
tuhahtaa	tuhahtaa
tuhat	tuhannella
tuhat	tuhannen
tuhat	tuhannet
tuhat	tuhansia
tuhat	tuhansienkin
tuhat	tuhansille
tuhat	tuhanteen
tuhat	tuhat
tuhat	tuhatta
tuhatjalkainen	tuhatjalkaiseksi
tuhatkunta	tuhatkunnan
tuhatluku	tuhatluvun
tuhatmäärin	tuhatmäärin
tuhertaa	tuhersi
tuhiseva	tuhiseva
tuhka	tuhkaa
tuhlari	tuhlareita
tuhlata	tuhlaamaan
tuhlata	tuhlaavat
tuhlata	tuhlannut
tuhlata	tuhlata
tuhlata	tuhlataan
tuhlata	tuhlattavaksi
tuhma	tuhmillekin
tuho	tuhoa
tuho	tuhoaan
tuho	tuhot
tuhoalue	tuhoalueella
tuhoamisleiri	tuhoamisleirissä
tuhoava	tuhoavaa
tuhoisa	tuhoisa
tuhoisa	tuhoisaa
tuholainen	tuholaisia
tuhopolttaa	tuhopoltetun
tuhota	tuhoaa
tuhota	tuhoamme
tuhota	tuhoavat
tuhota	tuhonneensa
tuhota	tuhonnut
tuhota	tuhosi
tuhota	tuhottava
tuhottomasti	tuhottomasti
tuhoutua	tuhoudu
tuhoutua	tuhoutui
tuhoutua	tuhoutuneet
tuhoutuminen	tuhoutuminen
tuhoutumiskertomus	tuhoutumiskertomus
tuija	tuija
tuija	tuijan
tuijottaa	tuijota
tuijottaa	tuijotat
tuijottaa	tuijotin
tuijottaa	tuijottaa
tuijottaa	tuijotti
tuikata	tuikkaa
tuira	tuiran
tuira	tuirassa
tuiskuttaa	tuiskuttanut
tuiverrus	tuiverruksissa
tukahduttaa	tukahduttaa
tukahduttaa	tukahduttavat
tukea	tuemme
tukea	tuetaanko
tukea	tuettiin
tukea	tukea
tukea	tukee
tukea	tukemaan
tukea	tukevat
tukea	tukevia
tukea	tukisi
tukehtua	tukehtua
tukehtua	tukehtui
tukeminen	tukeminen
tukeutua	tukeutua
tukeva	tukeva
tukeva	tukevan
tukeva	tukevat
tukevasti	tukevasti
tukholma	tukholmaan
tukholma	tukholman
tukholma	tukholmassa
tukholmalais-	tukholmalais-
tuki	tueksemme
tuki	tueksi
tuki	tuen
tuki	tuestaan
tuki	tuet
tuki	tukea
tuki	tukeen
tuki	tukeesi
tuki	tukena
tuki	tukensa
tuki	tuki
tuki	tukia
tukialue	tukialueen
tukiasema	tukiaseman
tukikohta	tukikohdan
tukimarkka	tukimarkoista
tukimuoto	tukimuodot
tukiopetus	tukiopetusta
tukiputki	tukiputkeen
tukiputki	tukiputkiin
tukiraha	tukirahoista
tukivarsi	tukivarsi
tukka	tukan
tukka	tukassa
tukka	tukasta
tukka	tukat
tukka	tukka
tukka	tukkani
tukka	tukkasi
tukkanuottasilla	tukkanuottasilla
tukkasotka	tukkasotkan
tukkeutua	tukkeutuneet
tukki	tukista
tukko	tukkona
tukku	tukku
tukkuale	tukkuale
tukkuliike	tukkuliikkeet
tukkuliike	tukkuliikkeissä
tuko	tuko
tukuittain	tukuittain
tukuttain	tukuttain
tulehdus	tulehdukset
tulehduskipulääke	tulehduskipulääkkeitä
tulehtua	tulehtuneelta
tuleminen	tulemisen
tuleminen	tulemista
tulenjohtaja	tulenjohtaja
tuleva	tuleva
tuleva	tulevaa
tuleva	tulevana
tuleva	tulevat
tuleva	tulevia
tulevaisuus	tulevaisuuden
tulevaisuus	tulevaisuudessa
tulevaisuus	tulevaisuudessakaan
tulevaisuus	tulevaisuudessakin
tulevaisuus	tulevaisuus
tulevaisuus	tulevaisuuteen
tulevaisuus	tulevaisuutta
tulevaisuus	tulevaisuuttaan
tuli	tuleen
tuli	tulellaan
tuli	tulen
tuli	tuli
tuli	tulta
tuliainen	tuliaiset
tuliainen	tuliaisina
tulija	tulija
tulija	tulijalle
tulikivi	tulikivi
tulikuuma	tulikuumat
tulinen	tulinen
tulinen	tulisen
tulipalo	tulipalo
tulipalo	tulipaloja
tulipalo	tulipalon
tulipalopakkanen	tulipalopakkasen
tulipesä	tulipesään
tulipunainen	tulipunaiset
tulisija	tulisija
tulisija	tulisijaa
tulisija	tulisijan
tulitaistelu	tulitaistelussa
tulitikku	tulitikkuja
tulitikku	tulitikut
tulittaa	tulittivat
tulitus	tulitusta
tulivuori	tulivuoret
tulivuoripohjainen	tulivuoripohjaisen
tulkinnanvarainen	tulkinnanvarainen
tulkinta	tulkinnalle
tulkinta	tulkinnat
tulkinta	tulkinta
tulkita	tulkita
tulkita	tulkitsema
tulkita	tulkitsi
tulkita	tulkittu
tulkita	tulkituksi
tulkki	tulkin
tulkki	tulkkeineen
tulkki	tulkki
tulkkipalvelu	tulkkipalveluihin
tulkkipalvelu	tulkkipalveluja
tulkkipalvelu	tulkkipalvelut
tulla	tul
tulla	tul´
tulla	tule
tulla	tulee
tulla	tuleek
tulla	tuleekaan
tulla	tuleeko
tulla	tuleekohan
tulla	tuleeks
tulla	tuleen
tulla	tulehan
tulla	tulekaan
tulla	tulekin
tulla	tulemaan
tulla	tulemasta
tulla	tulematta
tulla	tulemme
tulla	tulen
tulla	tulene
tulla	tulenookohan
tulla	tulepa
tulla	tules
tulla	tulet
tulla	tuletko
tulla	tulette
tulla	tuletteko
tulla	tuleva
tulla	tulevan
tulla	tulevana
tulla	tulevansa
tulla	tulevasta
tulla	tulevat
tulla	tulevathan
tulla	tulevatko
tulla	tulevia
tulla	tuli
tulla	tuliki
tulla	tulikin
tulla	tuliko
tulla	tulimme
tulla	tulin
tulla	tulipas
tulla	tulis
tulla	tulisi
tulla	tulisiko
tulla	tulisiks
tulla	tulisimme
tulla	tulisin
tulla	tulisit
tulla	tulisivat
tulla	tulispa
tulla	tulit
tulla	tulitte
tulla	tulivat
tulla	tulkaa
tulla	tulkaahan
tulla	tulkaapa
tulla	tulko
tulla	tulkoon
tulla	tulkoot
tulla	tulla
tulla	tullaan
tulla	tullakin
tulla	tullakseen
tulla	tullee
tulla	tulleen
tulla	tulleena
tulla	tulleensa
tulla	tulleessa
tulla	tulleet
tulla	tulleetkin
tulla	tulleilla
tulla	tulleille
tulla	tullen
tulla	tullesas
tulla	tullessa
tulla	tullessaan
tulla	tullessaankin
tulla	tullessani
tulla	tullu
tulla	tullunna
tulla	tullut
tulla	tullutkaan
tulla	tullutkin
tulla	tulna
tulla	tultaessa
tulla	tultaisiinkin
tulla	tultava
tulla	tulthin
tulla	tultii
tulla	tultiin
tulla	tultti
tulla	tultu
tulla	tultua
tulla	tultuaan
tulla	tultuani
tulla	tulukaa
tulla	tuu
tulla	tuuhan
tulla	tuun
tulla	tuut
tulla	tuutteko
tulli	tulli
tullihallitus	tullihallituksen
tullivirkailija	tullivirkailijaa
tulo	tulo
tulo	tuloa
tulo	tuloaan
tulo	tulojen
tulo	tulonsa
tulo	tulossa
tulo	tulosta
tulo	tulostani
tulo	tulot
tulo-	tulo-
tulokas	tulokas
tulokas	tulokkaiden
tuloluokka	tuloluokan
tuloneuvottelu	tuloneuvotteluja
tulonsaaja	tulonsaajia
tulopoliittinen	tulopoliittisen
tulorahoitus	tulorahoituksella
tuloratkaisu	tuloratkaisu
tulos	tulokseen
tulos	tuloksella
tulos	tuloksen
tulos	tuloksena
tulos	tuloksensa
tulos	tuloksesi
tulos	tulokset
tulos	tuloksetta
tulos	tuloksia
tulos	tuloksilla
tulos	tuloksista
tulos	tulos
tulos	tulosta
tulos	tulostansa
tulos	tulosten
tuloslaskelma	tuloslaskelmasta
tulosluettelo	tulosluettelosta
tulospalsta	tulospalsta
tulostaa	tulostaa
tulostavoite	tulostavoitteensa
tulostavoite	tulostavoitteet
tulostieto	tulostietoja
tulostin	tulostinta
tulostus	tulostustasi
tulosvauhti	tulosvauhti
tulovero	tuloveron
tuloverotus	tuloverotuksen
tulppaani	tulppaani
tulppaus	tulppaukset
tulupjev	tulupjevin
tulva	tulvia
tulvahuippu	tulvahuippua
tulvia	tulviessa
tulvillaan	tulvillaan
tumma	tumma
tumma	tummaa
tumma	tummaksi
tumma	tummat
tumma	tummempi
tummakulmainen	tummakulmainen
tummankaunis	tummankaunis
tummanruskea	tummanruskeat
tummansininen	tummansininen
tummansävyinen	tummansävyiset
tummentaa	tummentaa
tummua	tummui
tummua	tummuuko
tunarointi	tunarointiin
tungeksia	tungeksivat
tungos	tungoksen
tungos	tungoksessa
tungos	tungoksesta
tunika	tunika
tunisia	tunisian
tunisia	tunisiast
tunkea	tunkeko
tunkeilija	tunkeilijan
tunkeutua	tunkeutui
tunkeutua	tunkeutuneet
tunkeutua	tunkeutuu
tunkeutua	tunkeutuvan
tunnari	tunnarin
tunne	tunne
tunne	tunnetta
tunne	tunteen
tunne	tunteiden
tunne	tunteistani
tunne	tunteita
tunne	tunteitaan
tunne	tunteitasi
tunne-elämä	tunne-elämää
tunnekeskusta	tunnekeskusta
tunneli	tunneli
tunneli	tunnelia
tunnelma	tunnelma
tunnelma	tunnelmaa
tunnelma	tunnelmaan
tunnelma	tunnelman
tunnelma	tunnelmasta
tunnelma	tunnelmilla
tunnelointi	tunnelointi
tunnemyrsky	tunnemyrskyt
tunnettavuus	tunnettavuutensa
tunnettu	tunnettu
tunnettu	tunnettua
tunnettu	tunnetuimmaksi
tunnettu	tunnetuimmat
tunnettu	tunnetuin
tunnettu	tunnetun
tunnettu	tunnetut
tunnetusti	tunnetusti
tunneverbi	tunneverbien
tunnistaa	tunnista
tunnistaa	tunnistaa
tunnistaa	tunnistaisi
tunnistaa	tunnistamattomat
tunnistaa	tunnistan
tunnistaa	tunnisti
tunnistaminen	tunnistamista
tunnistettavasti	tunnistettavasti
tunnistus	tunnistus
tunnollinen	tunnollinen
tunnollisuus	tunnollisuutta
tunnontuska	tunnontuskia
tunnus	tunnuksilla
tunnus	tunnus
tunnuslause	tunnuslauseena
tunnusmerkki	tunnusmerkit
tunnusmerkki	tunnusmerkkejä
tunnusmerkki	tunnusmerkki
tunnusomainen	tunnusomaiset
tunnustaa	tunnusta
tunnustaa	tunnustaa
tunnustaa	tunnustakaamme
tunnustaa	tunnustamme
tunnustaa	tunnustavat
tunnustaa	tunnustetaan
tunnustaa	tunnustettu
tunnustaa	tunnusti
tunnustella	tunnustelemalla
tunnustelu	tunnustelut
tunnustus	tunnustuksen
tunnustus	tunnustuksia
tunnustus	tunnustus
tunnustus	tunnustusta
tuntea	tunne
tuntea	tunnek
tuntea	tunnemme
tuntea	tunnen
tuntea	tunnet
tuntea	tunnetaan
tuntea	tunnetko
tuntea	tunnettiin
tuntea	tunnettua
tuntea	tunnettut
tuntea	tunsi
tuntea	tunsimme
tuntea	tunsin
tuntea	tunsinkin
tuntea	tunsit
tuntea	tunsivat
tuntea	tuntea
tuntea	tuntee
tuntea	tuntemaan
tuntea	tuntematon
tuntea	tuntemattomalle
tuntea	tuntemattomia
tuntea	tuntemistani
tuntea	tunteneet
tuntea	tuntenut
tuntea	tuntenutkaan
tuntea	tuntevaa
tuntea	tuntevansa
tuntea	tuntevasi
tuntea	tuntevat
tuntea	tuntien
tunteeton	tunteettomia
tuntematon	tuntematon
tuntematon	tuntematonta
tuntematon	tuntemattomasta
tuntematon	tuntemattomien
tuntematon	tuntemattomienkin
tuntematon	tuntemattomiksi
tuntematon	tuntemattomille
tuntemattomuus	tuntemattomuuksia
tunti	tunneiksi
tunti	tunni
tunti	tunnilta
tunti	tunnin
tunti	tunnissa
tunti	tunnit
tunti	tunteja
tunti	tunti
tunti	tuntia
tunti	tuntiin
tunti	tuntikin
tuntija	tuntija
tuntikaupalla	tuntikaupalla
tuntikausia	tuntikausia
tuntinen	tuntisia
tuntinopeus	tuntinopeus
tuntitolkulla	tuntitolkulla
tuntivauhti	tuntivauhdilla
tunto	tuntojen
tuntomerkki	tuntomerkit
tuntua	tunnu
tuntua	tunnus
tuntua	tunnut
tuntua	tunnutaan
tuntua	tuntu
tuntua	tuntua
tuntua	tuntui
tuntua	tuntuis
tuntua	tuntuisi
tuntua	tuntunut
tuntua	tuntuu
tuntua	tuntuukin
tuntua	tuntuuko
tuntua	tuntuvat
tuntuinen	tuntuinen
tuntuinen	tuntuisia
tuntuma	tuntuma
tuntuma	tuntumaa
tuntumaan	tuntumaan
tuntumassa	tuntumassa
tunturi	tunturien
tunturi	tunturissa
tunturi	tunturista
tunturimaailma	tunturimaailman
tuntuva	tuntuvaa
tuntuvasti	tuntuvasti
tuo	toi
tuo	toihan
tuo	tolta
tuo	ton
tuo	tosta
tuo	tota
tuo	tuata
tuo	tuo
tuo	tuohan
tuo	tuohon
tuo	tuoko
tuo	tuolla
tuo	tuolle
tuo	tuolta
tuo	tuon
tuo	tuona
tuo	tuonko
tuo	tuossa
tuo	tuossakin
tuo	tuosta
tuo	tuostahan
tuo	tuota
tuoda	toi
tuoda	tois
tuoda	toisi
tuoda	toisin
tuoda	toisitko
tuoda	toitte
tuoda	tuak
tuoda	tuo
tuoda	tuoda
tuoda	tuodaan
tuoda	tuoden
tuoda	tuodut
tuoda	tuokaa
tuoda	tuomaan
tuoda	tuomaankaan
tuoda	tuomaasi
tuoda	tuoman
tuoda	tuomia
tuoda	tuon
tuoda	tuonee
tuoda	tuonu
tuoda	tuonut
tuoda	tuotavan
tuoda	tuotiin
tuoda	tuotu
tuoda	tuotua
tuoda	tuotuja
tuoda	tuova
tuoda	tuovat
tuohenkäppyrä	tuohenkäppyrän
tuohon	tohon
tuohon	tuohon
tuohtumus	tuohtumuksen
tuoja	tuojat
tuokio	tuokio
tuoksu	tuoksu
tuoksu	tuoksuissakin
tuoksu	tuoksuja
tuoksu	tuoksultaan
tuoksu	tuoksussa
tuoksua	tuoksu
tuoksua	tuoksui
tuoksua	tuoksuivat
tuoksua	tuoksuvat
tuoli	tuoleja
tuoli	tuoli
tuoli	tuolia
tuoli	tuoliin
tuoli	tuolilla
tuoli	tuolin
tuoli	tuolissa
tuolinjalka	tuolinjalkaan
tuolla	tuol
tuolla	tuolla
tuollainen	tollasessa
tuollainen	tollaset
tuollainen	tollasia
tuollainen	tollasta
tuollainen	tuollainen
tuollainen	tuollaisella
tuollainen	tuollaiselle
tuollainen	tuollaisen
tuollainen	tuollaisessa
tuollainen	tuollaiset
tuollainen	tuollaisia
tuollainen	tuollaista
tuollalailla	tuollai
tuolloin	tuolloin
tuolloinen	tuolloiselle
tuolta	tualt
tuolta	tuolta
tuomari	tuomari
tuomaristo	tuomariston
tuomas	tuomaasta
tuomela	tuomelaksi
tuominen	tuominen
tuominen	tuomisen
tuominen	tuomisia
tuominen	tuomista
tuomio	tuomio
tuomio	tuomioita
tuomio	tuomion
tuomio	tuomionsa
tuomioistuin	tuomioistuimeen
tuomioistuin	tuomioistuimelle
tuomioistuin	tuomioistuimen
tuomioistuin	tuomioistuimet
tuomioistuinkäsittely	tuomioistuinkäsittelyyn
tuomioja	tuomioja
tuomioja	tuomiojan
tuomioja	tuomiojasta
tuomita	tuominnut
tuomita	tuomitaan
tuomita	tuomitsi
tuomita	tuomittiin
tuomita	tuomittu
tuomita	tuomituksi
tuomita	tuomitun
tuomittu	tuomittu
tuomittu	tuomitun
tuommoinen	tommonen
tuommoinen	tommoset
tuommoinen	tommosissa
tuommoinen	tommost
tuommoinen	tuommoinen
tuommoinen	tuommoisen
tuommoinen	tuommoisista
tuommoinen	tuommoista
tuommoinen	tuommonen
tuommoinen	tuommosella
tuommoinen	tuommosen
tuonne	tonne
tuonne	tuonne
tuonnemmaksi	tuonnemmaksi
tuonti	tuonti
tuonti	tuontia
tuontilisenssi	tuontilisenssejä
tuontirajoitus	tuontirajoitukset
tuontitilasto	tuontitilastojen
tuoppi	tuopilla
tuoppi	tuopin
tuoppi	tuopit
tuoppi	tuoppia
tuopponen	tuopposelle
tuore	tuore
tuore	tuoreemmista
tuore	tuoreen
tuore	tuoreet
tuore	tuoreimpia
tuore	tuorein
tuore	tuoreita
tuore	tuoretta
tuossa	tos
tuossa	tossa
tuossa	tuossa
tuosta	tost
tuosta	tuosta
tuota	tota
tuota	tuota
tuotanto	tuotannon
tuotanto	tuotannosta
tuotanto	tuotanto
tuotanto	tuotantoa
tuotanto	tuotantoaan
tuotanto	tuotantonsa
tuotantoidea	tuotantoideat
tuotantokapasiteetti	tuotantokapasiteetista
tuotantokoneisto	tuotantokoneistoon
tuotantolaitos	tuotantolaitostensa
tuotantopuoli	tuotantopuolen
tuotantoväline	tuotantovälineen
tuotatella	tuotattelevat
tuote	tuote
tuote	tuotetta
tuote	tuotteeksi
tuote	tuotteelle
tuote	tuotteen
tuote	tuotteensa
tuote	tuotteet
tuote	tuotteiden
tuote	tuotteisiin
tuote	tuotteisiinsa
tuote	tuotteista
tuote	tuotteita
tuote-esittely	tuote-esittelyissä
tuotekehityspäällikkö	tuotekehityspäällikkö
tuotenimike	tuotenimikkeitä
tuoteseloste	tuoteselosteessa
tuotevalikoima	tuotevalikoimalla
tuotos	tuotoksesta
tuottaa	tuota
tuottaa	tuotetun
tuottaa	tuottaa
tuottaa	tuottaessa
tuottaa	tuottaisi
tuottaa	tuottamaan
tuottaa	tuottamalla
tuottaa	tuottanut
tuottaa	tuottavan
tuottaa	tuottavien
tuottaja	tuottajalta
tuottaja	tuottajana
tuottaja	tuottajienkin
tuottaja	tuottajina
tuottava	tuottavia
tuotto	tuotto
tuotto-	tuotto-
tuovasti	tuovasti
tupa	tupa
tupa	tupaan
tupa	tuvan
tupaantuliainen	tupaantuliaisiin
tupaantuliaiset	tupaantuliaiset
tupaantuliaiset	tupaantuliaisiin
tupakansavu	tupakansavua
tupakka	tupakaksi
tupakka	tupakalla
tupakka	tupakan
tupakka	tupakat
tupakka	tupakkaa
tupakka	tupakkansa
tupakkatauko	tupakkatauon
tupakkatäydennys	tupakkatäydennystä
tupakkayhtiö	tupakkayhtiöltä
tupakoida	tupakoida
tupakoida	tupakoivat
tupakoiminen	tupakoimisen
tupakointi	tupakoinnin
tupakointi	tupakointi
tupakointi	tupakointia
tupakointikielto	tupakointikielto
tupis	tupikselt
tuplavee	tupla
tupo	tupo
tupo	tupon
tuponeuvottelu	tuponeuvotteluja
tuppautua	tuppautui
tuppisuu	tuppisuu
tuppurainen	tuppuraisen
tupruttava	tupruttava
tupsahtaa	tupsahtanut
tupsahtaa	tupsahti
tupsu	tupsuja
turbo	turbon
ture	ture
turha	turha
turha	turhaa
turha	turhaan
turha	turhaksi
turha	turhan
turha	turhastakin
turha	turhat
turha	turhia
turha	turhien
turha	turhilla
turha	turhine
turhaan	turhaan
turhamainen	turhamaista
turhantärkeä	turhantärkeän
turhapuro	turhapuroon
turhautua	turhautuneeksi
turhautua	turhautunut
turhautuneisuus	turhautuneisuus
turismi	turismi
turismi	turismilla
turismi	turismin
turisti	turisteille
turisti	turisteilta
turisti	turisteista
turisti	turisteja
turisti	turistia
turisti	turistien
turisti	turistina
turisti	turistit
turistikohde	turistikohteessa
turistiripuli	turistiripuliin
turistirysä	turistirysissä
turistiviinatulva	turistiviinatulvaa
turkama	turkama
turkis-	turkis-
turkiskuoriainen	turkiskuoriaisia
turkislakki	turkislakki
turkka	turkka
turkkalainen	turkkalaisempi
turkki	turkin
turkki	turkissa
turkki	turkki
turkki	turkkiin
turkkilainen	turkkilaiseen
turkkilainen	turkkilaiset
turkkilaistyttö	turkkilaistyttö
turku	turkuun
turku	turuilla
turku	turun
turku	turusa
turku	turussa
turku	turusta
turkulainen	turkulainen
turkulaisittain	turkulaisittain
turkulaistyttö	turkulaistyttö
turma	turman
turmeltumattomuus	turmeltumattomuus
turmeltuminen	turmeltuminen
turnaus	turnauksessa
turnaus	turnaus
turpa	turpaan
turpa	turpani
turpa	turpiinsa
turtola	turtola
turtola	turtolan
turtumus	turtumuksen
turun-tampere	turun-tampereen
turunen	turunen
turunen	turusen
turva	turvaa
turva	turvaan
turva	turvanaan
turva	turvassa
turva	turvemmassa
turvaistuin	turvaistuinta
turvaistuinmalli	turvaistuinmalli
turvakohta	turvakohdista
turvallinen	turvallinen
turvallinen	turvallisemmaksi
turvallinen	turvallisen
turvallinen	turvallisia
turvallinen	turvallista
turvallisesti	turvallisesti
turvallisuus	turvallisuuden
turvallisuus	turvallisuus
turvallisuus	turvallisuutensa
turvallisuus	turvallisuutta
turvallisuus	turvallisuuttaan
turvallisuusmiehitys	turvallisuusmiehitystä
turvallisuusneuvosto	turvallisuusneuvostoa
turvallisuuspalvelu	turvallisuuspalveluja
turvallisuuspoliisi	turvallisuuspoliisin
turvallisuuspolitiikka	turvallisuuspolitiikalla
turvallisuuspolitiikka	turvallisuuspolitiikka
turvamies	turvamiehen
turvamies	turvamiehiä
turvapaikanhakija	turvapaikanhakijoita
turvapaikka	turvapaikasta
turvaremmi	turvaremmit
turvata	turvaamaan
turvata	turvaat
turvata	turvata
turvata	turvattavan
turvatarkastus	turvatarkastusta
turvaton	turvaton
turvaton	turvatonta
turvatyyny	turvatyyny
turvautua	turvaudutaan
turvautua	turvautua
turvautua	turvautuu
turvavarustus	turvavarustus
turvavyö	turvavyö
turvavyö	turvavyöt
turve	turpeella
turve	turpeessa
turvin	turvin
turvoksissa	turvoksissa
turvonnut	turvonneiden
turvota	turvonneet
tushikamane	tushikamanessa
tusina	tusina
tusina	tusinaa
tusina	tusinaan
tusina	tusinalla
tusina	tusinan
tusina	tusinasta
tuska	tuska
tuska	tuskaakin
tuska	tuskaansa
tuska	tuskasta
tuska	tuskastaan
tuska	tuskien
tuskainen	tuskaisen
tuskallinen	tuskalliselta
tuskastua	tuskastuin
tuskin	tuskin
tuskin	tuskinpa
tutkia	tutki
tutkia	tutkia
tutkia	tutkii
tutkia	tutkikaa
tutkia	tutkimassa
tutkia	tutkin
tutkia	tutkineena
tutkia	tutkineet
tutkia	tutkinut
tutkia	tutkis
tutkia	tutkita
tutkia	tutkitaan
tutkia	tutkittavana
tutkia	tutkittaviksi
tutkia	tutkittii
tutkia	tutkittu
tutkia	tutkittuna
tutkia	tutkivan
tutkia	tutkivat
tutkielma	tutkielmaa
tutkielma	tutkielmansa
tutkielma	tutkielmia
tutkija	tutkija
tutkija	tutkijaan
tutkija	tutkijan
tutkija	tutkijat
tutkija	tutkijoilla
tutkija	tutkijoille
tutkija	tutkijoista
tutkija	tutkijoita
tutkijamassa	tutkijamassa
tutkijanainen	tutkijanaisten
tutkiminen	tutkimisella
tutkiminen	tutkimisen
tutkiminen	tutkimisesta
tutkiminen	tutkimista
tutkimus	tutkimukseen
tutkimus	tutkimuksen
tutkimus	tutkimuksensa
tutkimus	tutkimuksessa
tutkimus	tutkimukset
tutkimus	tutkimuksia
tutkimus	tutkimuksissa
tutkimus	tutkimuksista
tutkimus	tutkimuksistaan
tutkimus	tutkimus
tutkimus	tutkimusta
tutkimus	tutkimusten
tutkimus-	tutkimus-
tutkimusapulainen	tutkimusapulaisesta
tutkimusasema	tutkimusasemilla
tutkimuskeskus	tutkimuskeskuksen
tutkimuslaboratorio	tutkimuslaboratorioissa
tutkimusprojekti	tutkimusprojektit
tutkimustulos	tutkimustuloksia
tutkimustulos	tutkimustulos
tutkimustulos	tutkimustulosta
tutkimustulos	tutkimustulosten
tutkimustyö	tutkimustyö
tutkimustyö	tutkimustyön
tutkinta	tutkinnan
tutkinto	tutkinnon
tutkittava	tutkittava
tutkiva	tutkiva
tuttava	tuttava
tuttava	tuttavalle
tuttava	tuttavistani
tuttavuus	tuttavuus
tutti	tutti
tutti	tuttia
tuttu	tuttu
tuttu	tuttua
tuttu	tuttuja
tuttu	tuttujen
tuttu	tutuille
tuttu	tutuin
tuttu	tutuksi
tuttu	tutulta
tuttu	tutummiksi
tuttu	tutun
tuttu	tutussa
tuttu	tutusta
tuttu	tutut
tutu	tutu
tutustella	tutustelemaan
tutusti	tutusti
tutustua	tutustua
tutustua	tutustui
tutustua	tutustuimme
tutustua	tutustumaan
tutustua	tutustumassa
tutustua	tutustutaan
tutustua	tutustutte
tutustuttaa	tutustutti
tuula	tuula
tuula	tuulalta
tuula	tuulan
tuuletin	tuuletin
tuulettaa	tuuletti
tuulettaja	tuulettajan
tuuli	tuulella
tuuli	tuulelle
tuuli	tuulen
tuuli	tuulessa
tuuli	tuulet
tuuli	tuuli
tuuli	tuultah
tuuliajo	tuuliajon
tuulikki	tuulikki
tuulilasi	tuulilasi
tuulilasi	tuulilasia
tuulilasinpyyhin	tuulilasinpyyhintä
tuulitunneli	tuulitunneliin
tuulla	tuule
tuulla	tuulee
tuulla	tuullut
tuuma	tuumaa
tuuma	tuumin
tuumata	tuumaa
tuumata	tuumasi
tuumata	tuumasin
tuumia	tuumia
tuumia	tuumii
tuumia	tuumivat
tuunanen	tuunasen
tuuperruksiin	tuuperruksiin
tuupertua	tuupertui
tuura	tuura
tuura	tuuraa
tuuraaja	tuuraajaa
tuuratyö	tuuratöihin
tuuri	tuuri
tuuri	tuuria
tuuri	tuurin
tuusula	tuusula
tuusula	tuusulan
tuusula	tuusulassa
tuutata	tuuttasi
tuuttailu	tuuttailun
tv	tv
tv	tv:n
tv	tv:ssä
tv	tv:stä
tv	tv:tä
tv-	tv-
tv-ala	tv-alan
tv-dokumenttiohjelma	tv-dokumenttiohjelmaa
tv-kuvausryhmä	tv-kuvausryhmille
tv-myynnitse	tv-myynnitse
tv-ohjelma	tv-ohjelma
tv-ohjelma	tv-ohjelman
tv-peli	tv-peliä
tv-poliisi	tv-poliisi
tv-rumba	tv-rumbassa
tv-sarja	tv-sarja
tv-sarja	tv-sarjaan
tv-selostaja	tv-selostajan
tv-toimittaja	tv-toimittajaa
tv-uutinen	tv-uutiset
tv-yhtiö	tv-yhtiö
tvn	tvn:ltä
tvo	tvo
twins	twins
tyhjennys	tyhjennyksen
tyhjentyä	tyhjentyivät
tyhjentyä	tyhjentymässä
tyhjentyä	tyhjentynyt
tyhjentyä	tyhjentyä
tyhjentää	tyhjennettiin
tyhjentää	tyhjensi
tyhjentää	tyhjensin
tyhjentää	tyhjentäneet
tyhjetä	tyhjenee
tyhjetä	tyhjenevästä
tyhjetä	tyhjenevät
tyhjetä	tyhjeni
tyhjetä	tyhjenivät
tyhjä	tyhjiksi
tyhjä	tyhjille
tyhjä	tyhjiä
tyhjä	tyhjä
tyhjä	tyhjäksi
tyhjä	tyhjänä
tyhjä	tyhjästä
tyhjä	tyhjää
tyhjä	tyhjään
tyhjäkäyttäminen	tyhjäkäyttämisestä
tyhjänpainaja	tyhjänpainajia
tyhjätasku	tyhjätaskusta
tyhmyys	tyhmyydestä
tyhmyys	tyhmyys
tyhmyys	tyhmyyttämmehän
tyhmyys	tyhmyyttään
tyhmä	tyhmimmäksi
tyhmä	tyhmiä
tyhmä	tyhmä
tyhmä	tyhmää
tykki	tykki
tykkylumi	tykkylunta
tykkänään	tykkänään
tyko	tyko
tykyttää	tykytti
tykätä	tykkäisi
tykätä	tykkäsi
tykätä	tykkäsin
tykätä	tykkää
tykätä	tykkään
tykätä	tykkäät
tykätä	tykkäätkö
tykätä	tykähne
tykätä	tykänneet
tykätä	tykänny
tykö	tykö
tykönä	tykönä
tylsistynyt	tylsistynyt
tylsä	tylsäksi
tylsä	tylsää
tyly	tylyy
tyly	tylyä
tylysti	tylysti
tympäistä	tympäisee
tymäkkä	tymäkkä
tynan	tynanin
tyni	tyni
tynkä	tynkä
tynnyreittäin	tynnyreittäin
typerehtiä	typerehtimään
typerys	typeryksiä
typerys	typerys
typeryys	typeryys
typeryys	typeryyttä
typerä	typeriä
typerä	typerä
typerä	typerästä
typerä	typerää
typerä	typerään
typpi-	typpi-
tyrehtyä	tyrehtymässä
tyrkätä	tyrkkäsin
tyrmistynyt	tyrmistynyt
tyrmistys	tyrmistystä
tyrmistyttävä	tyrmistyttävät
tyrmätä	tyrmätyksi
tyrmätä	tyrmätä
tyrmätä	tyrmää
tyrrell	tyrrellin
tyrrell-talli	tyrrell-talli
tyssätä	tyssäsivät
tyttärenpoika	tyttärenpoikani
tyttö	tyttö
tyttö	tyttöjen
tyttö	tyttöjä
tyttö	tyttönä
tyttö	tyttöä
tyttö	tyttöö
tyttö	tytöille
tyttö	tytöillä
tyttö	tytöiltä
tyttö	tytöistä
tyttö	tytölle
tyttö	tytöllä
tyttö	tytöltä
tyttö	tytön
tyttö	tytöstä
tyttö	tytöt
tyttö	tytötkin
tyttölapsi	tyttölapsi
tyttöministeri	tyttöministeri
tyttömäinen	tyttömäisen
tyttönimi	tyttönimeltäni
tyttöorkesteri	tyttöorkesterin
tyttöpari	tyttöpari
tytär	tyttäree
tytär	tyttärelleen
tytär	tyttäremme
tytär	tyttäreni
tytär	tyttärenkin
tytär	tyttärensä
tytär	tyttärestä
tytär	tyttäriltään
tytär	tyttäriä
tytär	tyttäriään
tytär	tytär
tytär	tytärtä
tytär	tytärtään
tytär	tyär
tytäryhtiö	tytäryhtiöitten
tytönhuiskale	tytönhuiskale
tyydyttävä	tyydyttävä
tyydyttävä	tyydyttävän
tyydyttää	tyydyttävä
tyyli	tyyli
tyyli	tyyliin
tyyli	tyylin
tyyli	tyylini
tyyli	tyylistä
tyyli	tyyliä
tyylikausi	tyylikauden
tyylikkäästi	tyylikkäästi
tyylikäs	tyylikkäin
tyylikäs	tyylikkäältä
tyylikäs	tyylikkäässä
tyylikäs	tyylikäs
tyylilaji	tyylilajista
tyylipukeutuja	tyylipukeutujat
tyynesti	tyynesti
tyynimeri	tyynenmeren
tyyny	tyyny
tyyny	tyynylleen
tyypillinen	tyypillinen
tyypillinen	tyypilliset
tyypillisimmillään	tyypillisimmillään
tyyppi	tyypin
tyyppi	tyypit
tyyppi	tyyppejä
tyyppi	tyyppi
tyyppinen	tyyppisiä
tyyppitarkastus	tyyppitarkastuksesta
tyyrätä	tyyrää
tyyssija	tyyssijaksi
tyystin	tyystin
tyytyminen	tyytyminen
tyytymättömyys	tyytymättömyys
tyytymätön	tyytymättömämpiä
tyytymätön	tyytymätön
tyytyväinen	tyytyväinen
tyytyväinen	tyytyväisen
tyytyväinen	tyytyväisenä
tyytyväinen	tyytyväiset
tyytyväinen	tyytyväisiä
tyytyväinen	tyytyväissi
tyytyväinen	tyytyväistä
tyytyväisyys	tyytyväisyys
tyytyväisyys	tyytyväisyyttä
tyytyä	tyydy
tyytyä	tyydyttävä
tyytyä	tyydytä
tyytyä	tyytymään
tyytyä	tyytyvät
tyytyä	tyytyy
tyytyä	tyytyä
tyytyä	tyytyäkö
työ	tyät
työ	työ
työ	työhön
työ	työhönsä
työ	työks
työ	työlle
työ	työlläni
työ	työllään
työ	työn
työ	työni
työ	työnsä
työ	työsi
työ	työssä
työ	työssään
työ	työstä
työ	työstäkin
työ	työstäni
työ	työstään
työ	työt
työ	työtä
työ	työtäkin
työ	työtämme
työ	töiden
työ	töihin
työ	töissä
työ	töissähän
työ	töistä
työ	töistämme
työ	töitä
työ-	työ-
työaika	työaika
työaika	työaikaa
työaika	työaikana
työaika	työajan
työaikakokeilu	työaikakokeilusta
työaikalaki	työaikalain
työasema	työaseman
työasia	työasioita
työelämä	työelämä
työelämä	työelämän
työharjoittelu	työharjottelua
työhuone	työhuoneessaan
työhuone	työhuoneesta
työhönotto	työhönotossa
työikä	työiässä
työikäinen	työikäisistä
työjärjestys	työjärjestykseksi
työkalu	työkaluja
työkalu	työkalulla
työkalu	työkalusta
työkalu	työkalut
työkaveri	työkaveri
työkaveri	työkaverini
työkokemus	työkokemusta
työkyky	työkyky
työleiri	työleireille
työleiri	työleiri
työleiri	työleirissä
työllistyminen	työllistymisen
työllistyä	työllistymään
työllistäminen	työllistäminen
työllistäminen	työllistämisestä
työllistää	työllistettävien
työllistää	työllistäisi
työllistää	työllistäneet
työllistää	työllistää
työllisyys	työllisyydelle
työllisyys	työllisyyden
työllisyys	työllisyydessä
työllisyys	työllisyydestä
työllisyys	työllisyys
työllisyys	työllisyyttä
työllisyyssyy	työllisyyssyillä
työllisyystilanne	työllisyystilanteen
työllisyystoimi	työllisyystoimia
työllisyystoive	työllisyystoiveista
työläinen	työläisten
työläisasunto	työläisasuntoja
työläiskaupunginosa	työläiskaupunginosan
työläismuseo	työläismuseon
työläisneuvosto	työläisneuvostoja
työläispolvi	työläispolven
työläs	työläs
työmaa	työmaata
työmaapäällikkö	työmaapäällikkö
työmarkkina	työmarkkinoilla
työmarkkinajohtaja	työmarkkinajohtaja
työmarkkinajärjestö	työmarkkinajärjestöjen
työmatka	työmatkatkin
työmies	työmiehen
työmies	työmiehijä
työmies	työmiehistä
työnantaja	työnantaja
työnantaja	työnantajalleen
työnantaja	työnantajaltasi
työnantaja	työnantajan
työnantaja	työnantajasi
työnantaja	työnantajat
työnantaja	työnantajien
työnantajaleiri	työnantajaleirissä
työnantajaliitto	työnantajaliittoihin
työnantajamaksu	työnantajamaksuja
työnantajapuoli	työnantajapuolella
työnarkomaani	työnarkomaanilla
työnarviointijärjestelmä	työnarviointijärjestelmä
työnhakija	työnhakijan
työnjohdollinen	työnjohdollinen
työnjohtaja	työnjohtaja
työnjohtaja	työnjohtajaa
työnkuva	työnkuvat
työnohjaus	työnohjausta
työnsaanti	työnsaannissa
työntekijä	työntekijä
työntekijä	työntekijällä
työntekijä	työntekijän
työntekijä	työntekijänä
työntekijä	työntekijät
työntekijä	työntekijää
työntekijä	työntekijöiden
työntekijä	työntekijöille
työntekijä	työntekijöilleen
työntekijä	työntekijöittenkin
työntekijä	työntekijöitä
työnteko	työntekoon
työnteko	työnteosta
työntyä	työntyivät
työntyä	työntymään
työntää	työnnetään
työntää	työnsi
työntää	työnsin
työntää	työntämällä
työntää	työntämässä
työntää	työntänyt
työntää	työntäviä
työntää	työntävä
työntää	työntää
työpaikka	työpaikallaan
työpaikka	työpaikalle
työpaikka	työpaikan
työpaikka	työpaikas
työpaikka	työpaikasta
työpaikka	työpaikka
työpaikka	työpaikkaa
työpaikka	työpaikkaan
työpaikka	työpaikkaansa
työpaikka	työpaikkanne
työpaikka	työpaikkansa
työpaikka	työpaikkoja
työpaikka	työpaikkojen
työpaikka	työpaikoista
työpaja	työpajoihin
työperiodi	työperiodinsa
työpäivä	työpäivän
työpäivä	työpäivää
työpöytä	työpöydältään
työpöytä	työpöydän
työrauha	työrauha
työreissu	työreissulla
työrupeama	työrupeama
työryhmä	työryhmissä
työryhmä	työryhmä
työryhmä	työryhmälle
työryhmä	työryhmän
työryhmä	työryhmässä
työskennellä	työskennelleensä
työskennellä	työskennelleet
työskennellä	työskennellyt
työskennellä	työskennellä
työskennellä	työskenneltyään
työskennellä	työskentelee
työskennellä	työskentelemään
työskennellä	työskenteleville
työskennellä	työskenteleviä
työskennellä	työskentelevä
työskennellä	työskentelevän
työskennellä	työskentelevät
työskennellä	työskenteli
työskennellä	työskentelivät
työskentely	työskentely
työskentely	työskentelyyn
työssäkäyvä	työssäkäyvien
työssäkäyvä	työssäkäyvää
työssäollut	työssäolleiden
työstää	työstää
työsuhde	työsuhde
työsuhde	työsuhteet
työsuojeluhallitus	työsuojeluhallituksen
työsuojelutoimikunta	työsuojelutoimikuntien
työsuunnitelma	työsuunnitelman
työtapaturma	työtapaturma
työtarjous	työtarjousta
työteho	työteho
työterveysasema	työterveysasema
työtilanne	työtilanne
työtilanne	työtilanteensa
työtoveri	työtovereilleen
työtoveri	työtovereittensa
työtoveri	työtoveri
työtoveri	työtoveriksi
työtoveri	työtoverina
työtoveri	työtoverinsa
työttömyys	työttömyyden
työttömyys	työttömyydessä
työttömyys	työttömyys
työttömyys	työttömyyteen
työttömyys	työttömyyttä
työttömyyskassa	työttömyyskassoille
työttömyyskortisto	työttömyyskortiston
työttömyysprosentti	työttömyysprosentti
työttömyysturva	työttömyysturvaan
työttömyysturva	työttömyysturvan
työttömyysturvajärjestelmä	työttömyysturvajärjestelmiä
työttömyysturvajärjestelmä	työttömyysturvajärjestelmän
työttömyysturvaleikkaus	työttömyysturvaleikkauksia
työttömyysvakuutusmaksu	työttömyysvakuutusmaksua
työtön	työttömien
työtön	työttömille
työtön	työttömillä
työtön	työttömiltä
työtön	työttömistämme
työtön	työttömiä
työtön	työttömäksi
työtön	työttömänä
työtön	työtön
työtön	työtöntä
työvaihe	työvaihe
työviikko	työviikkoa
työviikko	työviikkoni
työviikko	työviikkoon
työvoima	työvoimaa
työvoima	työvoimalla
työvoimakoulutus	työvoimakoulutukseen
työvoimakustannus	työvoimakustannukset
työvoimakustannus	työvoimakustannusten
työvoimatoimisto	työvoimatoimiston
työvuoro	työvuoro
työväenliike	työväenliikkeeseen
työväenopisto	työväenopistolla
työväenopisto	työväenopiston
työväenopisto	työväenopistossa
työväenpuolue	työväenpuolueen
työväentalo	työväentalon
työväenyhdistys	työväenyhdistys
työväki	työväen
työväline	työvälineitä
työyhteisö	työyhteisössä
tähde	tähteet
tähden	tähden
tähden	tähtemme
tähden	tähtenne
tähdentää	tähdennetyn
tähdentää	tähdensi
tähderuoka	tähderuokien
tähdätä	tähdätty
tähdätä	tähtäsi
tähdätä	tähtää
tähti	tähdelle
tähti	tähden
tähti	tähdet
tähti	tähdistä
tähti	tähteä
tähti	tähti
tähti	tähtien
tähti	tähtiin
tähti	tähtiä
tähtihetki	tähtihetki
tähtipelaaja	tähtipelaajaa
tähtiteema	tähtiteemaa
tähtitorninvuori	tähtitorninvuorella
tähtiura	tähtiuran
tähtäin	tähtäimellä
tähtäys	tähtäyksellä
tähyillä	tähyilimme
tähytä	tähyäville
tähän	tähä
tähän	tähän
tähänastinen	tähänastiset
täi	täi
täky	täkyn
täkäläinen	täkäläinen
täkäläinen	täkäläisen
täkäläinen	täkäläisillä
täkäläinen	täkäläisissä
täkäläinen	täkäläisten
tällainen	tällainen
tällainen	tällaiseenkin
tällainen	tällaisella
tällainen	tällaisen
tällainen	tällaisena
tällainen	tällaisessa
tällainen	tällaisesta
tällainen	tällaiset
tällainen	tällaisia
tällainen	tällaisiin
tällainen	tällaisissa
tällainen	tällaista
tällainen	tällaistako
tällainen	tällaisten
tällainen	tällanen
tällainen	tällasen
tällainen	tällasesta
tällainen	tällast
tällainen	tälläiseen
tällainen	tälläistä
tällainen	tälläset
tälleen	tällee
tälli	tälleistä
tälli	tälli
tälli	tällit
tällälailla	tällai
tällätä	tällään
tällöin	tällöin
tällöin	tällöj
tällöin	tällön
tämmöinen	tämmöinen
tämmöinen	tämmöinenkin
tämmöinen	tämmöiseen
tämmöinen	tämmöisessä
tämmöinen	tämmöiset
tämmöinen	tämmöisiin
tämmöinen	tämmöistä
tämmöinen	tämmönen
tämmöinen	tämmönenkin
tämmöinen	tämmöse
tämmöinen	tämmösen
tämmöinen	tämmösenä
tämmöinen	tämmösessä
tämmöinen	tämmösestä
tämmöinen	tämmöset
tämmöinen	tämmösiin
tämmöinen	tämmösiä
tämmöinen	tämmöst
tämmöinen	tämmöstä
tämä	tähän
tämä	tähänkin
tämä	täksi
tämä	täl
tämä	tälle
tämä	tällä
tämä	tältä
tämä	tämä
tämä	tämähän
tämä	tämäkin
tämä	tämäkään
tämä	tämäkö
tämä	tämän
tämä	tämänkin
tämä	tämänkään
tämä	tän
tämä	tänä
tämä	tänäkin
tämä	tänäkään
tämä	täs
tämä	tässä
tämä	tässäkin
tämä	täst
tämä	tästä
tämä	tästähä
tämä	tästähän
tämä	tästäpä
tämä	täsä
tämä	tätä
tämä	tätäkin
tämä	tätäkä
tämä	tätäkään
tämä	tää
tämä	täähän
tämä	tään
tämänhetkinen	tämänhetkinen
tämänkaltainen	tämänkaltaisista
tämänkertainen	tämänkertainenkaan
tämänkokoinen	tämänkokoista
tämänkäänkertainen	tämänkäänkertainen
tämänvuotinen	tämänvuotisesta
tänne	tänne
tänne-kutsu	tänne-kutsua
tänään	tänää
tänään	tänään
tänään	tänäänkään
täplä	täplä
täpötäysi	täpötäydessä
täpötäysi	täpötäysi
täpötäysi	täpötäyttä
täristä	tärisivät
täristä	täristen
tärkeys	tärkeyden
tärkeys	tärkeyttä
tärkeä	tärkeetä
tärkeä	tärkeille
tärkeä	tärkeimmässä
tärkeä	tärkeimpiä
tärkeä	tärkeimpänä
tärkeä	tärkein
tärkeä	tärkeintä
tärkeä	tärkeistä
tärkeä	tärkeitä
tärkeä	tärkeä
tärkeä	tärkeäksi
tärkeä	tärkeältä
tärkeä	tärkeämmäksi
tärkeä	tärkeämmät
tärkeä	tärkeämpi
tärkeä	tärkeämpiäkin
tärkeä	tärkeämpää
tärkeä	tärkeän
tärkeä	tärkeänä
tärkeä	tärkeässä
tärkeä	tärkeät
tärkeä	tärkeätä
tärkeä	tärkeää
tärvätä	tärvätty
tärvääntyä	tärväänny
tärähtää	tärähtäneen
täsmennys	täsmennyksiä
täsmentää	täsmentää
täsmälleen	täsmälleen
täsmällisesti	täsmällisesti
tässä	täs
tässä	tässä
tässä	tässähän
tässä	tässäkin
tässä	tässäpä
tässä	täsä
tästä	täst
tästä	tästä
täti	tädin
täti	täti
täydellinen	täydellinen
täydellinen	täydelliseltä
täydellinen	täydellisen
täydellinen	täydellisenä
täydellinen	täydelliset
täydellisesti	täydellisesti
täydellisyys	täydellisyyden
täydennys	täydennyksistä
täydennyskoulutus	täydennyskoulutus
täydentyä	täydentynyt
täydentää	täydensi
täydentää	täydentämään
täydentää	täydentävät
täydentää	täydentävää
täynnä	täynnä
täysi	täydeltä
täysi	täyden
täysi	täydessä
täysi	täydet
täysi	täysi
täysi	täysii
täysi	täyteen
täysi	täytenä
täysi	täyttä
täysiaikainen	täysiaikainen
täysikasvuinen	täysikasvuinen
täysillä	täysillä
täysimittainen	täysimittainen
täysimittainen	täysimittaista
täysin	täysin
täysjousitettu	täysjousitetuissa
täysosuma	täysosumat
täysperävaunullinen	täysperävaunullinen
täyspäiväinen	täyspäiväistä
täystyöllisyys	täystyöllisyyteen
täyte	täytteen
täyteen	täyteen
täytekakku	täytekakut
täytekeksipaketti	täytekeksipaketin
täyteläinen	täyteläinen
täyttyä	täyttyi
täyttyä	täyttymässä
täyttyä	täyttyy
täyttyä	täytymme
täyttää	täytettiin
täyttää	täytetty
täyttää	täytettyään
täyttää	täytettäessä
täyttää	täytetään
täyttää	täytin
täyttää	täytti
täyttää	täyttämään
täyttää	täyttäneet
täyttää	täyttänyt
täyttää	täyttävä
täyttää	täyttävälle
täyttää	täyttävät
täyttää	täyttää
täyttää	täyttääkseen
täyttää	täytä
täyttää	täytän
täyttötyö	täyttötyöt
täytyminen	täytyminen
täytyä	täydy
täytyä	täyryn
täytyä	täytyi
täytyä	täytyisi
täytyä	täytynee
täytyä	täytynyt
täytyä	täytys
täytyä	täytyy
täytyä	täytyyhän
täytyä	täytyykö
täytyä	täytyä
täytäntöönpano	täytäntöönpanon
täytäntöönpano	täytäntöönpanosta
täällä	tiällä
täällä	tääl
täällä	tääll
täällä	täällä
täällä	täällähän
täällä	täälläkin
täällä	täälläkään
täällä	täälä
täällä	tääläk
täältä	täältä
töherrys	töherryksiä
töhnä	töhnät
töhrääntyä	töhräänny
tökkiä	tökkinyt
tölkki	tölkkiä
tölväistä	tölväisemään
tömäyttää	tömäytti
tönkkö	tönköt
tönäistä	tönäisin
töpseli	töpseli
töpseli	töpseliä
töpsähtää	töpsähti
töpö	töpö
törkeä	törkeän
törkeä	törkeästä
törkeä	törkeätä
törkeä	törkeää
törmäily	törmäilyssä
törmäkatkero	törmäkatkero
törmätä	törmännyt
törmätä	törmäsi
törmätä	törmäsin
törmätä	törmäsivät
törmätä	törmätessään
törmätä	törmättyään
törmätä	törmää
törmäys	törmäyksen
törmäys	törmäyksensä
törmäys	törmäyksessä
törmäysuhka	törmäysuhan
töräys	töräykset
tötsä	tötsä
töyssähtää	töyssähtää
töytäistä	töytäisemäksi
töölönlahti	töölönlahti
u-käännös	u-käännöksen
ub	ub:n
udella	utelevat
uefa-cupi	uefa-cupiin
ufa	ufaa
uhanalainen	uhanalaisia
uhanalainen	uhanalaisiksi
uhanalainen	uhanalaisista
uhanalainen	uhanalaista
uhanalainen	uhanalaisten
uhata	uhannut
uhata	uhatessa
uhata	uhattuna
uhata	uhkaa
uhata	uhkaamaa
uhata	uhkaamalla
uhata	uhkaamassa
uhata	uhkaavat
uhata	uhkasi
uhka	uhka
uhka	uhkana
uhka	uhkia
uhkaaja	uhkaajat
uhkaavasti	uhkaavasti
uhkailla	uhkailtiin
uhkailu	uhkailu
uhkatekijä	uhkatekijöitä
uhkaus	uhkauksia
uhkaus	uhkauksiaan
uhkaus	uhkauksista
uhkea	uhkea
uhkua	uhkuvat
uhmakkaasti	uhmakkaasti
uhmapäin	uhmapäin
uhoisa	uhoisa
uhota	uhoaa
uhota	uhota
uhrata	uhraamaan
uhrata	uhrasi
uhrata	uhrata
uhrata	uhrataksemme
uhrata	uhrattavaksi
uhrata	uhrattuaan
uhrautua	uhrautua
uhrautua	uhrautumaan
uhri	uhreja
uhri	uhri
uhri	uhria
uhri	uhrien
uhri	uhrilla
uhri	uhrin
uhri	uhrit
uhri	uhritkin
uida	ui
uida	uida
uida	uidessa
uida	uidussa
uida	uimaa
uida	uimaan
uida	uimalla
uida	uimassa
uida	uinut
uiguurityttö	uiguurityttö
uikuttaa	uikutti
uima-allas	uima-altaalla
uima-allas	uima-altaalle
uimahalli	uimahalli
uimahalli	uimahallien
uimahalli	uimahallin
uimahoususillaan	uimahoususillaan
uimakielto	uimakieltoja
uimakoppi	uimakopissa
uimala	uimala
uimaliitto	uimaliitto
uimapuku	uimapuku
uimapuku	uimapukua
uimarengas	uimarenkaat
uimari	uimari
uimastadion	uimastadion
uimatyyli	uimatyyleissä
uiminen	uimisen
uiminen	uimisesta
uinailla	uinailemaan
uintikäyttö	uintikäytössä
uintimahdollisuus	uintimahdollisuus
uintiväki	uintiväki
uiskennella	uiskennellut
uiskennella	uiskenteli
uistin	uistin
uittaa	uittaa
uittokelpoinen	uittokelpoinen
ujo	ujo
ujo	ujohan
ujo	ujoja
ujo	ujot
ujostella	ujostellut
ujostuttaa	ujostuttaa
ujuttautua	ujuttautua
ukaasi	ukaasein
uki	uki
uki	ukia
ukk-perinneyhdistys	ukk-perinneyhdistys
ukki	ukille
ukki	ukin
ukki	ukit
ukko	ukko
ukko	ukkoa
ukko	ukkoja
ukko	ukkoo
ukko	ukkoskos
ukko	ukoista
ukko	ukon
ukko	ukosta
ukko-laiva	ukko-laivan
ukko-pekka	ukko-pekka
ukraina	ukrainan
ulfsson	ulfssonin
ulista	ulisivat
uljas	uljaan
uljas	uljaiden
uljas	uljas
ulko-	ulko-
ulko-ovi	ulko-oven
ulkoa	ulkoa
ulkoasiainministeriö	ulkoasiainministeriön
ulkoasianvaliokunta	ulkoasianvaliokunnan
ulkoasu	ulkoasu
ulkohomma	ulkohommina
ulkohyyskä	ulkohyyskän
ulkoilla	ulkoilemaan
ulkoilla	ulkoileva
ulkoilureitti	ulkoilureitti
ulkoinen	ulkoiselta
ulkoinen	ulkoiset
ulkoinen	ulkoista
ulkoinen	ulkoisten
ulkoisesti	ulkoisesti
ulkomaa	ulkomaan
ulkomaa	ulkomaiden
ulkomaa	ulkomailla
ulkomaa	ulkomaille
ulkomaa	ulkomailta
ulkomaailma	ulkomaailmaan
ulkomaailma	ulkomaailman
ulkomaalainen	ulkomaalainen
ulkomaalainen	ulkomaalaiselle
ulkomaalainen	ulkomaalaisen
ulkomaalainen	ulkomaalaiset
ulkomaalainen	ulkomaalaisia
ulkomaalainen	ulkomaalaisille
ulkomaalainen	ulkomaalaisilta
ulkomaalainen	ulkomaalaista
ulkomaalainen	ulkomaalaisten
ulkomaan-komennus	ulkomaan-komennuksella
ulkomaankauppaliitto	ulkomaankauppaliiton
ulkomaankauppaministeri	ulkomaankauppaministerin
ulkomaanmatka	ulkomaanmatkoistaan
ulkomaanpuhelu	ulkomaanpuhelua
ulkomainen	ulkomainen
ulkomainen	ulkomaiselle
ulkomainen	ulkomaisia
ulkomainen	ulkomaisille
ulkomainen	ulkomaisista
ulkomainen	ulkomaista
ulkomainos	ulkomainoksissa
ulkomateriaali	ulkomateriaali
ulkoministeri	ulkoministeri
ulkoministeri	ulkoministeriksi
ulkoministeri	ulkoministerit
ulkoministeriö	ulkoministeriön
ulkomitta	ulkomitat
ulkomuoto	ulkomuoto
ulkona	ulkona
ulkonäkö	ulkonäkö
ulkonäkö	ulkonäköäni
ulkonäkö	ulkonäköön
ulkonäkö	ulkonäöltään
ulkonäkö	ulkonäön
ulkonäkö	ulkonäössä
ulkonäkö	ulkonäöstä
ulkonäkö	ulkonäöstään
ulkopoliittinen	ulkopoliittisia
ulkopolitiikka	ulkopolitiikan
ulkopolitiikka	ulkopolitiikassa
ulkopuolella	ulkopuolella
ulkopuolelle	ulkopuolelle
ulkopuolelta	ulkopuolelta
ulkopuolinen	ulkopuolinen
ulkopuolinen	ulkopuolisen
ulkopuolinen	ulkopuoliset
ulkopuolinen	ulkopuolisia
ulkopuolinen	ulkopuolisista
ulkopuolinen	ulkopuolisten
ulkopuolinen	ulkopuolistenkin
ulkopöytä	ulkopöytään
ulkorappu	ulkorapuilla
ulkoredi	ulkoredillä
ulkovaate	ulkovaatteissa
ulla	ullaa
ulos	ulos
ulosajoalue	ulosajoalueita
ulosjääminen	ulosjääminen
ulosottomies	ulosottomies
ulospäin	ulospäin
ulostulo	ulostulo
ulosvedettävä	ulosvedettävän
ulottua	ulottuivat
ulottua	ulottumattomiin
ulottua	ulottunut
ulottua	ulottuu
ulottua	ulottuvat
ulottuvilla	ulottuvilla
ulottuville	ulottuville
ulottuvilta	ulottuvilta
ulottuvuus	ulottuvuus
ulpu	ulpu
ultra	ultrat
ulvinen	ulvisen
ummetus	ummetuksessa
ummikko	ummikko
umpeen	umpeen
umpi	ummet
umpijää	umpijäässä
umpikiero	umpikieroista
umpinainen	umpinainen
unelma	unelma
unelma	unelmaa
unelmoida	unelmoineensa
unesco	unescon
unettava	unettavaan
unettomuus	unettomuudesta
unettomuus	unettomuutta
uni	uneni
uni	unessa
uni	unessakin
uni	unet
uni	unia
uni	unta
uni	untakin
unicef	unicefin
unikeko	unikeko
unikeko	unikeon
unikeko	unikeot
unikonsiemen	unikonsiemeniä
uninen	unisena
unioni	unioni
unioni	unioniin
unioni	unionin
unioni	unionissa
unioni	unionista
unirecords-yhtiö	unirecords-yhtiön
united	united
univelka	univelkaa
univormu	univormusta
unix-	unix-
unix-järjestelmä	unix-järjestelmän
unkari	unkarin
unkari	unkarissa
unkarilainen	unkarilainen
unkarilainen	unkarilaisen
unkarilainen	unkarilaiset
unkarilainen	unkarilaisiin
unohdus	unohdukseen
unohdus	unohdus
unohtaa	unohda
unohtaa	unohdan
unohtaa	unohdettiin
unohtaa	unohdettu
unohtaa	unohdin
unohtaa	unohtaa
unohtaa	unohtamaan
unohtaa	unohtaneena
unohtaa	unohtaneet
unohtaa	unohtanu
unohtaa	unohtanut
unohtaa	unohti
unohtaa	unohtivat
unohtua	unohdu
unohtua	unohduttu
unohtua	unohtua
unohtua	unohtui
unohtua	unohtuivat
unohtua	unohtumaan
unohtua	unohtunut
unohtua	unohtuu
unohtuilla	unohtuilemaan
unto	unto
untola	untola
uoma	uomasta
uosukainen	uosukainen
uotinen	uotisen
upea	upea
upea	upeaa
upea	upealta
upea	upean
upea	upeat
upea	upeet
upea	upeeta
upea	upeimpia
upea	upein
upea	upeita
upeimmillaan	upeimmillaan
upota	uponnut
upota	uppoa
upottaa	upotetaan
upottaa	upottivat
uppopallo	uppopallolle
upseeri	upseereita
ura	ura
ura	uraa
ura	uraansa
ura	urallaan
ura	uralle
ura	urani
ura	uransa
urakka	urakat
urakka	urakka
uranaispuoliso	uranaispuolisonsa
uranuurtajaluotain	uranuurtajaluotain
urautua	urautuneitten
urhea	urheiden
urheasti	urheasti
urheilija	urheilija
urheilija	urheilijat
urheilija	urheilijoiden
urheilija	urheilijoille
urheilija	urheilijoita
urheilla	urheilkoot
urheilla	urheiltiin
urheilu	urheilu
urheilu	urheilua
urheilu	urheilun
urheilu	urheilusta
urheilujuomavalmistaja	urheilujuomavalmistajasta
urheilujärjestö	urheilujärjestöjen
urheilukalastus	urheilukalastus
urheilukilpailu	urheilukilpailuihin
urheilulaji	urheilulaji
urheilulaji	urheilulajiin
urheiluliike	urheiluliikkeen
urheilullisuus	urheilullisuudesta
urheiluruutu	urheiluruudun
urheilusankari	urheilusankareilleen
urheiluseura	urheiluseurakin
urheiluseura	urheiluseuroja
urheilutalo	urheilutalo
urho	urho
urja	urjan
urkki-koira	urkki-koira
urku	urut
uros	uros
uros	urosta
uroteko	urotekoihin
ursula	ursula
urtsa	urtsa
usa	usa
usa	usa:n
usa	usa:ssa
usa	usa:sta
usa	usassa
usea	useaan
usea	usealta
usea	useammalle
usea	useamman
usea	useammasta
usea	useammat
usea	useampaa
usea	useampi
usea	useampia
usea	useampiakin
usea	useampien
usea	useampiki
usea	useampikin
usea	usean
usea	useassa
usea	useat
usea	useiden
usea	useilla
usea	useilta
usea	useimmat
usea	useimmilla
usea	useimmissa
usea	useimpien
usea	useissa
usea	useista
usea	useita
usea	useitakin
useammin	useammin
useampivuotinen	useampivuotinen
useasti	useasti
useasti	usseest
useimmin	useimmin
useimmiten	useimmiten
usein	usein
usein	useinkaan
usein	useinkin
ushuaia	ushuaian
uskaltaa	uskalla
uskaltaa	uskallapas
uskaltaa	uskalleta
uskaltaa	uskallettava
uskaltaa	uskalsi
uskaltaa	uskalsin
uskaltaa	uskalsit
uskaltaa	uskalsivat
uskaltaa	uskaltaa
uskaltaa	uskaltaako
uskaltaa	uskaltaisi
uskaltaa	uskaltaisikohan
uskaltaa	uskaltaisin
uskaltaa	uskaltanut
uskaltaa	uskaltanutkaan
uskaltautua	uskaltautuivat
uskaltautua	uskaltautuu
uskaltautua	uskaltautuvia
usko	usko
usko	uskoa
usko	uskoni
usko	uskossa
uskoa	usko
uskoa	uskoa
uskoa	uskoako
uskoa	uskoakseni
uskoa	uskoi
uskoa	uskoin
uskoa	uskois
uskoa	uskoisi
uskoa	uskoisin
uskoa	uskoiskohan
uskoa	uskoivat
uskoa	uskokaa
uskoa	uskokaan
uskoa	uskomaton
uskoa	uskomatonta
uskoa	uskomatta
uskoa	uskomattomalta
uskoa	uskon
uskoa	uskoneet
uskoa	uskoneiden
uskoa	uskonut
uskoa	uskoo
uskoa	uskot
uskoa	uskota
uskoa	uskotaan
uskoa	uskottaisiinko
uskoa	uskottava
uskoa	uskottiin
uskoa	uskottu
uskoa	uskovat
uskollinen	uskollinen
uskollinen	uskollisempia
uskollinen	uskollisen
uskollinen	uskollisena
uskomaton	uskomattoman
uskomaton	uskomattomimmat
uskominen	uskomista
uskomus	uskomuksen
uskomus	uskomukset
uskomus	uskomus
uskonto	uskonnon
uskonto	uskonnosta
uskonto	uskonto
uskonto	uskontoa
uskotella	uskotteli
uskottava	uskottava
uskottava	uskottavalta
uskottavuus	uskottavuuden
uskottavuus	uskottavuus
uskottavuus	uskottavuutta
uskoutua	uskoutua
uskovainen	uskovaisille
usma	usma
utah	utah
uteliaisuus	uteliaisuudesta
utelias	uteliaat
utelias	uteliaille
utelias	uteliaitten
utelias	utelias
utrio	utrion
utsjokelainen	utsjokelaiset
utsjoki	utsjoelle
utsjoki	utsjoen
utu	utu
utu	utulta
utuinen	utuinen
utuinen	utuisella
utuinen	utuista
utö	utössä
uudehko	uudehkot
uudelleen	uudelleen
uudelleenkirjoittaa	uudelleenkirjoittamalla
uudenlainen	uudenlaiselle
uudenlainen	uudenlaisesta
uudenlainen	uudenlaisia
uudenlainen	uudenlaista
uudentua	uudentuu
uudentyyppinen	uudentyyppiseen
uudenuusi	uudenuusi
uudenvuodenpäivä	uudenvuodenpäivä
uudestaan	uudestaan
uudestaan	uudestaankin
uudisrakentaminen	uudisrakentamisella
uudissana	uudissanoista
uudistaa	uudistamalla
uudistaa	uudistavan
uudistaa	uudistin
uudistaja	uudistajien
uudistaminen	uudistamisen
uudistua	uudistuneen
uudistua	uudistuneiden
uudistua	uudistunut
uudistuminen	uudistumisen
uudistus	uudistuksessa
uudistus	uudistukset
uudistus	uudistuksia
uudistus	uudistus
uudistus	uudistusten
uudistusesitys	uudistusesityksen
uudistustyö	uudistustyö
uudistustyö	uudistustyössä
uumen	uumeniin
uumeniin	uumeniin
uuni	uuneihin
uuni	uuniin
uuni	uuniksi
uuni	uunin
uuni	uunissa
uunillinen	uunillisen
uuniperuna	uuniperunoilla
uunituore	uunituore
uunivuoka	uunivuokaan
uuno	uuno
uupumus	uupumus
uupunut	uupunut
uurastaa	uurastaneet
uurastaa	uurastavat
uurastus	uurastustaan
uurna	uurnille
uurtaa	uurrettuja
uurto	uurron
uusi	uudeksi
uusi	uudeksip
uusi	uudella
uusi	uudelle
uusi	uudelta
uusi	uudemmat
uusi	uuden
uusi	uudessa
uusi	uudesta
uusi	uudet
uusi	uudetkaan
uusi	uus
uusi	uusi
uusi	uusia
uusi	uusien
uusi	uusiin
uusi	uusilla
uusi	uusimpaan
uusi	uusin
uusi	uusine
uusi	uusinta
uusi	uusista
uusi	uuteen
uusi	uutena
uusi	uutta
uusi-seelanti	uuteen-seelantiin
uusia	uusin
uusia	uusitaan
uusia	uusittavalla
uusia	uusittua
uusia	uusitut
uusikaarlepyy	uudessakaarlepyyssä
uusikaupunki	uudenkaupungin
uusikaupunki	uudestakaupungista
uusiksi	uusiksi
uusimaa	uudenmaan
uusiokäyttö	uusiokäyttöä
uusitalo	uusitalo
uusiutua	uusiutua
uusiutuva	uusiutuvasta
uusivuosi	uudenvuoden
uusperhe	uusperheissäkin
uuspunkkari	uuspunkkareita
uusseelantilainen	uusseelantilaisen
uussubjektivismi	uussubjektivismista
uustyhmyys	uustyhmyys
uutinen	uutisen
uutinen	uutisessa
uutinen	uutisesta
uutinen	uutiset
uutinen	uutisia
uutinen	uutista
uutinen	uutisten
uutisjuttu	uutisjutusta
uutislehti	uutislehti
uutispäällikkö	uutispäälliköltä
uutistoimisto	uutistoimisto
uutisvuoto-ohjelma	uutisvuoto-ohjelmassa
uutuus	uutuudellaan
uutuus	uutuuksia
uutuus	uutuus
uutuus	uutuutta
uutuuselokuva	uutuuselokuvasta
uutuuskirja	uutuuskirja
uutuusnimike	uutuusnimikettä
uuvuksiin	uuvuksiin
uuvuttava	uuvuttavaa
uv-säteily	uv-säteilyn
v.	v.
vaade	vaade
vaahdottaa	vaahdota
vaahto	vaahdon
vaahto	vaahto
vaahtokarkki	vaahtokarkki
vaaka	vaa'assa
vaakakuppi	vaakakupissa
vaakataso	vaakatasoon
vaakuna	vaakuna
vaakuna	vaakunaa
vaalea	vaalea
vaalea	vaalean
vaalea	vaaleempi
vaaleakiharainen	vaaleakiharaisen
vaaleankeltainen	vaaleankeltainen
vaaleanlaiha	vaaleanlaihan
vaaleanpunainen	vaaleanpunaista
vaaleanpunerva	vaaleanpunervassa
vaaleansininen	vaaleansiniselle
vaaleatukkainen	vaaleatukkainen
vaali	vaaleille
vaali	vaaleissa
vaali	vaaleja
vaali	vaalien
vaali	vaalit
vaalialueittainen	vaalialueittainen
vaalibussi	vaalibussin
vaalikampanja	vaalikampanja
vaalikampanja	vaalikampanjassaan
vaalikampanja	vaalikampanjoihinsa
vaalikarja	vaalikarja
vaalikausi	vaalikauden
vaalinta	vaalinnan
vaalipiiri	vaalipiirissä
vaalipäivä	vaalipäivä
vaalipäivä	vaalipäivänä
vaalipäivä	vaalipäivää
vaaliraha	vaalirahat
vaalitaistelu	vaalitaistelun
vaalitaisto	vaalitaistoksi
vaalitentti	vaalitenteistä
vaalitentti	vaalitentit
vaalitulos	vaalitulos
vaalitulos	vaalitulosten
vaalivoitto	vaalivoiton
vaalivoitto	vaalivoitto
vaan	vaa
vaan	vaan
vaan	vua
vaania	vaanii
vaara	vaara
vaara	vaaraa
vaara	vaaran
vaara	vaarana
vaara	vaarassa
vaara	vaaroista
vaara	vaarojahan
vaarallinen	vaarallinen
vaarallinen	vaaralliseksi
vaarallinen	vaarallisempi
vaarallinen	vaarallisen
vaarallinen	vaarallisimman
vaarallinen	vaarallisina
vaarallinen	vaarallista
vaarallisuus	vaarallisuudesta
vaarantaa	vaarantaisi
vaaratilanne	vaaratilanteita
vaaraton	vaaraton
vaaraton	vaarattomia
vaari	vaareja
vaari	vaari
vaari	vaarilla
vaari	vaarin
vaari	vaarini
vaaribändi	vaaribändi
vaarin	vaarin
vaasa	vaasa
vaasa	vaasaan
vaasa	vaasan
vaasa	vaasassa
vaasantie	vaasantien
vaate	vaate
vaate	vaatetta
vaate	vaatteen
vaate	vaatteena
vaate	vaatteeni
vaate	vaatteesi
vaate	vaatteet
vaate	vaattei
vaate	vaatteineen
vaate	vaatteista
vaate	vaatteita
vaatekaappi	vaatekaapissaan
vaateketju	vaateketjun
vaateleikki	vaateleikit
vaatelias	vaateliasta
vaatelisä	vaatelisää
vaatetavara	vaatetavaraa
vaatetusteollisuus	vaatetusteollisuudessa
vaatevarasto	vaatevarastoaan
vaatevuori	vaatevuoren
vaatia	vaadi
vaatia	vaadin
vaatia	vaadit
vaatia	vaaditaan
vaatia	vaadittiin
vaatia	vaadittuja
vaatia	vaati
vaatia	vaatia
vaatia	vaatii
vaatia	vaatimaan
vaatia	vaatimalla
vaatia	vaatimana
vaatia	vaatimat
vaatia	vaatinut
vaatia	vaatinutta
vaatia	vaatisi
vaatia	vaativaan
vaatia	vaativat
vaatia	vaativia
vaatimaton	vaatimaton
vaatimaton	vaatimatonta
vaatimaton	vaatimattomaan
vaatimaton	vaatimattomalta
vaatimaton	vaatimattomista
vaatimattomasti	vaatimattomasti
vaatimattomuus	vaatimattomuuteen
vaatimus	vaatimuksen
vaatimus	vaatimuksensa
vaatimus	vaatimuksesta
vaatimus	vaatimukset
vaatimus	vaatimuksia
vaatimus	vaatimuksiltaan
vaatimus	vaatimuksineen
vaatimus	vaatimuksista
vaatimus	vaatimus
vaatimus	vaatimusten
vaativa	vaativa
vaativa	vaativaa
vaativa	vaativat
vaativa	vaativia
vaativa	vaativimmista
vadelma	vadelman
vaeltaa	vaelsin
vaeltaa	vaeltanut
vaeltaa	vaeltavan
vaeltelu	vaeltelua
vahingoittaa	vahingoitettavan
vahingonilo	vahingonilon
vahingossa	vahingossa
vahinko	vahingoilta
vahinko	vahingoitta
vahinko	vahingoksi
vahinko	vahingot
vahinko	vahinko
vahinko	vahinkoa
vahinko	vahinkoja
vahinko	vahinkojen
vahinko	vahinkona
vahti	vahti
vahtia	vahtia
vahtikoira	vahtikoira
vahtikoira	vahtikoirina
vahtimestari	vahtimestari
vahtimestari	vahtimestarin
vahva	vahva
vahva	vahvaa
vahva	vahvaksi
vahva	vahvan
vahva	vahvassa
vahva	vahvasta
vahva	vahvat
vahva	vahvempi
vahva	vahvin
vahva	vahvoiksi
vahva	vahvoista
vahva	vahvoja
vahvasti	vahvasti
vahvatahtoinen	vahvatahtoinen
vahvistaa	vahvistaa
vahvistaa	vahvistaneen
vahvistaa	vahvistanut
vahvistaa	vahvistettavana
vahvistaa	vahvistettu
vahvistaa	vahvistettua
vahvistua	vahvistuisivat
vahvistus	vahvistuksesta
vahvoilla	vahvoilla
vahvuinen	vahvuinen
vahvuus	vahvuudesta
vahvuus	vahvuutena
vai	vai
vaieta	vaiennut
vaieta	vaieta
vaieta	vaieten
vaieta	vaietkoon
vaieta	vaikenee
vaiettu	vaiettu
vaihde	vaihteessa
vaihdekeppi	vaihdekepin
vaihdella	vaihtelee
vaihdella	vaihtelevan
vaihdella	vaihtelevat
vaihdella	vaihtelevia
vaihdella	vaihteli
vaihdevipu	vaihdevipu
vaihdos	vaihdos
vaihe	vaihe
vaihe	vaiheeseen
vaihe	vaiheessa
vaihe	vaiheitasi
vaiheilla	vaiheilla
vaiheittain	vaiheittain
vaihtaa	vaihdamme
vaihtaa	vaihdetaan
vaihtaa	vaihdettavien
vaihtaa	vaihdettiin
vaihtaa	vaihdettuaan
vaihtaa	vaihdoin
vaihtaa	vaihtaa
vaihtaa	vaihtaisi
vaihtaa	vaihtamaan
vaihtaa	vaihtamatta
vaihtaa	vaihtanut
vaihtaa	vaihtavalle
vaihtaa	vaihtavat
vaihtaa	vaihtoi
vaihtaa	vaihtoikin
vaihtaminen	vaihtaminen
vaihteeksi	vaihteeksi
vaihteleva	vaihtelevia
vaihtelevasti	vaihtelevasti
vaihtelu	vaihtelua
vaihto	vaihdon
vaihtoaika	vaihtoajat
vaihtoehto	vaihtoehdoista
vaihtoehto	vaihtoehdoksi
vaihtoehto	vaihtoehdon
vaihtoehto	vaihtoehdot
vaihtoehto	vaihtoehto
vaihtoehto	vaihtoehtoa
vaihtoehto	vaihtoehtoja
vaihtoehto	vaihtoehtojen
vaihtoehtoinen	vaihtoehtoisia
vaihtomies	vaihtomiehet
vaihtopenkki	vaihtopenkiltä
vaihtosuhde	vaihtosuhteensa
vaihtovelkakirja-	vaihtovelkakirja-
vaihtua	vaihtua
vaihtua	vaihtuivat
vaihtua	vaihtuu
vaijeri	vaijerit
vaikea	vaikea
vaikea	vaikeaa
vaikea	vaikeaksi
vaikea	vaikealta
vaikea	vaikeammaksi
vaikea	vaikeampaa
vaikea	vaikeampi
vaikea	vaikeampia
vaikea	vaikean
vaikea	vaikeassa
vaikea	vaikeat
vaikea	vaikeata
vaikea	vaikeeta
vaikea	vaikeiksi
vaikea	vaikein
vaikea	vaikeina
vaikea	vaikeinakin
vaikea	vaikeinta
vaikea	vaikeissa
vaikea	vaikeita
vaikeasti	vaikeasti
vaikerrus	vaikerrus
vaikeus	vaikeudet
vaikeus	vaikeuksia
vaikeus	vaikeuksiin
vaikeus	vaikeuksissa
vaikeus	vaikeus
vaikeuttaa	vaikeuttaa
vaikeuttaa	vaikeutti
vaikeutua	vaikeutuu
vaikka	vaik
vaikka	vaikk
vaikka	vaikka
vaikka	vaikkapa
vaikkakaan	vaikkakaan
vaikkakin	vaikkakin
vaiko	vaiko
vaikute	vaikutteista
vaikute	vaikutteita
vaikutelma	vaikutelman
vaikuttaa	vaikuta
vaikuttaa	vaikuttaa
vaikuttaa	vaikuttaako
vaikuttaa	vaikuttaisivat
vaikuttaa	vaikuttamaan
vaikuttaa	vaikuttamalla
vaikuttaa	vaikuttamatta
vaikuttaa	vaikuttaneen
vaikuttaa	vaikuttaneet
vaikuttaa	vaikuttanut
vaikuttaa	vaikuttava
vaikuttaa	vaikuttavan
vaikuttaa	vaikuttavat
vaikuttaa	vaikuttavista
vaikuttaa	vaikutti
vaikuttaja	vaikuttajaa
vaikuttaja	vaikuttajana
vaikuttaja	vaikuttajat
vaikuttava	vaikuttava
vaikuttava	vaikuttavampaa
vaikuttava	vaikuttavat
vaikuttavuus	vaikuttavuutta
vaikuttua	vaikuttuneeksi
vaikutuksesta	vaikutuksesta
vaikutus	vaikutuksen
vaikutus	vaikutuksia
vaikutus	vaikutuksista
vaikutus	vaikutus
vaikutus	vaikutusta
vaikutusalue	vaikutusalueella
vaikutuskanava	vaikutuskanavakseen
vaikutuspiiri	vaikutuspiirissä
vaikutusvalta	vaikutusvallaltaan
vaikutusvaltainen	vaikutusvaltaiset
vailla	vailla
vaille	vaille
vaimea	vaimea
vaimea	vaimeaa
vaimo	vaimo
vaimo	vaimoaan
vaimo	vaimoani
vaimo	vaimoineen
vaimo	vaimojaan
vaimo	vaimoksi
vaimo	vaimollaan
vaimo	vaimolle
vaimo	vaimolleen
vaimo	vaimolta
vaimo	vaimon
vaimo	vaimoni
vaimo	vaimonsa
vaimo	vaimossaan
vain	vaa
vain	vaan
vain	vain
vainaja	vainajaa
vainaja	vainajan
vaineskaan	vaineskaan
vainoaminen	vainoaminen
vainota	vainottavaksi
vaipanvaihto	vaipanvaihdosta
vaippa	vaipat
vaippa	vaippojen
vaippaikä	vaippaiässä
vaippaikäinen	vaippaikäinen
vaipua	vaipua
vaisto	vaistojen
vaisto	vaistojensa
vaistonvarainen	vaistonvarainen
vaistota	vaistottava
vaisu	vaisuja
vaitelias	vaiteliaita
vaiti	vaiti
vaitonainen	vaitonaisempia
vaitonainen	vaitonaisina
vaiva	vaiva
vaiva	vaivaa
vaiva	vaivaan
vaiva	vaivan
vaiva	vaivatta
vaiva	vaivoja
vaivainen	vaivaiselle
vaivainen	vaivaisessa
vaivainen	vaivaiset
vaivainen	vaivaisiin
vaivaisukko	vaivaisukot
vaivanarvoinen	vaivanarvoista
vaivata	vaivaa
vaivata	vaivaan
vaivata	vaivannu
vaivata	vaivannut
vaivata	vaivasi
vaivaton	vaivaton
vaivaton	vaivattomampaa
vaivaton	vaivattomampi
vaivaton	vaivattoman
vaivattomasti	vaivattomasti
vaivautua	vaivautuko
vaivautua	vaivautuneet
vaivautua	vaivautunut
vaivihkaa	vaivihkaa
vaivoin	vaivoin
vajaa	vajaa
vajaa	vajaalla
vajaa	vajaan
vajaa	vajaassa
vajaa	vajaat
vajavainen	vajavainen
vaje	vaje
vajoaminen	vajoamisensa
vajota	vajosi
vajota	vajota
vakaa	vakaa
vakaa	vakaampi
vakaa	vakaan
vakaumuksellisuus	vakaumuksellisuutta
vakava	vakava
vakava	vakavaan
vakava	vakavampi
vakava	vakavana
vakava	vakavat
vakava	vakavia
vakava	vakaviin
vakava	vakavilta
vakavailmeinen	vakavailmeinen
vakavaraisuus	vakavaraisuus
vakavasti	vakavasti
vakavasti	vakavastikin
vakavissaan	vakavissaan
vakavissaan	vakavissani
vakavissaan	vakavissasi
vakiintua	vakiintua
vakinainen	vakinaisia
vakio	vakiossa
vakiokalusto	vakiokalustoon
vakituinen	vakituinen
vakituinen	vakituiseen
vakituisesti	vakituisesti
vakka	vakka
vako	vakoon
vakoilu	vakoilun
vakooja	vakoojia
vaksi	vaksi
vakuus	vakuudesta
vakuusongelma	vakuusongelma
vakuusongelma	vakuusongelmia
vakuusvaatimus	vakuusvaatimukset
vakuuttaa	vakuutettu
vakuuttaa	vakuutin
vakuuttaa	vakuuttaa
vakuuttaa	vakuuttava
vakuuttaa	vakuuttavalle
vakuuttaa	vakuutti
vakuuttava	vakuuttava
vakuuttunut	vakuuttunut
vakuutuksenottaja	vakuutuksenottaja
vakuutus	vakuutuksensa
vakuutus	vakuutukset
vakuutus	vakuutus
vakuutusala	vakuutusalalla
vakuutusasia	vakuutusasiani
vakuutuskilpi	vakuutuskilven
vakuutuskorvaus	vakuutuskorvauksenkaan
vakuutuslaitos	vakuutuslaitokset
vakuutusmaailma	vakuutusmaailma
vakuutuspetos	vakuutuspetoksen
vakuutuspetos	vakuutuspetoksesta
vakuutusyhtiö	vakuutusyhtiöt
vala	vala
vala	valan
valaanpyynti	valaanpyynnin
valaista	valaistu
valaistus	valaistuksella
valaistustekniikka	valaistustekniikka
valamo	valamosta
valas	valaan
valas	valaita
valas	valas
valehdella	valehdella
valehdella	valehtele
valehdella	valehtelet
valehteleminen	valehteleminen
valehtelu	valehtelua
valella	valelemaan
valencia	valenciasta
valentin	valentin
valepuku	valepukujen
valeri	valeri
valérie	valérie
valhe	valheen
valhe	valheessa
valheellinen	valheellinen
valheellinen	valheellisen
validiteetti	validiteetin
valikoida	valikoimaan
valikoima	valikoima
valikoima	valikoimat
valikoitua	valikoiduttiin
valinnanvapaus	valinnanvapauteen
valinnanvara	valinnanvaraa
valinta	valinnan
valinta	valinnasta
valinta	valinnat
valinta	valinnoillani
valinta	valinta
valinta	valintaan
valinta	valintaani
valinta	valintansa
valinta	valintoihin
valinta	valintoja
valinta	valintojaa
valinta	valintojen
valio	valio
valiokunta	valiokunnan
valiokunta	valiokunta
valiokunta	valiokuntaan
valioliigaura	valioliigauraansa
valistaa	valistaa
valistaa	valistanut
valistaa	valistettu
valistus	valistus
valistusfilosofi	valistusfilosofi
valita	valihtis
valita	valinneet
valita	valinnut
valita	valita
valita	valitaan
valita	valitako
valita	valitse
valita	valitsee
valita	valitsema
valita	valitsemaan
valita	valitsemalla
valita	valitsemasta
valita	valitsematta
valita	valitsi
valita	valitsin
valita	valitsit
valita	valitsivatkin
valita	valittaessa
valita	valittaisiin
valita	valittava
valita	valittavaksi
valita	valittavana
valita	valittavanaan
valita	valittiin
valita	valittu
valita	valittuasi
valita	valittujen
valita	valituiksi
valita	valituksi
valita	valitulle
valita	valitun
valitella	valitellut
valitella	valittelevat
valitettavasti	valitettavasti
valittaa	valittaa
valittaa	valittaisi
valittaa	valittakaa
valittaa	valittamatta
valittaa	valittanut
valittaa	valitti
valittaminen	valittaminen
valittelu	valitteluja
valitus	valitukset
valitus	valituksia
valjastaa	valjastaa
valjeta	valjenneita
valjeta	valkenevaa
valkama	valkaman
valkea	valkea
valkea	valkean
valkea	valkeassa
valkea	valkeat
valkeakoskelainen	valkeakoskelaisella
valkeakoskelainen	valkeakoskelaiset
valkeakoski	valkeakoskelta
valkeakoski	valkeakoski
valkohäntäpeura	valkohäntäpeura
valkoinen	valkoinen
valkoinen	valkoiseen
valkoinen	valkoisen
valkoinen	valkoiset
valkoinen	valkoisine
valkoinen	valkoista
valkoinen	valkoisten
valkokangas	valkokankaalle
valkokangas	valkokankaan
valkoselkätikka	valkoselkätikan
valkosipuli	valkosipulia
valkosipuli	valkosipulin
valkosipuli	valkosipulit
valkotakki	valkotakkeja
valkotasapaino	valkotasapainon
valkovaahto	valkovaahdosta
valkovenäläinen	valkovenäläisiä
valkoviini	valkoviini
valkoviini	valkoviinien
valkoviini	valkoviiniä
valkuainen	valkuaisia
vallan	vallan
vallanhalu	vallanhalusta
vallanhimo	vallanhimo
vallankaappausyritys	vallankaappausyritys
vallankin	vallankin
vallankumouksellinen	vallankumouksellinen
vallankumouksellinen	vallankumoukselliset
vallankumous	vallankumous
vallankumous	vallankumousta
vallankäyttö	vallankäyttöä
vallankäyttö	vallankäytöstä
vallanpitäjä	vallanpitäjille
vallanpitäjä	vallanpitäjät
vallanvahvistus	vallanvahvistuksen
vallassa	vallassa
vallata	vallata
vallata	valtaa
vallata	valtasivat
vallihauta	vallihautoja
vallila	vallilasta
vallita	vallinneet
vallita	vallita
vallita	vallitsee
vallita	vallitsi
vallita	vallitsivat
vallitseva	vallitsevassa
valloilleen	valloilleen
vallu	vallun
valmennus	valmennusta
valmennusjärjestelmä	valmennusjärjestelmä
valmennustuki	valmennustukea
valmentaa	valmentanut
valmentaja	valmentaja
valmentaja	valmentajaa
valmentaja	valmentajan
valmentaja	valmentajana
valmentaja	valmentajani
valmentaja	valmentajansa
valmentajakunta	valmentajakunnan
valmentajasatsaus	valmentajasatsauksen
valmentautuminen	valmentautumisen
valmet	valmet
valmiiksiäänitetty	valmiiksiäänitettyjä
valmis	valmhiit
valmis	valmiiks
valmis	valmiiksi
valmis	valmiilta
valmis	valmiin
valmis	valmiina
valmis	valmiit
valmis	valmiita
valmis	valmis
valmis	valmista
valmistaa	valmistaa
valmistaa	valmistaessaan
valmistaa	valmistakaan
valmistaa	valmistama
valmistaa	valmistamaan
valmistaa	valmistamassa
valmistaa	valmistan
valmistaa	valmistanevat
valmistaa	valmistanut
valmistaa	valmisteta
valmistaa	valmistetaan
valmistaa	valmistettu
valmistaa	valmistetut
valmistaa	valmisti
valmistaa	valmistimme
valmistaja	valmistajat
valmistaja	valmistajien
valmistaja	valmistajienkin
valmistautua	valmistaudutaan
valmistautua	valmistautui
valmistautua	valmistautuvat
valmistautuminen	valmistautumisen
valmiste	valmisteisiin
valmisteilla	valmisteilla
valmistella	valmistelemassa
valmistella	valmistelin
valmistella	valmistellaan
valmistella	valmistellut
valmistella	valmisteltu
valmistelu	valmisteluina
valmistelu	valmistelujen
valmisteluttaa	valmisteluttanut
valmistelutyö	valmistelutöitä
valmistua	valmistua
valmistua	valmistui
valmistua	valmistuisi
valmistua	valmistumassa
valmistua	valmistunee
valmistua	valmistunut
valmistua	valmistuttu
valmistua	valmistuu
valmistua	valmistuvan
valmistua	valmistuvanne
valmistuminen	valmistumistaan
valmistus	valmistukseen
valmistus	valmistus
valmistusmenetelmä	valmistusmenetelmän
valmius	valmiudet
valmiusjoukko	valmiusjoukkoihin
valmiusjoukko	valmiusjoukot
valo	valo
valo	valoa
valo	valoja
valo	valolle
valo	valon
valo	valossa
valo	valot
valoilmiö	valoilmiöt
valoinen	valoinen-
valoisa	valoisa
valoisa	valoisaa
valoisa	valoisan
valoisa	valoisia
valoisa	valoisissa
valokuva	valokuvaa
valokuva	valokuvaan
valokuva	valokuvan
valokuva	valokuvassa
valokuva	valokuvat
valokuva	valokuvia
valokuva	valokuviin
valokuva-albumi	valokuva-albumin
valokuvaaja	valokuvaajalle
valokuvaamo	valokuvaamon
valokuvantarkka	valokuvantarkka
valokuvasivu	valokuvasivua
valokuvata	valokuvata
valokuvaus	valokuvaus
valokuvaus	valokuvausta
valokuvausala	valokuvausalan
valonen	valonen
valossa	valossa
valottaa	valottavat
valotusteknisesti	valotusteknisesti
valovuosi	valovuoden
valpas	valpas
valpaskatseinen	valpaskatseinen
valpuri	valpuri
valssi	valssia
valta	vallan
valta	vallassa
valta	vallasta
valta	valta
valta	valtaa
valta	valtaan
valta	valtaansa
valtaanpaluu	valtaanpaluusta
valtaisa	valtaisa
valtaisa	valtaisia
valtaistuin	valtaistuimelle
valtakirja	valtakirja
valtakirja	valtakirjan
valtakunnallinen	valtakunnallinen
valtakunnallinen	valtakunnalliseen
valtakunnallinen	valtakunnallisen
valtakunnallinen	valtakunnallisesta
valtakunnallinen	valtakunnallisissa
valtakunta	valtakunnan
valtakunta	valtakunta
valtakunta	valtakuntaa
valtakunta	valtakuntansa
valtaosa	valtaosa
valtatie	valtatie
valtatie	valtatiellä
valtatie	valtatiestä
valtava	valtava
valtava	valtavan
valtava	valtavasta
valtava	valtavista
valtavasti	valtavasti
valtavirtakirjallisuus	valtavirtakirjallisuutta
valtimosyke	valtimosykkeet
valtio	valtio
valtio	valtioiden
valtio	valtiolla
valtio	valtiolle
valtio	valtiolta
valtio	valtion
valtio	valtiona
valtio	valtionsa
valtio	valtiot
valtio-oppi	valtio-opin
valtiofilosofia	valtiofilosofiaa
valtiomies	valtiomiehen
valtiomies	valtiomiehiä
valtionapu	valtionapuja
valtionapu	valtionapujen
valtioneuvosto	valtioneuvosto
valtioneuvosto	valtioneuvoston
valtionhallinto	valtionhallinnosta
valtionosuus	valtionosuuksia
valtionosuus	valtionosuuksista
valtionosuusmäärä	valtionosuusmäärät
valtionpäämies	valtionpäämiehenä
valtionsyyttäjä	valtionsyyttäjän
valtionvelka	valtionvelasta
valtionyhtiö	valtionyhtiöiden
valtionyhtiö	valtionyhtiöillä
valtionyhtiö	valtionyhtiöitä
valtionyhtiö	valtionyhtiöt
valtiopäämiestaso	valtiopäämiestasolta
valtiotiede	valtiotieteen
valtiotieteilijä	valtiotieteilijä
valtiovarainministeri	valtiovarainministeri
valtiovarainministeri	valtiovarainministeriksi
valtiovarainministeriö	valtiovarainministeriössä
valtiovarainministeriö	valtiovarainministeriöön
valtiovierailu	valtiovierailulle
valtoimenaan	valtoimenaan
valtonen	valtonen
valtuus	valtuudet
valtuus	valtuuksia
valtuus	valtuuksilla
valtuus	valtuutensa
valtuuskunta	valtuuskunta
valtuusto	valtuusto
valtuusto	valtuuston
valtuusto	valtuustoon
valtuutettu	valtuutettu
valtuutettu	valtuutettua
valtuutettu	valtuutetuista
valua	valui
valua	valuivat
valua	valumaan
valua	valuneen
valua	valunut
valua	valuva
valua	valuvaksi
valurautainen	valurautaiset
valutella	valutteli
valuttaa	valuta
valuttaa	valuttamalla
valuutta	valuutalle
valuutta	valuutat
valuutta	valuutta
valuutta	valuuttaa
valuutta	valuuttojaan
valuuttakauppa	valuuttakauppa
valuuttakurssiriski	valuuttakurssiriskeistä
valuuttariski	valuuttariskeistä
valveilla	valveilla
valvoa	valvoa
valvoa	valvoen
valvoa	valvoivat
valvoa	valvoma
valvoa	valvomaan
valvoa	valvonut
valvoa	valvoo
valvoa	valvotaan
valvoa	valvottuahan
valvoa	valvottuna
valvoa	valvovaan
valvoja	valvoja
valvoja	valvojalle
valvoja	valvojan
valvoja	valvojat
valvojainen	valvojaisia
valvonta	valvonnan
valvonta	valvonnassa
valvonta	valvontaa
valvonta	valvontaan
valvontajärjestelmä	valvontajärjestelmä
valvontamuoto	valvontamuotoja
vamma	vamma
vamma	vammaa
vamma	vamman
vamma	vammat
vamma	vammoihin
vamma	vammoilta
vamma	vammoista
vamma	vammojen
vammainen	vammaisella
vammainen	vammaisia
vammainen	vammaisille
vammainen	vammaisten
vammaisasiamies	vammaisasiamies
vammaispalvelulaki	vammaispalvelulain
vammala	vammalan
vammala	vammalassa
vammautuminen	vammautuminen
vampyyri	vampyyrinä
van	van
vana	vanaa
vandaali	vandaali
vaneri	vaneria
vangita	vangitsemme
vangita	vangitsi
vangita	vangittiin
vangita	vangittuna
vanha	vanha
vanha	vanhaa
vanha	vanhaan
vanha	vanhako
vanha	vanhaksi
vanha	vanhalla
vanha	vanhalle
vanha	vanhan
vanha	vanhana
vanha	vanhanakin
vanha	vanhassa
vanha	vanhasta
vanha	vanhat
vanha	vanhemmaksi
vanha	vanhemman
vanha	vanhemmat
vanha	vanhemmilla
vanha	vanhempaa
vanha	vanhempana
vanha	vanhempi
vanha	vanhempien
vanha	vanhempikin
vanha	vanhimmasta
vanha	vanhimmat
vanha	vanhimpana
vanha	vanhin
vanha	vanhoihin
vanha	vanhoilla
vanha	vanhoille
vanha	vanhoilta
vanha	vanhoina
vanha	vanhoissa
vanha	vanhoista
vanha	vanhoja
vanha	vanhojen
vanha-saarijärveläinen	vanha-saarijärveläiset
vanhainkoti	vanhainkodit
vanhaisäntä	vanhaisäntä
vanhakantainen	vanhakantaista
vanhakirkko	vanhankirkon
vanhanaikainen	vanhanaikainen
vanhapiika	vanhapiika
vanhastaan	vanhastaan
vanhemmiten	vanhemmiten
vanhemmuus	vanhemmuuden
vanhemmuus	vanhemmuutta
vanhempainraha	vanhempainrahaa
vanhempi	vanhemman
vanhempi	vanhemmat
vanhempi	vanhemmilleen
vanhempi	vanhemmista
vanhempi	vanhemmistaan
vanhempi	vanhempana
vanhempi	vanhempansa
vanhempi	vanhempi
vanhempi	vanhempiani
vanhempi	vanhempiemme
vanhempi	vanhempien
vanhempi	vanhempiensa
vanheneminen	vanheneminen
vanheneminen	vanhenemista
vanhentua	vanhentuneina
vanhentua	vanhentunut
vanhentua	vanhentunutta
vanhentunut	vanhentunut
vanheta	vanhene
vanheta	vanhenee
vanheta	vanhenemassa
vanheta	vanhenin
vanheta	vanhetessa
vanhoillinen	vanhoillisten
vanhus	vanhuksen
vanhus	vanhuksena
vanhus	vanhukset
vanhus	vanhuksina
vanhus	vanhus
vanhuus	vanhuuden
vanhuus	vanhuus
vanhuus	vanhuutta
vanhuus	vanhuuttaan
vankeus	vankeuteen
vanki	vangiksi
vanki	vangin
vanki	vangit
vankila	vankilaa
vankila	vankilaan
vankila	vankilan
vankila	vankilassa
vankila	vankilassakin
vankila	vankilasta
vankilapako	vankilapaon
vankilaviranomainen	vankilaviranomaisille
vankileiri	vankileireiltä
vankileiri	vankileiriltä
vankistua	vankistuu
vankka	vankan
vankka	vankimman
vankka	vankka
vankkarakenteinen	vankkarakenteinen
vanne	vanteet
vannehame	vannehame
vannoa	vannoo
vannoutunut	vannoutunut
vantaa	vantaalla
vantaa	vantaan
vanttera	vantterakaan
vanttera	vantterasta
vanukas	vanukasta
vanutuppo	vanutupolla
vapa	vavalla
vapaa	vapaa
vapaa	vapaaksi
vapaa	vapaammat
vapaa	vapaampaan
vapaa	vapaan
vapaa	vapaana
vapaa	vapaasta
vapaa	vapaat
vapaa	vapaata
vapaa	vapaille
vapaa	vapaita
vapaa-aika	vapaa-aikana
vapaa-aika	vapaa-ajan
vapaa-ajanviettopaikka	vapaa-ajanviettopaikkaan
vapaaehtoinen	vapaaehtoinen
vapaaehtoinen	vapaaehtoiset
vapaaehtoisesti	vapaaehtoisesti
vapaaehtoistyö	vapaaehtoistyöllä
vapaahetki	vapaahetkinään
vapaakauppasopimus	vapaakauppasopimuksen
vapaamielinen	vapaamielistä
vapaamielisyys	vapaamielisyydessä
vapaapudotus	vapaapudotuksen
vapaapäivä	vapaapäivien
vapaapäivä	vapaapäivä
vapaapäivä	vapaapäivät
vapaarahoitteinen	vapaarahoitteisilta
vapaasti	vapaasti
vapaauinti	vapaauinnissa
vapaauintiviesti	vapaauintiviestissä
vapaudenkatu	vapaudenkadun
vapaudentie	vapaudentiellä
vapaus	vapaus
vapaus	vapauteen
vapaus	vapautta
vapaus	vapauttaan
vapaussota	vapaussodan
vapaussota	vapaussodasta
vapauttaa	vapauttaa
vapauttaa	vapauttavalta
vapautua	vapauduttuaan
vapautua	vapautui
vapautua	vapautuu
vapautua	vapautuvalle
vapautua	vapautuvia
vapautuminen	vapautumiseen
vapautuminen	vapautumisen
vapautunut	vapautuneen
vapautustoimi	vapautustoimia
vapista	vapisee
vapisuttaa	vapisuttaa
vappu	vappu
vappu	vappua
vappu	vappuna
vappu	vapuksi
vappu	vapun
vappu	vapusta
vappuhuvi	vappuhuvi
vappukarnevaali	vappukarnevaaleis
vapulta	vapulta
vapunaatto	vapunaaton
vara	vara
vara	varaa
vara	varani
vara	varanne
vara	varasi
vara	varat
vara	varoin
vara	varoista
vara	varoja
vara	varojen
varaan	varaan
varageneraattori	varageneraattorin
varakas	varakas
varakas	varakkaampi
varakas	varakkaiden
varakitara	varakitarasta
varallaolotunti	varallaolotunnit
varalle	varalle
varallisuusasema	varallisuusasemaa
varalta	varalta
varamies	varamies
varaosa	varaosia
vararehtori	vararehtori
vararehtori	vararehtorin
vararengas	vararenkaita
varas	varas
varas	varkaat
varas	varkaiden
varas	varkaita
varassa	varassa
varastaa	varastaa
varastaa	varastanut
varastaa	varastavat
varastaa	varastetaan
varastaa	varastettu
varastaa	varastettuja
varastaa	varastivat
varastelu	varastelu
varasto	varasto
varasto	varastoon
varasto	varastoonkin
varasto	varastossa
varasto	varastot
varastoida	varastoi
varastoida	varastoitko
varata	varaamasi
varata	varaan
varata	varaisin
varata	varannette
varata	varannut
varata	varata
varata	varattu
varata	varattuna
varaton	varaton
varaton	varattomaksi
varaus	varauksetta
varautua	varautua
varautua	varautunut
varavaate	varavaatteita
varavaihtoehto	varavaihtoehto
varemmin	varemmin
vares	vareksen
vares	vares
varhain	varhain
varhainen	varhainen
varhaiseläke	varhaiseläkkeellä
varhaiskasvatusaineisto	varhaiskasvatusaineistoksi
varhaistoteaminen	varhaistoteamisessa
variantti	variantit
varis	varis
varis	varisten
varjo	varjo
varjo	varjoaan
varjo	varjonsa
varjohallitus	varjohallituksen
varjoinen	varjoisessa
varjolla	varjolla
varkain	varkain
varkaus	varkaudesta
varkaus	varkaudet
varkaus	varkauksista
varkautelainen	varkautelainen
varma	varma
varma	varmaa
varma	varmalla
varma	varman
varma	varmana
varma	varmin
varma	varmoja
varmaan	varhmaan
varmaan	varmaa
varmaan	varmaan
varmaan	varmaankaan
varmaan	varmaankin
varmaan	varmmaam
varmasti	varmasti
varmistaa	varmista
varmistaa	varmistaa
varmistaa	varmistanette
varmistaa	varmistathan
varmistaa	varmistetaan
varmistaa	varmistettava
varmistella	varmistella
varmistua	varmistua
varmuus	varmuudeksi
varmuus	varmuudella
varmuus	varmuuden
varmuus	varmuutta
varmuuslukko	varmuuslukkoon
varoa	varoa
varoa	varokaa
varoa	varon
varoa	varoo
varoaika	varoaika
varoitella	varoittelin
varoittaa	varoiteta
varoittaa	varoitetaan
varoittaa	varoittaa
varoittaa	varoittamaan
varoittaa	varoittamalla
varoittaa	varoittava
varoittaa	varoitti
varoittaa	varotettii
varoitus	varoitukseksi
varoitus	varoituksia
varoitus	varoituksista
varoitusaika	varoitusajalla
varoitusmenettely	varoitusmenettelyä
varomattomasti	varomattomasti
varomattomuus	varomattomuuksia
varovainen	varovainen
varovainen	varovaisemmasta
varovainen	varovaisempi
varovaisemmin	varovaisemmin
varovaisesti	varovaisesti
varovaisuus	varovaisuutta
varovasti	varovasti
varpaisjärvi	varpaisjärvelle
varpe	varpen
varpukasvi	varpukasvit
varpunen	varpusillakin
varpuspöllö	varpuspöllön
varrella	varrella
varrelta	varrelta
varsi	varreltaan
varsi	varsi
varsi	varteen
varsi	vartta
varsille	varsille
varsin	varsin
varsinainen	varsinainen
varsinainen	varsinaiseen
varsinainen	varsinaiselta
varsinainen	varsinaisen
varsinainen	varsinaiset
varsinainen	varsinaisia
varsinainen	varsinaista
varsinaisesti	varsinaisesti
varsinaissuomalainen	varsinaissuomalaisella
varsinkaan	varsinkaan
varsinkin	varsinkin
varsinkin	varsinni
varta	varta
vartalo	vartalo
vartalo	vartaloaan
vartalo	vartalonsa
vartalo	vartalostaan
varteen	varteen
varten	varte
varten	varten
vartija	vartijana
vartioida	vartioimattomat
vartioida	vartioitu
vartiointitehtävä	vartiointitehtävissä
vartiovuori	vartiovuoren
vartti	vartin
vartti	vartissa
vartti	varttia
varttimaili	varttimaili
varttitunti	varttitunnin
varttua	varttuneen
varttuneisto	varttuneiston
varttunut	varttuneemman
varttunut	varttuneempaa
varuskunta	varuskunnan
varuskuntalähiö	varuskuntalähiöön
varusmies	varusmiehet
varusmies	varusmiehiä
varustaa	varustaa
varustaa	varustanut
varustaa	varustettu
varustaa	varustettua
varustamo	varustamo
varustamoyhdistys	varustamoyhdistyksen
varustautua	varustaudumme
varustautua	varustautuivat
varustautua	varustautunut
varuste	varusteet
varustetasoinen	varustetasoisia
varustus	varustus
varusvarasto	varusvarastolle
varvas	varpaat
varvas	varpaisiini
varvas	varpaisiinsa
varvas	varpaista
varvas	varpaita
varvas	varpaitani
vas.	vas.
vasakari	vasakari
vasara	vasara
vasemmalla	vasemmalla
vasemmalle	vasemmalle
vasemmalta	vasemmalta
vasemmisto	vasemmiston
vasemmistoliitto	vasemmistoliitto
vasen	vasemmalle
vasen	vasemmalta
vasen	vasemman
vasen	vasemmassa
vasen	vasemmasta
vasen	vasempaan
vasen	vasen
vasen	vasenta
vasikka	vasikat
vasikka	vasikka
vasikka	vasikkaa
vasiten	vasiten
vaski	vaski
vaskuu	vaskuun
vasta	vast
vasta	vasta
vasta	vastahan
vasta-aine	vasta-aineet
vastaaja	vastaajan
vastaaja	vastaajilta
vastaaja	vastaajista
vastaan	vastaa
vastaan	vastaan
vastaan	vastaani
vastaan	vasthaan
vastaanottaa	vastaanotettavaksi
vastaanottaa	vastaanotti
vastaanottaja	vastaanottaja
vastaanottaja	vastaanottajaan
vastaanottajaiset	vastaanottajaiset
vastaanottaminen	vastaanottamista
vastaanotto	vastaanoton
vastaanotto	vastaanottoa
vastaanotto	vastaanottoon
vastaanottoaika	vastaaottoaikasa
vastaanottohuone	vastaanottohuoneesta
vastaanottokeskus	vastaanottokeskuksen
vastaantuleva	vastaantuleva
vastaantuleva	vastaantulevaan
vastaantulija	vastaantulijalta
vastaava	vastaava
vastaava	vastaavaa
vastaava	vastaavassa
vastaava	vastaavia
vastaava	vastaavilta
vastaavanlainen	vastaavanlainen
vastaavasti	vastaavasti
vastahakoinen	vastahakoinen
vastainen	vastainen
vastainen	vastaisena
vastainen	vastaisessa
vastainen	vastaisista
vastaisesti	vastaisesti
vastakeitetty	vastakeitetyn
vastakkain	vastakkain
vastakkainasettelu	vastakkainasettelu
vastakkainen	vastakkaisella
vastakkainen	vastakkaisen
vastakkainen	vastakkaisissa
vastakohta	vastakohdan
vastakohtaisuus	vastakohtaisuudet
vastalause	vastalauseiden
vastamyrkky	vastamyrkyllä
vastapaino	vastapainoksi
vastaperustettu	vastaperustetun
vastapuoli	vastapuolella
vastapuoli	vastapuolen
vastapäinen	vastapäiselle
vastapäinen	vastapäisen
vastapäätä	vastapäätä
vastapäätä	vastapäätään
vastarakkaus	vastarakkautta
vastariitti	vastariitti
vastarinta	vastarinta
vastarinta	vastarintaa
vastassa	vastassa
vastasyntynyt	vastasyntyneinä
vastata	vastaa
vastata	vastaamaan
vastata	vastaan
vastata	vastaatte
vastata	vastaava
vastata	vastaavaa
vastata	vastaavaksi
vastata	vastaavat
vastata	vastaavissa
vastata	vastanneista
vastata	vastannut
vastata	vastasi
vastata	vastata
vastata	vastatessaan
vastata	vastattavaksi
vastata	vastattiin
vastata	vastattu
vastatusten	vastatusten
vastatutkimus	vastatutkimuksella
vastatuuli	vastatuuleen
vastaus	vastaukseksi
vastaus	vastauksen
vastaus	vastauksensa
vastaus	vastaukset
vastaus	vastauksia
vastaus	vastaus
vastaus	vastausta
vastausvaihtoehto	vastausvaihtoehdoista
vastavalo	vastavaloon
vastavuoroinen	vastavuoroiset
vastaväittäjä	vastaväittäjä
vasten	vasten
vastenmielinen	vastenmielisen
vastenmielinen	vastenmielisiä
vastenmielinen	vastenmielistä
vastikään	vastikään
vastine	vastine
vastine	vastinetta
vastoin	vastoin
vastustaa	vastustaa
vastustaa	vastustan
vastustaa	vastustanut
vastustaa	vastustatko
vastustaa	vastustavaan
vastustaa	vastustavat
vastustaa	vastusteta
vastustaa	vastustetun
vastustaa	vastusti
vastustaa	vastustipa
vastustaja	vastustaja
vastustaja	vastustajaansa
vastustaja	vastustajan
vastustaja	vastustajat
vastustaja	vastustajien
vastustaja	vastustajiin
vastustaja	vastustajille
vastustaja	vastustajilleen
vastustaminen	vastustamisen
vastustella	vastustelet
vastustus	vastustusta
vastuu	vastuu
vastuu	vastuun
vastuu	vastuussa
vastuu	vastuusta
vastuu	vastuuta
vastuullisuus	vastuullisuus
vastuullisuus	vastuullisuutta
vastuuntuntoinen	vastuuntuntoista
vastuupykälä	vastuupykäliä
vasu	vasusi
vatanen	vatanen
vatanen	vataselle
vatanen	vatasen
vatikaani	vatikaanin
vatkata	vatkaa
vatsa	vatsa
vatsa	vatsaa
vatsa	vatsaan
vatsa	vatsani
vatsa	vatsasi
vatsa	vatsassaan
vatsa	vatsasta
vatsakipu	vatsakivuissa
vatsalaukku	vatsalaukkusi
vatsalihas	vatsalihakset
vatsalihas	vatsalihaksia
vatsalleen	vatsalteen
vatsantasoitusväline	vatsantasoitusväline
vatsastapuhuminen	vatsastapuhumisen
vatsatauti	vatsatauti
vattenfall-konserni	vattenfall-konsernin
vattu	vattuihin
vauhdikas	vauhdikkailla
vauhdikkaasti	vauhdikkaasti
vauhdilla	vauhdilla
vauhdittaja	vauhdittajina
vauhko	vauhkona
vauhkonen	vauhkonen
vauhti	vauhdilla
vauhti	vauhdin
vauhti	vauhdissa
vauhti	vauhti
vauhti	vauhtia
vauhti	vauhtiaan
vauhtihirmu	vauhtihirmu
vauhtimäki	vauhtimäessä
vaunu	vaunua
vaunu	vaunuineen
vaunu	vaunuissa
vaunu	vaunuistakin
vaunu	vaunujen
vaunu	vaunut
vaurastua	vaurastui
vauraus	vaurautta
vaurio	vaurion
vaurio	vauriota
vaurioitua	vaurioitunut
vaurioituminen	vaurioituminen
vauva	vauva
vauva	vauvaa
vauva	vauvan
vauva	vauvasta
vauva	vauvat
vauva	vauvoja
vauva	vauvojen
vauvapanda	vauvapandan
vectra	vectra
vedenpinta	vedenpinta
vedenpyhitys	vedenpyhitys
vedota	vedonneet
vedota	vedota
vedota	vedoten
vedota	vedottiin
vedota	vetoamalla
vedota	vetoava
vedättää	vedätti
veekymppi	veekymppeineen
veera	veeralta
vehje	vehkeisiin
vehmanen	vehmasen
vehnäjauho	vehnäjauhoja
vehnäpitko	vehnäpitkoa
veho	veho
veijari	veijari
veijari	veijarin
veijo	veijo
veikata	veikata
veikata	veikkaa
veikata	veikkaavat
veikkaus	veikkaus
veikkis	veikkiksestä
veikko	veikko
veikko	veikkoja
veikko	veikon
veisata	veisata
veisterä	veisterän
veistos	veistoksen
veistos	veistoksia
veistos	veistos
veistospuisto	veistospuistossa
veistyä	veistyi
veistäjä	veistäjän
veisuu	veisuuta
veitsenhaava	veitsenhaavasta
veitsi	veistä
veitsi	veistäkään
veitsi	veitsellä
veitsi	veitsellään
veitsi	veitset
veitsi	veitseä
veivari	veivarit
veivata	veivaan
vekkula-strategia	vekkula-strategiassa
vekseli	vekseli
velallinen	velalliset
velallinen	velallisiltaan
veli	veli
veli	veljeensä
veli	veljen
veli	veljeni
veli	veljensä
veli	veljestään
veli	veljet
veli	veljeä
veli	veljien
veli	veljiä
velimies	velimies
velipoika	velipoika
velipoika	velipojan
veljekset	veljekset
veljellinen	veljellinen
veljenmaa	veljenmaansa
veljes	veljekset
veljes	veljeksien
veljes	veljes
veljespuolue	veljespuolueen
veljesviha	veljesvihasta
velka	velat
velka	velka
velka	velkaa
velka	velkoja
velka	velkojaan
velka	velkojen
velka	veloista
velkaantuminen	velkaantumista
velkaelvytys	velkaelvytys
velkajärjestelylaki	velkajärjestelylaki
velkakierre	velkakierre
velkataakka	velkataakan
velkataakka	velkataakka
velkoja	velkoja
vellihousu	vellihousuille
vellinkeittäjä	vellinkeittäjä
velloa	velloi
velloa	velloo
veltto	veltto
velvoittaa	velvoitettiin
velvollinen	velvollinen
velvollinen	velvolliset
velvollisuus	velvollisuuksiasi
velvollisuus	velvollisuus
velvollisuus	velvollisuutensa
vene	vene
vene	veneelle
vene	veneelleen
vene	veneellä
vene	veneellään
vene	veneen
vene	veneensä
vene	veneestä
vene	veneet
vene	veneidemme
vene	veneillä
vene	veneisiin
vene	veneitä
vene	veneitään
vene	venettä
vene	venneellä
venekauppa	venekauppojen
venemalli	venemalleista
venepaikka	venepaikan
veneretki	veneretkellä
venesuunnittelija	venesuunnittelijoiden
venezuelalainen	venezuelalaisen
venkula	venkulan
venla	venla
vennamo	vennamo
venus	venuksella
venus	venuksia
venus	venus
venyttely	venyttelyä
venyä	veny
venyä	venyy
venyä	venyä
venäjä	venäjä
venäjä	venäjälle
venäjä	venäjällä
venäjä	venäjältä
venäjä	venäjän
venäjä	venäjänhän
venäjä	venäjää
venäjän-	venäjän-
venäläinen	venäläinen
venäläinen	venäläisen
venäläinen	venäläisessä
venäläinen	venäläisestäkin
venäläinen	venäläiset
venäläinen	venäläisiin
venäläinen	venäläisiä
venäläinen	venäläisten
venäläinen	venäläistä
venäläisittäin	venäläisittäin
venäläiskaksikko	venäläiskaksikko
veranta	verannan
veranta	veranta
verbaliikka	verbaliikan
verenhimo	verenhimo
verenpaine	verenpaine
verenpaine	verenpaineella
verenpaine	verenpainetta
verenvuodatus	verenvuodatuksen
verenvuoto	verenvuotojen
veretseisauttava	veretseisauttava
verho	verho
verho	verhon
verho	verhot
verhoasetelma	verhoasetelmia
verhoilu	verhoilu
verhokangas	verhokangas
verhota	verhoamat
verhota	verhoava
verhota	verhottava
veri	vereen
veri	veren
veri	veressä
veri	veri
veri	vert
veri	verta
veri	vertani
verikoe	verikokeet
verikoe	verikokeista
verille	verille
verilöyly	verilöyly
verinahka	verinahasta
verinen	verinen
verinen	verisiksi
veriplasma	veriplasmassa
verissään	verissään
verisuoni	verisuonia
veritse	veritse
verkalleen	verkalleen
verkko	verkko
verkko	verkkoja
verkko	verkkojen
verkko	verkkoon
verkko	verkoilla
verkko	verkon
verkko	verkossa
verkko	verkot
verkkoterroristi	verkkoterroristeja
verkkotieto	verkkotiedon
verkosto	verkosto
verkostoituminen	verkostoitumiselle
vermo	vermossa
vero	veroihin
vero	veroina
vero	veroja
vero	verolle
vero	verot
vero-osaaminen	vero-osaaminen
verohelpotus	verohelpotuksia
veroinen	veroinen
verojärjestelmä	verojärjestelmän
verojärjestelmä	verojärjestelmässä
verokanta	verokanta
verokeskustelu	verokeskustelussa
verokirja	verokirjassa
veroluokka	veroluokka
veromuutos	veromuutosten
veronalainen	veronalaiseksi
veronkevennys	veronkevennykset
veronkierto	veronkiertoa
veronmaksaja	veronmaksajien
veronmaksaja	veronmaksajilta
veropoliittinen	veropoliittisella
veroprosentti	veroprosentiksi
verotaso	verotasoa
verottaa	verotettu
verottaja	verottaja
verotus	verotuksen
verotus	verotuksensa
verotus	verotus
verotus	verotusta
verovelvollinen	verovelvollisesta
verovirasto	verovirastolle
verovirkailija	verovirkailija
verovähennys	verovähennykset
verran	verran
verrata	verrata
verrata	verrataan
verrata	verrattiin
verrata	verrattuna
verrata	vertaamaan
verraten	verraten
verraton	verrattoman
verrattain	verrattain
verrytellä	verryttelemässä
versace	versacen
versio	versio
versio	versioita
versio	version
versio	versioon
versio	versiota
verstas	verstaalla
verta	verroin
verta	vertaa
vertaa	vertaa
vertailla	vertailemaan
vertailla	vertailla
vertailu	vertailu
vertailu	vertailun
vertailu	vertailussa
vertailumenestys	vertailumenestys
vertainen	vertaisensa
vertainen	vertaistani
vertauskuva	vertauskuvassa
vesa	vesa
vesa	vesalla
vesa	vesan
vesanto	vesanto
vesi	vedellä
vesi	veden
vesi	vedessä
vesi	vedestä
vesi	vedet
vesi	vesi
vesi	vesille
vesi	vesillä
vesi	vesissä
vesi	vesiä
vesi	veteen
vesi	vettä
vesi-	vesi-
vesiallas	vesialtaaseen
vesieste	vesiesteellä
vesifillari	vesifillariksi
vesijetti	vesijetin
vesijetti	vesijetti
vesikirkas	vesikirkasta
vesikysymys	vesikysymyksessä
vesilaitos	vesilaitoksen
vesilintu	vesilintuja
vesiliukoinen	vesiliukoisena
vesilätäkkö	vesilätäkköön
vesimeloni	vesimelonista
vesimittari	vesimittarin
vesioikeus	vesioikeus
vesipallo	vesipalloa
vesipalloilija	vesipalloilija
vesiperhonen	vesiperhosia
vesipeto	vesipedosta
vesipullo	vesipullo
vesipää	vesipäitä
vesiraja	vesirajassa
vesiratas	vesiratas
vesirokkorokote	vesirokkorokotteen
vesirokkorokotus	vesirokkorokotusta
vesisaavi	vesisaavissa
vesiskootteri	vesiskootteri
vesistö	vesistöjen
vesistö	vesistöjä
vesistö	vesistön
vesistö	vesistöön
vesivaranto	vesivarannosta
vesiviivapaperi	vesiviivapaperille
veskari	veskari
vespuoli	vespuolelle
vessa	vessa
vessa	vessaa
vessa	vessaan
vessa	vessat
vessa	vessatkin
vesta	vesta
vesterinen	vesterinen
vesti	vestin
veteli	veteliin
veteraani	veteraaneja
veteraani	veteraani
veteraani	veteraanien
veteraani	veteraanit
veteraanipäivä	veteraanipäivän
vetinen	vetisillä
vetisesti	vetisesti
vetistyä	vetistyykö
veto	vedon
veto	veto
veto	vetoa
veto	vetoja
veto-oikeus	veto-oikeudellaan
vetoinen	vetoisen
vetoketju	vetoketju
vetoketju	vetoketjun
vetoomus	vetoomuksen
vetoomus	vetoomus
vetovoima	vetovoiman
vetovoima	vetovoimasta
vettähylkivä	vettähylkivää
veturi	veturilla
veturi	veturillako
veturi	veturin
veturivanhus	veturivanhus
vetypommi	vetypommin
vetäistä	vetäisee
vetäistä	vetäisi
vetäminen	vetämisen
vetävämmännäköinen	vetävämmännäköiset
vetäytyminen	vetäytyminen
vetäytyminen	vetäytymisenä
vetäytyä	vetäytyi
vetäytyä	vetäytynyt
vetäytyä	vetäytyä
vetää	vedetty
vetää	vedettyyn
vetää	vedettävää
vetää	vedetyksi
vetää	vedin
vetää	vedän
vetää	veti
vetää	vetäkääpä
vetää	vetämällä
vetää	vetämässä
vetää	vetämään
vetää	vetänyt
vetää	vetävän
vetää	vetävät
vetää	vetää
via	via
viaton	viaton
viaton	viattoman
viaton	viattomat
vibrahälytys	vibrahälytys
vichy	vichy
vichyvesi	vichyvedellä
victor/victoria	victor/victoria
victoria	victoria
video	video
videokamera	videokameroiden
videokasetti	videokasetit
videolaite	videolaitteita
videomenetelmä	videomenetelmästä
vie-	vie-
viedä	vei
viedä	veikin
viedä	vein
viedä	veis
viedä	veisi
viedä	veisit
viedä	veivät
viedä	vie
viedä	viedä
viedä	viedään
viedä	vieköön
viedä	viemällä
viedä	viemässä
viedä	viemästä
viedä	viemään
viedä	vien
viedä	vienyt
viedä	viet
viedä	vietiin
viedä	viety
viedä	vietäisiin
viedä	vietävä
viedä	vietäväksi
viedä	vievä
viedä	vievät
viedä	vievää
viehtymys	viehtymystä
viehättävä	viehättävä
viehättävä	viehättävät
viehättää	viehätti
viehättää	viehättävää
vielä	viel
vielä	vielä
vielä	vieläk
vielä	vieläkin
vielä	vieläkää
vielä	vieläkään
vielä	vieläkö
vielä	viä
vielä	viäl
vieläpä	vieläpä
viemäri	viemäreinä
vienti	viennin
vienti	viennistä
vienti	vienti
vienti	vientiin
vientikauppa	vientikaupan
vientiosasto	vientiosasto
vientitavarailmoitus	vientitavarailmoituksen
vieraantuminen	vieraantumisestaan
vieraanvarainen	vieraanvaraista
vierailija	vierailijat
vierailija	vierailijoille
vierailla	vierailee
vierailla	vierailevat
vierailla	vieraili
vierailla	vierailivat
vierailla	vierailla
vierailla	vierailleet
vierailla	vieraillut
vierailu	vierailu
vierailu	vierailujensa
vierailu	vierailulla
vierailu	vierailun
vieras	vieraaksi
vieras	vieraalle
vieras	vieraan
vieras	vieraana
vieras	vieraansa
vieras	vieraat
vieras	vieraiden
vieras	vieraille
vieras	vieraillemme
vieras	vieraissa
vieras	vieraista
vieras	vieraita
vieras	vieras
vieras	vieraskaan
vieras	vierasta
vierasesine	vierasesine
vierashuone	vierashuoneeseen
vierasjoukko	vierasjoukko
vierasjoukkue	vierasjoukkue
vierasmaja	vierasmajasta
vierastaa	vierastaa
viereen	viereen
viereen	viereeni
viereinen	viereinen
viereinen	viereiseen
viereinen	viereisessä
viereinen	viereisestä
vierekkäin	vierekkäin
vierelle	vierelleen
vierellä	vierelläni
vierellä	vierelläsi
vieressä	vieres
vieressä	vieressä
vieressä	vieressään
vierestä	vierestä
vieroitusoire	vieroitusoireineen
vierottaa	vierotettu
vierremäinen	vierremäinen
vierumäki	vierumäellä
vieruskaveri	vieruskaveriaan
vierusta	vierustoja
vierustoveri	vierustoveriksi
vierähtää	vierähti
vierähtää	vierähtänyt
viesti	viestejämme
viesti	viesti
viesti	viestin
viesti	viestini
viesti	viestissä
viesti	viestit
viestintä	viestinnässä
viestintäteko	viestintäteon
viestipronssi	viestipronssiin
viestittää	viestittää
vietellä	viettelimme
vietnamilainen	vietnamilaiset
vietnamilainen	vietnamilaisten
vietteleminen	vietteleminen
vietti	viettien
vietto	viettohon
viettäminen	viettäminen
viettää	vietettiin
viettää	vietetään
viettää	vietti
viettää	viettämään
viettää	viettänyt
viettää	viettävä
viettää	viettävälle
viettää	viettää
viettää	vietän
vietävästi	vietävästi
viha	viha
viha	vihaa
viha	vihaksi
viha	vihan
viha	vihani
viha	vihansa
viha	vihassa
vihainen	vihainen
vihainen	vihaisen
vihainen	vihaisena
vihainen	vihaisia
vihamielisesti	vihamielisesti
vihannes	vihannekset
vihannes	vihannesten
vihapäissä	vihapäissäni
vihastuttaa	vihastuttaneita
vihata	vihaa
vihata	vihaavansa
vihata	vihaavat
vihata	vihaaville
vihata	vihannut
vihdin-karkkila	vihdin-karkkilan
vihdoin	vihdoin
vihdoin	vihdoinkin
viherkasvi	viherkasvien
viherluoto	viherluoto
vihertää	vihertävät
vihjailu	vihjailuja
vihjaista	vihjaissut
vihjata	vihjaa
vihjata	vihjasin
vihje	vihje
vihje	vihjeen
vihjerimpsu	vihjerimpsuja
vihkiytyä	vihkiytyneiden
vihko	vihkojen
vihko	vihon
vihlaista	vihlaisi
vihmoa	vihmoen
vihollinen	vihollinen
vihollinen	viholliseen
vihollinen	viholliset
vihollinen	vihollisia
vihollinen	vihollisiaan
vihollispataljoona	vihollispataljoona
vihr	vihr
vihreä	vihreetä
vihreä	vihreiden
vihreä	vihreille
vihreä	vihreissä
vihreä	vihreistä
vihreä	vihreitä
vihreä	vihreä
vihreä	vihreäksi
vihreä	vihreän
vihreä	vihreässä
vihreä	vihreät
vihreä	vihreää
vihta	vihdan
viidakko	viidakkoon
viidakko	viidakon
viidennes	viidennekseen
viidennes	viidenneksellä
viidennes	viidennes
viides	viidenneksi
viides	viidennellä
viides	viidenteen
viides	viidentenä
viides	viides
viidesosa	viidesosalla
viidestoista	viidestoista
viihde	viihdettä
viihdemusiikkitapahtuma	viihdemusiikkitapahtumaksi
viihdemuusikko	viihdemuusikoiksi
viihdeohjelma	viihdeohjelmat
viihdesävellys	viihdesävellyksiä
viihdyttää	viihdyttää
viihtyisä	viihtyisämmäksi
viihtyisä	viihtyisät
viihtyä	viihdy
viihtyä	viihdyn
viihtyä	viihdytty
viihtyä	viihtyi
viihtyä	viihtyikin
viihtyä	viihtyisi
viihtyä	viihtyisin
viihtyä	viihtymään
viihtyä	viihtyy
viihtyä	viihtyä
viihtyä	viihtyäkseen
viikata	viikattu
viikinki	viikinkien
viikinkivalta	viikinkivallan
viikki	viikkiin
viikko	viikko
viikko	viikkoa
viikko	viikkoina
viikko	viikkoja
viikko	viikkoo
viikko	viikkoon
viikko	viikoksi
viikko	viikolla
viikko	viikolta
viikko	viikon
viikko	viikossa
viikko	viikosta
viikkokausi	viikkokausia
viikkokausiin	viikkokausiin
viikkoraha	viikkorahansa
viikkosiivous	viikkosiivouksen
viikoittain	viikoittain
viikoittainen	viikoittainen
viikonloppu	viikonloppu
viikonloppu	viikonloppua
viikonloppu	viikonloppuna
viikonloppu	viikonlopuksi
viikonloppu	viikonlopun
viikonloppu	viikonloput
viikonloppuiltaisin	viikonloppuiltaisin
viikonloppuisin	viikonloppuisin
viikonloppukelkkailija	viikonloppukelkkailijoille
viikonloppuliite	viikonloppuliite
viikonvaihde	viikonvaihteen
viikonvaihde	viikonvaihteessa
viikottainen	viikottaisessa
viiksi	viikset
viiksisiippa	viiksisiippa
viilata	viilasin
viilentää	viilentää
viiletä	viilenee
viileä	viileällä
viileä	viileänä
viileä	viileässä
viileä	viileät
viima	viima
viima	viimassa
viime	viime
viime	viimme
viimein	viimein
viimeinen	viimeinen
viimeinen	viimeiseen
viimeinen	viimeisekseen
viimeinen	viimeiseksi
viimeinen	viimeisellä
viimeinen	viimeiseltä
viimeinen	viimeisen
viimeinen	viimeisenkin
viimeinen	viimeisenä
viimeinen	viimeisessä
viimeinen	viimeisestä
viimeinen	viimeiset
viimeinen	viimeisiinkiin
viimeinen	viimeisillä
viimeinen	viimeisimpien
viimeinen	viimeisistä
viimeinen	viimeisten
viimeinen	viimeistä
viimeinen	viimene
viimeinen	viimesen
viimeinen	viimesenä
viimeinen	viimestä
viimeinen	viimäses
viimeinen	vikalle
viimeistellä	viimeistelemättä
viimeistellä	viimeistellä
viimeistely	viimeistelyä
viimeistään	viimeistään
viimekesäinen	viimekesäinen
viimekeväinen	viimekeväinen
viimeksi	viimeks
viimeksi	viimeksi
viimevuotinen	viimevuotisessa
viimevuotinen	viimevuotiset
viimevuotinen	viimevuotista
viina	viinaa
viina	viinaan
viina	viinan
viinalitra	viinalitran
viinanen	viinanen
viinanen	viinasella
viinanen	viinasen
viinaralli	viinarallin
viini	viinejä
viini	viini
viini	viinillä
viini	viinissä
viini	viinistä
viini	viinit
viini	viiniä
viinikainen	viinikainen
viinikellari	viinikellari
viinimarja	viinimarjoistakin
viinimarkkinat	viinimarkkinoilla
viininjuoja	viininjuojat
viininvalmistus	viininvalmistus
viininystävä	viininystäviä
viinipullo	viinipullo
viinipullo	viinipullon
viinipullo	viinipullosta
viinirypäle	viinirypäleiden
viinitarha	viinitarhalle
viinivalikoima	viinivalikoima
viipale	viipaleiksi
viipale	viipaleina
viipale	viipaleita
viipuri	viipurin
viipuri	viipurissa
viipurilainen	viipurilainen
viipurilainen	viipurilaiselle
viipurilainen	viipurilaisen
viipymättä	viipymättä
viipyä	viipyi
viipyä	viipyvän
viipyä	viipyvät
viipyä	viipyy
viipyä	viipyykö
viipyä	viipyä
viipyä	viivy
viipyä	viivyin
viipyä	viivyn
viiri	viiri
viirullinen	viirullinen
viis	viis
viisaasti	viisaasti
viisaimmillaan	viisaimmillaan
viisari	viisari
viisas	viisaampi
viisas	viisaan
viisas	viisaana
viisas	viisaimmat
viisas	viisaita
viisas	viisas
viisas	viisasta
viisas	viisasten
viisastella	viisastelemaan
viisastelu	viisastelun
viisastua	viisastuneina
viisaudessaan	viisaudessaan
viisaus	viisauden
viisaus	viisaudessa
viisaus	viisaudessaan
viisaus	viisaudet
viisi	viide
viisi	viideksi
viisi	viidelle
viisi	viidellä
viisi	viideltä
viisi	viiden
viisi	viidessä
viisi	viidestä
viisi	viidet
viisi	viis
viisi	viisi
viisi	viisiin
viisi	viisikin
viisi	viiteen
viisi	viitenä
viisi	viittä
viisi	viittäkään
viisikiloinen	viisikiloinen
viisikymmentä	viidenkymmenen
viisikymmentä	viisikymmentä
viisikymmentä	viiskytä
viisikymmentä	viittäkymmentä
viisikymmentäluku	viisikymmentäluvulla
viisikymmentätuhatta	viiskytätuhatta
viisikymmenvuotias	viisikymmenvuotias
viisikymppinen	viisikymppisenä
viisikymppinen	viisikymppisesi
viisikymppiä	viidenkympin
viisikymppiä	viiskymppiä
viisisataa	viisisataa
viisitoista	viidentoista
viisitoista	viisitoista
viisitoista	viistoista
viisitoista	viiteentoista
viisitoista	viitenätoista
viisivuotias	viisivuotiaana
viisivuotias	viisivuotiaat
viisivuotisapuraha	viisivuotisapurahoiksi
viisto-	viisto-
viistoon	viistoon
viistää	viistäen
viisumihakemus	viisumihakemusta
viitala	viitalan
viitasalo	viitasalo
viitata	viitannut
viitata	viittaa
viitata	viittaama
viitata	viittaava
viitata	viittaavat
viitata	viittasi
viite	viitteiden
viite	viitteitä
viitisen	viitisen
viitisentoista	viitisentoista
viitonen	viitosen
viitsiä	viitsi
viitsiä	viitsii
viitsiä	viitsinyt
viitsiä	viitsis
viitsiä	viitsisi
viitsiä	viitsisikö
viitsiä	viitsitkin
viitsiä	viitsitkö
viitsiä	viitti
viitsiä	viittinym
viitsiä	viittis
viitta	viittaa
viitta	viittaan
viitta	viittansa
viittaus	viittauksia
viittaus	viittausten
viittoa	viittoi
viittomakieli	viittomakielen
viiva	viiva
viiva	viivaa
viivakoodillinen	viivakoodillinen
viive	viiveellä
viivi	viivi
viivästyminen	viivästyminen
viivästynyt	viivästyneenä
viivästyttää	viivästytti
viivästyttää	viivästyttää
viivästyä	viivästyminen
viivästyä	viivästyy
vika	vian
vika	vika
vika	vikaa
vika	vikansa
vika	vikoja
vikaan	vikaan
vikkelä	vikkelä
vikkelä	vikkelämpi
vikström	vikström
vikström	vikströmin
viksu	viksumpi
viktoria	viktoria
viktoria	viktorian
viktorin	viktorin
vilahtaa	vilahti
vilaukselta	vilaukselta
vilho	vilho
vilistä	vilisi
vilistää	vilistävät
vilistää	vilistää
vilja	vilja
vilja	viljaa
vilja	viljan
vilja-aitta	vilja-aittaa
viljalti	viljalti
viljamaa	viljamaalla
viljellä	viljelivät
viljellä	viljellyksi
viljellä	viljelty
viljely	viljely
vilkaista	vilasta
vilkaista	vilkaisekaan
vilkaista	vilkaisemassa
vilkaista	vilkaisepa
vilkaista	vilkaisi
vilkaista	vilkaisin
vilkaista	vilkaista
vilkaisu	vilkaisu
vilkas	vilkas
vilkas	vilkasta
vilkas	vilkkaalla
vilkas	vilkkaampaa
vilkas	vilkkaan
vilkas	vilkkaissa
vilkastua	vilkastuneen
vilkinaro	vilkinaroon
vilkkua	vilkkumatta
vilkuilla	vilkuilematta
vilkuilla	vilkuilla
vilkuilla	vilkuillen
vilkuna	vilkuna
vilkuttaa	vilkuttamaan
vilkuttaa	vilkutti
vilkuttaa	vilkuttivat
villa	villa
villa	villasta
villa	villat
villa	villoja
villakoira	villakoira
ville	ville
ville	villeä
ville-eno	ville-enon
ville-veli	ville-veli
villeneuve	villeneuve
villeys	villeyttä
villi	villejä
villi	villiä
villiintyä	villiintynyt
villikissa	villikissa
villikoira	villikoiran
villilän	villilän
villiporo	villiporoja
villisikauros	villisikauros
villitä	villitsemään
villitä	villitsi
vilpittömyys	vilpittömyyttään
vilpittömästi	vilpittömästi
vilustua	vilustuneeni
vilustua	vilustuu
vilustuminen	vilustumiset
vinkki	vinkin
vinkki	vinkkejä
vinkki	vinkki
vinkua	vinkuen
vinkua	vinkuu
vinkuna	vinkuna
vino	vino
vino	vinossa
vinossa	vinossa
vinoutua	vinoutuu
vintti	vintillä
vintti	vintti
vinyylikatto	vinyylikatto
violetti	violetteja
vip-kortti	vip-korttia
vipeltää	vipelsi
vipeltää	vipelsivät
viper	viper
vipinä	vipinää
vipsottaa	vipsotti
virallinen	virallinen
virallinen	virallisella
virallinen	virallisena
virallinen	viralliset
virallinen	virallisia
virallinen	virallista
virallisesti	virallisesti
virallistaa	virallistaa
viraltapantu	viraltapannulle
viranhaltija	viranhaltija
viranomainen	viranomaiset
viranomainen	viranomaisia
viranomainen	viranomaisiin
viranomainen	viranomaisilla
viranomainen	viranomaisten
viranomaistehtävä	viranomaistehtävää
virasto	virasto
virasto	virastoihinkin
virasto	virastojen
virasto	viraston
virasto	virastoon
virasto	virastossa
virastopäällikkö	virastopäällikköä
vire	vireessä
vireille	vireille
vireillä	vireillä
viren	virenien
vireytyä	vireytyvä
vireästi	vireästi
virginialainen	virginialaiseen
virhe	virhe
virhe	virheen
virhe	virheet
virhe	virheistään
virhe	virheitä
virhe	virheitäni
virhe	virhettä
virheellinen	virheellinen
virheellinen	virheellisenä
virheellinen	virheellisiä
virheensieto	virheensieto
virheliike	virheliike
viriili	viriilissä
virinä	virinää
virittyä	virittyneiltä
virittää	viritti
virittää	virittämät
virittää	virittää
viritystekninen	viritysteknisiä
viritä	virinneet
viritä	virisi
viritä	viriämiseen
virka	viran
virka	virassa
virka	virasta
virka	virka
virka	virkaa
virka	virkaan
virka	virkoihin
virka	virkojen
virka	viroille
virka-asunto	virka-asunto
virka-asunto	virka-asuntonsa
virkaanastujaiset	virkaanastujaisissa
virkaanastuminen	virkaanastumisen
virkailija	virkailija
virkailija	virkailijan
virkajärjestely	virkajärjestelyistä
virkamatka	virkamatkaa
virkamies	virkamiehen
virkamies	virkamiehet
virkamies	virkamiehille
virkamies	virkamiehistä
virkamies	virkamies
virkamies	virkamiesten
virkamieskunta	virkamieskunnassa
virkamiesura	virkamiesurassakaan
virkanimitys	virkanimitys
virkapuku	virkapuku
virkapukuinen	virkapukuista
virkata	virkata
virkaura	virkaurasi
virkavalta	virkavallalla
virkavalta	virkavaltaa
virkavapaa	virkavapaalla
virkavapaa	virkavapaalle
virkavapaus	virkavapauksien
virkavapauslomake	virkavapauslomakkeen
virkavelvollisuus	virkavelvollisuuteen
virke	virkkeeseen
virkeä	virkeä
virkistys	virkistykseksi
virkistys	virkistyksen
virkistysarvo	virkistysarvo
virkistyä	virkistyi
virkistyä	virkistyt
virkistää	virkistävää
virkistää	virkistää
virkkuukoukku	virkkuukoukulla
viro	viro
viro	viroa
viro	viron
viro	virossa
viro	virosta
virolainen	virolainen
virolainen	virolaisen
virotar	virottaria
virpi	virpi
virrat	virroilla
virrat	virroille
virrat	virtain
virrat	virtojen
virrata	virranneet
virrata	virrannut
virrata	virtaa
virrata	virtaavan
virsisävelmä	virsisävelmänä
virta	virran
virta	virta
virta	virtaa
virtahepo	virtahepo
virtahevonen	virtahevosen
virtanen	virtanen
virtanen	virtasella
virtanen	virtasen
virtaus	virtaus
virtausnopeus	virtausnopeutta
virtuoosi	virtuoosit
viru	viru
viru	virun
virus	viruksen
virus	virukset
virus	virus
virus	virusta
virus	virusten
virveli	virvelillä
virvelöidä	virvelöity
visa	visan
visa-setä	visa-setä
visailuohjelma	visailuohjelma
visaisäntä	visaisäntä
visakoivu	visakoivun
visbyy	visbyysee
visbyy	visbyytä
viserrys	viserrykset
visiiri	visiirin
visiitti	visiitti
viski	viskin
viski	viskiä
vispata	vispaa
vispata	vispasivat
vispata	vispata
vissiin	vissii
vissiin	vissiin
visva	visvaa
vitali	vitali
vitivalkoinen	vitivalkoiset
vito	vito
vitonen	vitosellakin
vitonen	vitosen
vitonen	vitosesta
vitonen	vitoset
vitsailu	vitsailu
vitsi	vitsejä
vitsi	vitsi
vitsi	vitsien
vitsi	vitsin
vitsi	vitsit
vitsi	vitsiä
vitsiniekka	vitsiniekka
vittu	vittu
vittu	vittua
vittu	vittuako
vittu	vitun
vittuilla	vittuili
vitut	vitut
vituttaa	vituttaa
viuhahtaa	viuhahti
viuhtoa	viuhdotte
viulu	viulua
viulu	viululle
vivahde	vivahteet
vivienne	vivienneltä
vladivostok	vladivostokista
vo-	vo-
vodka	vodkaa
vohvelikangas	vohvelikankaaseen
voi	voi
voi	voilla
voi	voissa
voi	voit
voi	voita
voida	voi
voida	voida
voida	voidaan
voida	voidaanhan
voida	voidaanko
voida	voidakseen
voida	voihan
voida	voikaapa
voida	voiko
voida	voimaan
voida	voimme
voida	voimmekin
voida	voimmeko
voida	voin
voida	voinee
voida	voineet
voida	voinemme
voida	voinkin
voida	voinko
voida	voinks
voida	voinu
voida	voinut
voida	voinutkaan
voida	voipa
voida	vois
voida	voisi
voida	voisiko
voida	voisikohan
voida	voisimme
voida	voisin
voida	voisinko
voida	voisitko
voida	voisitteko
voida	voisivat
voida	voit
voida	voitaisiin
voida	voitaisiinko
voida	voitaneen
voida	voitas
voida	voitavan
voida	voitiin
voida	voitko
voida	voitte
voida	voitteko
voida	voitu
voida	voivan
voida	voivani
voida	voivansa
voida	voivat
voida	voivien
voidella	voidellut
voidella	voitelema
voidella	voiteli
voihkina	voihkinat
voileipä	voileipiä
voileipä	voileipäänsä
voima	voima
voima	voimaa
voima	voimalla
voima	voiman
voima	voimana
voima	voimani
voima	voimansa
voima	voimassaan
voima	voimat
voima	voimia
voima	voimiaan
voima	voimien
voima	voimissa
voima-	voima-
voimaan	voimaan
voimaantulo	voimaantulosta
voimakas	voimakas
voimakas	voimakasta
voimakas	voimakkaalle
voimakas	voimakkaampana
voimakas	voimakkaat
voimakas	voimakkaiden
voimakas	voimakkaita
voimakastahtoinen	voimakastahtoisia
voimakastahtoinen	voimakastahtoista
voimakkaasti	voimakkaasti
voimakkuus	voimakkuus
voimala	voimalan
voimala	voimaloiden
voimalaitos	voimalaitoksiinsa
voimalla	voimalla
voimanero	voimanero
voimassa	voimassa
voimassaoleva	voimassaoleva
voimasta	voimasta
voimatekijä	voimatekijä
voimavara	voimavarat
voimavara	voimavarojen
voimin	voimin
voimistelu-	voimistelu-
voimisteluasu	voimisteluasuihin
voimistelupäivä	voimistelupäivillä
voimistua	voimistumaan
vointi	voinnit
vointi	vointeja
voitokas	voitokkaan
voitonriemu	voitonriemun
voittaa	voita
voittaa	voitetaanko
voittaa	voitettiin
voittaa	voitettuaan
voittaa	voitimme
voittaa	voitin
voittaa	voititko
voittaa	voittaa
voittaa	voittaakin
voittaa	voittaisikaan
voittaa	voittaisin
voittaa	voittamansa
voittaa	voittamassa
voittaa	voittanee
voittaa	voittaneet
voittaa	voittanut
voittaa	voittanutkaan
voittaa	voittavan
voittaa	voittavanne
voittaa	voittavasi
voittaa	voitti
voittaa	voittivat
voittaja	voittaja
voittaja	voittajansa
voittaja	voittajat
voittaja	voittajien
voittaja	voittajina
voittaja	voittajista
voittajatar	voittajatar
voittaminen	voittaminen
voittaminen	voittamista
voitto	voitoistaan
voitto	voitoksi
voitto	voitolla
voitto	voitolle
voitto	voiton
voitto	voitosta
voitto	voitto
voitto	voittoja
voitto	voittonsa
voitto	voittoon
voitto	voittoonsa
voitto	voittoosi
voitto-osuus	voitto-osuudetta
voittomaali	voittomaalin
voittopokaali	voittopokaali
voittopuolisesti	voittopuolisesti
voittoraha	voittorahojaan
voittoshekki	voittoshekin
voittotili	voittotileistään
vokkulainen	vokkulainen
volkkari	volkkari
volkswagen	volkswagen
volkswagen-konserni	volkswagen-konserni
voltti	voltista
volvo	volvo
volvo	volvoa
volvo	volvon
volvo-auto	volvo-auto
volyymi	volyymin
von	von
vonkaus	vonkaus
vonkuna	vonkuna
vouti	voudit
voutilainen	voutilaisen
voutilainen	voutilaista
voyageri	voyagerin
vps	vps
vps	vps:n
vr	veeärrän
vr	vr:llä
vrä	vrä
vtt	vtt:llä
vtt	vtt:n
vunukka	vunukka
vuode	vuoteelle
vuode	vuoteelta
vuode	vuoteen
vuode	vuoteeseen
vuode	vuoteestaan
vuodeanturi	vuodeanturi
vuodenvaihde	vuodenvaihteessa
vuodevaate	vuodevaatteet
vuokra	vuokra
vuokra	vuokraani
vuokra	vuokralla
vuokra	vuokralle
vuokra	vuokran
vuokra-asunto	vuokra-asunnon
vuokra-asunto	vuokra-asuntoja
vuokra-asunto	vuokra-asuntojen
vuokraaja	vuokraajia
vuokrailla	vuokrailen
vuokrakaksio	vuokrakaksiota
vuokralainen	vuokralainen
vuokralainen	vuokralaisen
vuokralainen	vuokralaisille
vuokrarästi	vuokrarästien
vuokrasopimus	vuokrasopimus
vuokrasopimus	vuokrasopimusta
vuokrasuhde	vuokrasuhteen
vuokrata	vuokraa
vuokrata	vuokraamani
vuokrata	vuokraamassa
vuokrata	vuokrannu
vuokrata	vuokrasi
vuokrata	vuokrata
vuokrata	vuokrataan
vuokrata	vuokrattavia
vuokrata	vuokratut
vuoksi	vuoks
vuoksi	vuoksi
vuolla	vuolema
vuoltsu	vuoltsun
vuoma	vuoma
vuorenrinne	vuorenrinnettä
vuorenrinne	vuorenrinteellä
vuori	vuorelle
vuori	vuoren
vuori	vuoret
vuori	vuori
vuori	vuoria
vuorinen	vuorinen
vuorio	vuorio
vuoristo	vuoriston
vuoristo	vuoristot
vuoristorata	vuoristoradan
vuoro	vuoro
vuoro	vuoroa
vuoro	vuoroja
vuoro	vuorojen
vuoro	vuoroni
vuoro	vuoronne
vuoro	vuoroon
vuoro	vuorossa
vuorokausi	vuorokaudelta
vuorokausi	vuorokauden
vuorokausi	vuorokaudessa
vuorokausi	vuorokautta
vuorokeskustelu	vuorokeskustelua
vuoronperään	vuoronperään
vuoropuhelu	vuoropuhelun
vuorotella	vuorotelleet
vuorotella	vuorotellen
vuorotella	vuorottelevat
vuorovaikutus	vuorovaikutus
vuoroviikko	vuoroviikoin
vuosaari	vuosaaressa
vuosi	vuatta
vuosi	vuodeksi
vuosi	vuodelta
vuosi	vuoden
vuosi	vuodessa
vuosi	vuodesta
vuosi	vuodet
vuosi	vuonna
vuosi	vuonnakin
vuosi	vuos
vuosi	vuosi
vuosi	vuosia
vuosi	vuosien
vuosi	vuosiksi
vuosi	vuosilla
vuosi	vuosina
vuosi	vuosissa
vuosi	vuossin
vuosi	vuoteen
vuosi	vuotena
vuosi	vuotesi
vuosi	vuotta
vuosi	vuuen
vuosiesite	vuosiesitteemme
vuosiin	vuosiin
vuosijuhla	vuosijuhliin
vuosikausi	vuosikaudet
vuosikausi	vuosikausia
vuosikerta	vuosikertaa
vuosikokous	vuosikokouksen
vuosikymmen	vuosikymmenelle
vuosikymmen	vuosikymmenen
vuosikymmen	vuosikymmenet
vuosikymmen	vuosikymmenien
vuosikymmen	vuosikymmeninä
vuosikymmen	vuosikymmeniä
vuosikymmen	vuosikymmentä
vuosiloma	vuosilomalla
vuosilomalaki	vuosilomalain
vuosilupa	vuosiluvalla
vuosimalli	vuosimallia
vuosineljännes	vuosineljänneksen
vuosinäyttely	vuosinäyttelyyn
vuosisata	vuosisadalta
vuosisata	vuosisadan
vuosisata	vuosisataa
vuosisata	vuosisataan
vuosisata	vuosisatoihin
vuosisata	vuosisatoja
vuosisata	vuosisatojen
vuosittain	vuosittain
vuosittainen	vuosittaiselle
vuosituhat	vuosituhannelle
vuosituhat	vuosituhannenkin
vuosituhat	vuosituhansia
vuosituhat	vuosituhanteen
vuosivauhti	vuosivauhtia
vuotaa	vuosi
vuotaa	vuotaa
vuotaa	vuotavat
vuotaa	vuotivat
vuotuinen	vuotuisia
vv.	vv.
vw	vw
vysotski	vysotskin
vyö	vyö
vyö	vyötä
vyöhyke	vyöhykkeiden
vyöry	vyöryn
vyöryttää	vyörytän
vyöryä	vyöryvät
vyöryä	vyöryy
vyöttää	vyötetylle
vyötärö	vyötärölle
vyötärö	vyötäröltä
vyötärö	vyötärön
vyötärö	vyötäröstä
vyötärö	vyötäröään
vyötäröpituinen	vyötäröpituinen
väestö	väestö
väestö	väestön
väestö	väestöstä
väestö	väestöä
väestö	väestöön
väestökasvu	väestökasvua
väestönkasvu	väestönkasvu
väestönkasvu	väestönkasvusta
väestönosa	väestönosan
väestönsuoja	väestönsuojia
väestöohjelma	väestöohjelmissaan
väestöpohja	väestöpohjan
väestörekisterikeskus	väestörekisterikeskukselle
väheksyä	väheksymättä
vähemmistö	vähemmistön
vähemmän	vähemmä
vähemmän	vähemmän
vähennys	vähennykset
vähennys	vähennystä
vähennyslasku	vähennyslaskua
vähentyä	vähentynyt
vähentäminen	vähentäminen
vähentäminen	vähentämisestä
vähentäminen	vähentämistä
vähentää	vähennetty
vähentää	vähennetään
vähentää	vähennä
vähentää	vähentäkää
vähentää	vähentämällä
vähentää	vähentämään
vähentää	vähentää
vähetä	vähene
vähetä	vähenee
vähetä	vähenevät
vähetä	vähetä
vähi	vähi
vähiin	vähhiin
vähiin	vähiin
vähintään	vähintään
vähintään	vähintäänkin
vähitellen	vähitellen
vähiten	vähiten
vähittäishinta	vähittäishinnan
vähittäiskauppa	vähittäiskaupat
vähä	vähemmästä
vähä	vähemmästäkin
vähä	vähin
vähä	vähiä
vähä	vähäks
vähä	vähäksi
vähä	vähässä
vähä	vähästä
vähä	vähät
vähä	vähään
vähä-ääninen	vähä-äänisille
vähäeleinen	vähäeleinen
vähäinen	vähäinen
vähäinen	vähäisiä
vähäinen	vähäistä
vähäinen	vähänen
vähällä	vähällä
vähän	vähä
vähän	vähäm
vähän	vähän
vähän	vähänkin
vähän	vähänkös
vähäosainen	vähäosaiset
vähäosainen	vähäosaisimmista
vähäpukeinen	vähäpukeista
vähärasvainen	vähärasvainen
vähätellä	vähätellä
vähätellä	vähättelin
vähättely	vähättelyynsä
vähävaatteinen	vähävaatteisia
vähää	vähääkää
väikkyä	väikkyivät
väinämöinen	väinämöinen
väinö	väinö
väistyä	väisty
väistyä	väistyä
väistämättä	väistämättä
väistää	väistivät
väistää	väistämätöntä
väistää	väistävät
väistää	väistää
väistö	väistö
väisänen	väisänen
väite	väite
väite	väitteen
väite	väitteensä
väite	väitteessä
väite	väitteet
väite	väitteiden
väite	väitteisiin
väitellä	väitelleitä
väitellä	väiteltiin
väitellä	väittelemään
väitellä	väittelevät
väitellä	väitteliki
väittely	väittely
väittely	väittelyä
väittämä	väittämän
väittää	väitettiin
väittää	väitetty
väittää	väitetään
väittää	väitti
väittää	väittivät
väittää	väittäisin
väittää	väittämiin
väittää	väittämissä
väittää	väittämällä
väittää	väittäne
väittää	väittävät
väittää	väittää
väittää	väitä
väittää	väitän
väitös	väitös
väitöskirja	väitöskirjaa
väitöskirja	väitöskirjaani
väitöskirja	väitöskirjan
väitöskirja	väitöskirjassa
väitöstilaisuus	väitöstilaisuudessa
väkertää	väkertänyt
väkevä	väkevinä
väkevä	väkevä
väkevä	väkevämpien
väkevä	väkevän
väkevä	väkevää
väkevästi	väkevästi
väki	väelle
väki	väen
väki	väestä
väki	väkeä
väki	väki
väkinäinen	väkinäistä
väkipakolla	väkipakolla
väkisin	väkisin
väkisin	väkisinkin
väkivallaton	väkivallaton
väkivalta	väkivallan
väkivalta	väkivallasta
väkivalta	väkivalloin
väkivalta	väkivalta
väkivalta	väkivaltaa
väkivalta	väkivaltana
väkivaltainen	väkivaltaisen
väkäsekäs	väkäsekkäällä
väli	välejä
väli	välimme
väli	välin
väli	välit
väli	väliä
väli	väliäkös
väli-amerikka	väli-amerikka
väli-suomi	väli-suomi
väliaika	väliaikana
väliaikainen	väliaikainen
väliaikainen	väliaikaisesta
väliaikaisesti	väliaikaisesti
väliajo	väliajoin
välierä	välieriin
välierä	välierässään
välieräsarja	välieräsarjaa
välihuudahdus	välihuudahduksia
välihuutaja	välihuutajat
välihuuto	välihuudoista
väliin	väliin
väliinputoaja	väliinputoajiakin
väliintulo	väliintuloa
välilaatu	välilaatua
välilasku	välilaskutta
välille	välille
välille	välilleen
välillä	välil
välillä	välillä
välilyönti	välilyönti
välimaasto	välimaastossa
välimaille	välimaille
välimatka	välimatka
välimatka	välimatkoja
välimeri	välimeren
välimeri	välimeri
välin	välin
väline	väline
väline	välineitä
välinen	välinen
välinen	välisellä
välinen	välisenä
välinen	välisessä
välinen	välisestä
välinen	väliset
välinen	välisiin
välinen	välisin
välinen	välisissä
välinevarasto	välinevarastoon
välinpitämättömyys	välinpitämättömyyttään
välinpitämätön	välinpitämätön
välipalaveri	välipalaveri
välirauha	välirauha
välissä	välissä
välistä	välistä
välitentti	välitentistä
välittyä	välittyisivät
välittyä	välittyä
välittäjä	välittäjiä
välittäjä	välittäjän
välittäjä	välittäjänä
välittäminen	välittämisen
välittää	välitetty
välittää	välitetään
välittää	välitti
välittää	välittäisi
välittää	välittäisin
välittää	välittäkö
välittää	välittämättä
välittää	välittänyt
välittää	välittävänsä
välittää	välittää
välittää	välitä
välittää	välitän
välittömästi	välittömästi
välityksellä	välityksellä
välityskeskus	välityskeskuksesta
välitön	välittömiksi
välitön	välittömiä
välivaihe	välivaihe
välivarastoida	välivarastoida
välivuosi	välivuosi
väliä	väliä
väljä	väljempi
väljä	väljiä
väljä	väljä
välkkyä	välkkyi
välskäri	välskärin
vältellä	vältellä
välttyä	välttyi
välttyä	välttynyt
välttyä	välttyä
välttyä	välttyäkseen
välttyä	vältyimme
välttyä	vältyttiin
välttämättä	välttämättä
välttämätön	välttämättömimmän
välttämätön	välttämättömänä
välttämätön	välttämätön
välttämätön	välttämätöntä
välttää	vältettiin
välttää	vältettäköön
välttää	välttämään
välttää	välttää
välttää	välttääkseen
välähtää	välähti
välähtää	välähtivät
vänrikki	vänrikkien
väre	väreiden
värekarvallinen	värekarvallinen
väri	värejä
väri	väri
väri	väriltään
väri	värin
väri	värit
väri	väriä
värikäs	värikkäissä
värikäs	värikkäitä
värikäs	värikkäämpi
värikäs	värikkään
värinen	värinen
väripuhelin	väripuhelin
väristys	väristyksiä
väriyhdistelmä	väriyhdistelmä
värjätä	värjätessään
värjätä	värjätty
värjätä	värjättäviä
värjätä	värjäämällä
värjöttää	värjöttää
väsy	väsy
väsyksiin	väsyksiin
väsyksissä	väsyksissä
väsyksissä	väsyksissäni
väsymys	väsymyksellä
väsymys	väsymyksenä
väsymys	väsymyksestä
väsymys	väsymystä
väsynyt	väsyneeksi
väsynyt	väsyneempi
väsynyt	väsyneenä
väsynyt	väsyneenäkin
väsynyt	väsyneinä
väsynyt	väsyneistä
väsynyt	väsyneitä
väsynyt	väsyny
väsynyt	väsynyt
väsyttää	väsytti
väsyttää	väsyttämään
väsyttää	väsyttää
väsytys	väsytystä
väsyä	väsyimme
väsyä	väsymättömästä
väsyä	väsyvän
väsätä	väsätyt
väsätä	väsätä
vätys	vätys
vävy	vävyt
väylä	väylä
väylä	väylällä
väyrynen	väyrynen
väyrynen	väyrysen
väännellä	väännellen
vääntyä	väännyin
vääntävä	vääntävämpi
vääntäytyä	vääntäydyin
väänänen	väänänen
vääpeli	vääpelin
väärennös	väärennöksiä
väärennös	väärennösten
väärentäminen	väärentämisiä
väärentää	väärennettyjä
väärin	väärin
väärinkäsitys	väärinkäsityksiä
väärinkäyttö	väärinkäyttöä
väärinkäytös	väärinkäytöksiin
väärinkäytös	väärinkäytösten
väärinymmärrys	väärinymmärryksistä
väärinäänestäminen	väärinäänestämisestä
vääristyä	vääristynyttä
väärti	väärti
väärä	viäräle
väärä	väärien
väärä	väärillä
väärä	väärin
väärä	väärä
väärä	vääräksi
väärä	väärälle
väärä	väärän
väärä	väärässä
väärä	väärät
väärä	väärään
vääräleuka	vääräleuka
vääränlainen	vääränlainen
vääränlainen	vääränlaisia
väärässä	väärässä
väätsä	väätsän
w.g.palmqvist	w.g.palmqvist
wager	wager
wahlström	wahlström
walesa	walesa
wallenberg	wallenbergin
waltari	waltari
walter	walter
wardi	wardi
waris	waris
wasa	wasa
washington	washington
washington	washingtonista
waterloo	waterloo
watti	watin
waxman	waxmanin
wayne	wayne
wegelius	wegelius
wendlinger	wendlingerin
wester	wester
westergård	westergård
wetterhoff	wetterhoffin
whitaker	whitakerin
who	who:n
why	why
wien	wienin
wien	wienissä
wigwam	wigwamin
wiik	wiik
wiipuri	wiipuri
wiklund	wiklundilta
wikman	wikman
wildcard-merkki	wildcard-merkkiä
wildeast-kone	wildeast-koneen
william	william
williams	williams
williams	williamsin
willis	willis
willis	willisin
winberg	winbergistä
windows	windows
winnipeg	winnipeg
winnipeg	winnipegissä
wirvoitusjuomatehdas	wirvoitusjuomatehtaan
wokpannu	wokpannusta
wolfsburg	wolfsburgin
wolfsburg	wolfsburgissa
wolseley	wolseley
woman	woman
woo	woo
word	wordia
wright	wright
wuori	wuori
wwf	wwf
wäinö	wäinö
x	x
x	x:ineen
x	x:n
x	x:stä
x	x:ää
xl	xl
xx	xx
xy	xy
y	y
y	y:n
y	ykin
ydin	ydin
ydin	ytimiin
ydinase	ydinaseet
ydinase	ydinaseiden
ydinase	ydinaseisiin
ydinase	ydinaseita
ydinaseeton	ydinaseettomat
ydinasehaave	ydinasehaaveistaan
ydinasevalta	ydinasevallat
ydinjäte	ydinjätteen
ydinjäte	ydinjätteet
ydinjäte	ydinjätteistä
ydinjäte	ydinjätteistämme
ydinkoe	ydinkokeiden
ydinkoe	ydinkokeita
ydinkysymys	ydinkysymys
ydinlataus	ydinlatauksen
ydinpommi	ydinpommit
ydinräjäytys	ydinräjäytystä
ydinsota	ydinsotaa
ydinvoima	ydinvoimaa
ydinvoima	ydinvoiman
ydinvoimala	ydinvoimalaa
ydinvoimala	ydinvoimalan
ydinvoimala	ydinvoimaloiden
ydinvoimalaitosyksikkö	ydinvoimalaitosyksiköstä
ydinvoimatakki	ydinvoimatakkia
yh-äiti	yh-äiti
yhdeksän	yhdeksältä
yhdeksän	yhdeksän
yhdeksän	yhdeksässä
yhdeksän	yheksän
yhdeksäntoistasataakolmekymmentäluku	yhdeksäntoistasataakolmekymmentäluvun
yhdeksänvuotinen	yhdeksänvuotisista
yhdeksäs	yhdeksännellä
yhdeksäs	yhdeksännet
yhdenmukainen	yhdenmukaiset
yhdennäköisyys	yhdennäköisyydestä
yhdentekevä	yhdentekevää
yhdentyminen	yhdentymisen
yhdentyä	yhdentyvälle
yhdentyä	yhdentyy
yhdenvertaisuus	yhdenvertaisuutta
yhdessä	yhdessä
yhdiste	yhdisteet
yhdiste	yhdisteissä
yhdistellä	yhdistelemällä
yhdistelmä	yhdistelmä
yhdistyneet	yhdistyneet
yhdistyneet	yhdistyneitä
yhdistys	yhdistyksen
yhdistys	yhdistyksiltä
yhdistys	yhdistystä
yhdistyttää	yhdistytti
yhdistyä	yhdistyvät
yhdistyä	yhdistyy
yhdistäminen	yhdistäminen
yhdistäminen	yhdistämisestä
yhdistää	yhdistetty
yhdistää	yhdistettyinä
yhdistää	yhdistettyä
yhdistää	yhdistetyn
yhdistää	yhdistetään
yhdistää	yhdistämään
yhdistää	yhdistää
yhdyskunta	yhdyskunnille
yhdyskuntapalvelu	yhdyskuntapalveluun
yhdyspankki	yhdyspankin
yhdyspankki	yhdyspankista
yhdyssana	yhdyssanalla
yhdyssana	yhdyssanat
yhdysvallat	yhdysvallat
yhdysvallat	yhdysvalloissa
yhdysvallat	yhdysvalloista
yhdysvallat	yhdysvaltain
yhdysvallat	yhdysvaltoihin
yhdysvallat	yhdysvaltojen
yhtaikaa	yhtaikaa
yhteen	yhteen
yhteenotto	yhteenottoon
yhteensä	yhteensä
yhteentörmäys	yhteentörmäyksestä
yhteentörmäys	yhteentörmäykset
yhteenveto	yhteenvedon
yhteenveto	yhteenvetoa
yhteinen	yhteinen
yhteinen	yhteiseen
yhteinen	yhteiseksi
yhteinen	yhteiselle
yhteinen	yhteisellä
yhteinen	yhteisen
yhteinen	yhteisessä
yhteinen	yhteisestä
yhteinen	yhteiset
yhteinen	yhteisiä
yhteinen	yhteistä
yhteisartikkeli	yhteisartikkelia
yhteisartikkeli	yhteisartikkelin
yhteishakujärjestelmä	yhteishakujärjestelmä
yhteishanke	yhteishankkeet
yhteiskiinnitys	yhteiskiinnitystä
yhteiskoulu	yhteiskoulun
yhteiskunnallinen	yhteiskunnallisen
yhteiskunnallinen	yhteiskunnallisiin
yhteiskunnallisesti	yhteiskunnallisesti
yhteiskunta	yhteiskunnalle
yhteiskunta	yhteiskunnan
yhteiskunta	yhteiskunnassa
yhteiskunta	yhteiskunnissa
yhteiskunta	yhteiskunta
yhteiskunta	yhteiskuntaa
yhteiskunta	yhteiskuntaan
yhteiskunta	yhteiskuntana
yhteiskuntaluokka	yhteiskuntaluokista
yhteiskuntatieteellinen	yhteiskuntatieteellinen
yhteiskuntatieteellinen	yhteiskuntatieteelliseen
yhteiskuntatieteilijä	yhteiskuntatieteilijä
yhteislaitos	yhteislaitoksen
yhteispäätös	yhteispäätöstä
yhteisratkaisu	yhteisratkaisu
yhteistoiminta-asia	yhteistoiminta-asiana
yhteistyö	yhteistyö
yhteistyö	yhteistyöhön
yhteistyö	yhteistyön
yhteistyö	yhteistyönä
yhteistyö	yhteistyötä
yhteistyö	yhteistyötään
yhteistyökumppani	yhteistyökumppaneihin
yhteistyökuvio	yhteistyökuvio
yhteistyösopimus	yhteistyösopimukset
yhteisvoima	yhteisvoimin
yhteisymmärrys	yhteisymmärrykseen
yhteisymmärrys	yhteisymmärryksestä
yhteisyritys	yhteisyritys
yhteisö	yhteisö
yhteisö	yhteisöillä
yhteisö	yhteisön
yhteisö	yhteisöt
yhteisö	yhteisöä
yhteisötalo	yhteisötalosta
yhtenäiskenttäteoria	yhtenäiskenttäteorian
yhtenäiskoulu	yhtenäiskoulu
yhteydenotto	yhteydenotoissa
yhteydenotto	yhteydenottoa
yhteydenpito	yhteydenpito
yhteydessä	yhteydessä
yhteys	yhteyden
yhteys	yhteydessä
yhteys	yhteydet
yhteys	yhteyksien
yhteys	yhteyksissä
yhteys	yhteyksiä
yhteys	yhteys
yhteys	yhteyttä
yhteys	yhtteyvessä
yhtikäs	yhtikäs
yhtiö	yhtiö
yhtiö	yhtiöiden
yhtiö	yhtiölle
yhtiö	yhtiöllenne
yhtiö	yhtiöllä
yhtiö	yhtiön
yhtiö	yhtiönne
yhtiö	yhtiöstä
yhtiö	yhtiöt
yhtiö	yhtiöön
yhtiöjärjestys	yhtiöjärjestystä
yhtiömalli	yhtiömallin
yhtye	yhtye
yhtye	yhtyeen
yhtymä	yhtymämme
yhtymä	yhtymän
yhtyä	yhtyneet
yhtyä	yhtyneiden
yhtyä	yhtyvänsä
yhtä	yht
yhtä	yhtä
yhtäaikaa	yhtäaikaa
yhtäjaksoisesti	yhtäjaksoisesti
yhtäkaikki	yhtäkaikki
yhtäkkiä	yhtäkkii
yhtäkkiä	yhtäkkiä
yhtälailla	yhtälailla
yhtämittainen	yhtämittaiseen
yhtään	yhttään
yhtään	yhtää
yhtään	yhtään
yhä	yhä
yhä	yhäkö
yk	yk
yk	yk:lla
yk	yk:lta
yk	yk:n
yk	yk:ssa
yk-diplomaatti	yk-diplomaatit
ykkönen	ykkönen
ykkönen	ykköseksi
ykkönen	ykköselle
ykkönen	ykköseltä
ykkönen	ykkösenä
ykkönen	ykkösiksi
ykkönen	ykkösten
ykkösdokumentti	ykkösdokumentissa
ykkösjohtaja	ykkösjohtajaksi
ykköskaataja	ykköskaatajana
ykköslehti	ykköslehdelle
ykkösluokka	ykkösluokan
ykkösmies	ykkösmies
ykkössarja	ykkössarjan
yksi	yhdeksi
yksi	yhdelle
yksi	yhdellä
yksi	yhdeltä
yksi	yhden
yksi	yhdenkin
yksi	yhdessä
yksi	yhdestä
yksi	yhdet
yksi	yhen
yksi	yhes
yksi	yhteen
yksi	yhtenä
yksi	yhtenäkään
yksi	yhtä
yksi	yhtäkään
yksi	yks
yksi	yksi
yksi	yksie
yksi	yksikin
yksi	yksikään
yksi	yksille
yksi	yksip
yksi	yksissä
yksi	yksiä
yksiin	yksiin
yksikamarinen	yksikamariset
yksikkö	yksikkö
yksikkö	yksikköä
yksikkö	yksikköönsä
yksikkö	yksiköissä
yksikkö	yksikössäsi
yksillaulaja	yksillaulajaa
yksilö	yksilö
yksilö	yksilöistä
yksilö	yksilöstä
yksilö	yksilöä
yksilö-	yksilö-
yksilöllinen	yksilöllinen
yksilöllinen	yksilöllisessä
yksilöllinen	yksilöllistä
yksilöllisesti	yksilöllisesti
yksimielinen	yksimielisinä
yksimielinen	yksimielisiä
yksimielinen	yksimielistä
yksimielisesti	yksimielisesti
yksimielisyys	yksimielisyydessä
yksimielisyys	yksimielisyyteen
yksin	yksin
yksin	yksir
yksinhuoltaja	yksinhuoltaja
yksinkertainen	yksinkertainen
yksinkertainen	yksinkertaiselta
yksinkertainen	yksinkertaisen
yksinkertainen	yksinkertaisin
yksinkertainen	yksinkertaista
yksinkertaisesti	yksinkertaisesti
yksinkertaisuus	yksinkertaisuutta
yksinolo	yksinoloon
yksinomaan	yksinomaan
yksinpuheleminen	yksinpuhelemista
yksinvaltias	yksinvaltiaan
yksinäinen	yksinäinen
yksinäinen	yksinäisempi
yksinäinen	yksinäisen
yksinäinen	yksinäisten
yksinään	yksinään
yksipuolinen	yksipuolisena
yksipuolinen	yksipuolista
yksiselitteisesti	yksiselitteisesti
yksistään	yksistäni
yksistään	yksistään
yksisuuntainen	yksisuuntaisilla
yksitellen	yksitellen
yksitoista	yhdeltoist
yksitoista	yhdeltätoista
yksitoista	yhdentoista
yksitoista	yksitoista
yksittäinen	yksittäiseksi
yksittäinen	yksittäisen
yksittäinen	yksittäistä
yksityinen	yksityinen
yksityinen	yksityiseen
yksityinen	yksityisellä
yksityinen	yksityisemmässä
yksityinen	yksityisen
yksityinen	yksityisessä
yksityinen	yksityiset
yksityinen	yksityisille
yksityinen	yksityisiltä
yksityinen	yksityisiä
yksityinen	yksityisten
yksityinen	yksityistä
yksityisajattelija	yksityisajattelija
yksityiselämä	yksityiselämä
yksityiselämä	yksityiselämän
yksityiselämä	yksityiselämästä
yksityisesti	yksityisesti
yksityishenkilö	yksityishenkilö
yksityishenkilö	yksityishenkilönä
yksityiskohta	yksityiskohdista
yksityiskohta	yksityiskohtia
yksityiskohta	yksityiskohtii
yksityiskohtainen	yksityiskohtaiset
yksityistie	yksityisteillä
yksityistunti	yksityistunnille
yksityistäminen	yksityistäminen
yksityistämiskampanja	yksityistämiskampanja
yksityistää	yksityistettävien
yksityisyys	yksityisyyden
yksiö	yksiö
yksiö	yksiöissä
yksiö	yksiön
yksiö	yksiössä
yla	yla:sta
yle	ylen
yleensä	yleensä
yleensä	yleensähä
yleensä	yleensäkin
yleinen	yleinen
yleinen	yleiseen
yleinen	yleisen
yleinen	yleisintä
yleinen	yleisiä
yleinen	yleistä
yleisemmin	yleisemmin
yleisesti	yleisesti
yleisimmin	yleisimmin
yleisjulkku	yleisjulkkuja
yleiskielinen	yleiskielisin
yleiskirurgi	yleiskirurgin
yleiskomero	yleiskomeron
yleislakko	yleislakosta
yleislakkokehotus	yleislakkokehotusta
yleislääketiede	yleislääketieteen
yleislääkäri	yleislääkärille
yleisradio	yleisradion
yleissävy	yleissävy
yleistyä	yleistynyt
yleistää	yleistää
yleisurheilija	yleisurheilijasta
yleisurheilla	yleisurheileva
yleisurheilu	yleisurheilun
yleisö	yleisö
yleisö	yleisölle
yleisö	yleisöllehän
yleisö	yleisöltä
yleisö	yleisön
yleisö	yleisönkin
yleisö	yleisössä
yleisö	yleisöstä
yleisö	yleisöä
yleisö	yleisöään
yleisöaikakauslehti	yleisöaikakauslehden
yleisökato	yleisökatoon
yleisökoostumus	yleisökoostumus
yleisömäärä	yleisömäärissä
ylellinen	ylellinen
ylellinen	ylelliselle
ylellinen	ylellisellä
ylellisyys	ylellisyyttä
ylemmäs	ylemmäs
ylempi	ylemmistä
ylempi	ylemmän
ylempi	ylempiensä
ylen	ylen
ylennys	ylennystä
ylenpalttinen	ylenpalttisessa
ylensyödä	ylensyönyt
ylettyä	yletyin
ylettyä	yletyn
yletön	yletöntä
ylevä	yleviä
ylhäällä	ylhäällä
ylhäältä	ylhäältä
ylhäältäpäin	ylhäältäpäin
yli	yli
yliairut	yliairut
yliarvioida	yliarvioi
ylihinta	ylihintaa
ylijalostettu	ylijalostetuista
ylikansallinen	ylikansallisille
ylikansoitus	ylikansoitusta
ylikilo	ylikiloja
ylikonstaapeli	ylikonstaapeli
ylikorostua	ylikorostuneen
ylikunto	ylikunnon
ylikurtti	ylikurttiin
yliluonnollinen	yliluonnolliselle
ylilääkäri	ylilääkäri
ylimalkainen	ylimalkaiset
ylimartio	ylimartion
ylimennä	ylimenevät
ylimielinen	ylimielinen
ylimielinen	ylimielisinä
ylimielisyys	ylimielisyydessään
ylimielisyys	ylimielisyys
ylimääräinen	ylimääräinen
ylimääräinen	ylimääräiseksi
ylimääräinen	ylimääräisen
ylimääräinen	ylimääräisiä
ylimääräinen	ylimääräistä
ylimääräinen	ylimäärästä
ylin	ylimmältä
ylin	ylimmässä
ylin	ylimmästä
ylin	ylimpään
ylin	ylin
ylin	ylintä
ylinopeus	ylinopeutta
yliopisto	yliopisto
yliopisto	yliopistoa
yliopisto	yliopistoissa
yliopisto	yliopistoista
yliopisto	yliopistolla
yliopisto	yliopistomme
yliopisto	yliopiston
yliopisto	yliopistoon
yliopisto	yliopistossa
yliopisto	yliopistot
yliopisto-lehti	yliopisto-lehteen
yliopistollinen	yliopistolliseen
yliopistollinen	yliopistollisiin
yliopistomaailma	yliopistomaailmassa
yliopistoteologi	yliopistoteologeista
ylioppilaskirjotus	ylioppilaskirjotusten
ylioppilaskunta	ylioppilaskunnan
ylioppilaslakki	ylioppilaslakin
ylipainoinen	ylipainoisten
ylipäänsä	ylipäänsä
ylipäätänsä	ylipäätänsä
ylipäätään	ylipäätään
ylisosiaalinen	ylisosiaalinen
ylistys	ylistykseltä
ylistää	ylistettiin
ylistää	ylisti
ylistää	ylistäkäämme
ylisuuri	ylisuuria
ylisuuri	ylisuurta
ylitalo	ylitalo
ylitarjonta	ylitarjonta
ylitarkastaja	ylitarkastajaksi
ylitse	ylitse
ylitse	ylitsemme
ylitsevuotava	ylitsevuotavan
ylittää	ylitettävän
ylittää	ylitti
ylittää	ylittämättä
ylittää	ylittämään
ylittää	ylittänyt
ylittää	ylittävän
ylittää	ylittävät
ylittää	ylittää
ylittää	ylittääkseen
ylituotanto	ylituotantoa
ylityö	ylitöissä
ylityökorvaus	ylityökorvaukset
ylityöllistetty	ylityöllistetty
ylivalta	ylivalta
ylivertainen	ylivertaisena
ylivieska	ylivieskan
ylivilkkaus	ylivilkkaus
ylivoimainen	ylivoimainen
ylivoimainen	ylivoimaiseen
ylivoimainen	ylivoimaiselta
ylivoimainen	ylivoimaisia
ylivoimaisesti	ylivoimaisesti
ylivoimaisuus	ylivoimaisuus
ylle	ylle
yllin	yllin
yllä	yllä
yllä	yllään
ylläpito-ohjelma	ylläpito-ohjelmansa
ylläpitäjä	ylläpitäjällä
ylläpitää	ylläpitämä
ylläpitää	ylläpitää
yllättyä	yllättynyt
yllättyä	yllätyimme
yllättyä	yllätyin
yllättävä	yllättävin
yllättävä	yllättäviä
yllättävä	yllättävä
yllättävä	yllättävän
yllättävä	yllättävää
yllättää	yllätti
yllättää	yllättivät
yllättää	yllättäen
yllättää	yllättämäksi
yllättää	yllättänyt
yllättää	yllättää
yllätyksellisesti	yllätyksellisesti
yllätys	yllätyksekseen
yllätys	yllätyksen
yllätys	yllätyksenä
yllätys	yllätyksittä
yllätys	yllätys
yllätysmomentti	yllätysmomenttia
ylpeillä	ylpeillä
ylpeys	ylpeys
ylpeä	ylpeitä
ylpeä	ylpeä
ylppö	ylppö
yltä	yltä
yltä	yltäni
yltää	ylletty
yltää	ylsivät
yltää	yltivät
yltää	yltänyttä
yltää	yltävät
yltää	yltää
yltää	yltääkseen
ylä-tatra	ylä-tatralle
yläaste	yläasteella
ylähylly	ylähyllylle
ylähylly	ylähyllyllekin
yläilmakehä	yläilmakehässä
yläkerta	yläkerrassa
yläkerta	yläkertaan
ylämylly	ylämyllyn
ylämäki	ylämäessä
ylämäki	ylämäet
ylänkö	ylängöllä
ylänurkka	ylänurkkaan
yläosa	yläosaan
yläpuolella	yläpuolella
yläpuolella	yläpuolellamme
yläpuolelle	yläpuolelle
yläpuolinen	yläpuolinen
yläpäässä	yläpäässä
yläreuna	yläreunan
ylävartalo	ylävartaloni
ylöjärvi	ylöjärvelle
ylöjärvi	ylöjärvellä
ylöjärvi	ylöjärveltä
ylöjärvi	ylöjärven
ylöjärvi	ylöjärvi
ylös	ylös
ylösalaisin	ylösalaisin
ylöspäin	ylöspäin
ym	ym
ymmyrkäinen	ymmyrkäisinä
ymmälle	ymmälle
ymmälle	ymmälleen
ymmällä	ymmällään
ymmärrettävyys	ymmärrettävyydeltään
ymmärrettävä	ymmärrettävä
ymmärrettävästi	ymmärrettävästi
ymmärrys	ymmärryksen
ymmärrys	ymmärrystä
ymmärtäjä	ymmärtäjänä
ymmärtäväinen	ymmärtäväisempi
ymmärtää	ymmärretty
ymmärtää	ymmärrettynä
ymmärtää	ymmärrettäisiin
ymmärtää	ymmärrettävää
ymmärtää	ymmärretään
ymmärtää	ymmärrä
ymmärtää	ymmärrän
ymmärtää	ymmärrät
ymmärtää	ymmärrätkö
ymmärtää	ymmärsi
ymmärtää	ymmärsikö
ymmärtää	ymmärsin
ymmärtää	ymmärsinkö
ymmärtää	ymmärsivät
ymmärtää	ymmärtäisi
ymmärtää	ymmärtäisit
ymmärtää	ymmärtäisivät
ymmärtää	ymmärtämään
ymmärtää	ymmärtäneet
ymmärtää	ymmärtäny
ymmärtää	ymmärtänyt
ymmärtää	ymmärtävän
ymmärtää	ymmärtävät
ymmärtää	ymmärtää
ymmärtää	ymmärtääkseni
ympyrä	ympyrän
ympäri	ympäri
ympäriinsä	ympäriinsä
ympärileikata	ympärileikata
ympärille	ympärille
ympärille	ympärilleen
ympärillä	ympärillä
ympärillä	ympärillähän
ympärillä	ympärilläni
ympärillä	ympärillään
ympäristö	ympäristö
ympäristö	ympäristöissä
ympäristö	ympäristölle
ympäristö	ympäristön
ympäristö	ympäristönsä
ympäristö	ympäristössä
ympäristö	ympäristössään
ympäristö	ympäristöstään
ympäristö	ympäristöä
ympäristö	ympäristöään
ympäristöasia	ympäristöasiat
ympäristöhaitta	ympäristöhaitta
ympäristöhaitta	ympäristöhaittoihin
ympäristöjärjestö	ympäristöjärjestö
ympäristöjärjestö	ympäristöjärjestöt
ympäristökeskus	ympäristökeskuksen
ympäristökokous	ympäristökokousta
ympäristöministeri	ympäristöministeriltä
ympäristöministeriö	ympäristöministeriössä
ympäristönsuojelu	ympäristönsuojelua
ympäristöolo	ympäristöoloihin
ympäristöpiiri	ympäristöpiiri
ympäristöpiiri	ympäristöpiirin
ympäristöpoliittinen	ympäristöpoliittisilla
ympäristötavoite	ympäristötavoitteiden
ympäröidä	ympäröi
yms.	yms.
ynnä	ynnä
ynnätä	ynnättyä
yoeune	yoeune
york	york
york	yorkin
york	yorkissa
you	you
yritteliäs	yritteliäälle
yrittäjyys	yrittäjyyttä
yrittäjä	yrittäjien
yrittäjä	yrittäjillä
yrittäjä	yrittäjiä
yrittäjä	yrittäjä
yrittäjä	yrittäjäin
yrittäjä	yrittäjälle
yrittäjä	yrittäjät
yrittäminen	yrittäminen
yrittäminen	yrittämisestä
yrittäminen	yrittämistä
yrittää	yritettiin
yrittää	yritetty
yrittää	yritettävä
yrittää	yritetään
yrittää	yritimme
yrittää	yritin
yrittää	yritti
yrittää	yrittikö
yrittää	yrittivät
yrittää	yrittäen
yrittää	yrittäisin
yrittää	yrittäkää
yrittää	yrittäkääpä
yrittää	yrittämään
yrittää	yrittäneet
yrittää	yrittäny
yrittää	yrittänyt
yrittää	yrittäsin
yrittää	yrittävät
yrittää	yrittää
yrittää	yrittääkään
yrittää	yrittääkö
yrittää	yritä
yrittää	yritän
yrittää	yrität
yritys	yritykseen
yritys	yritykseksi
yritys	yrityksellä
yritys	yrityksen
yritys	yrityksessä
yritys	yritykset
yritys	yrityksiin
yritys	yrityksille
yritys	yrityksillä
yritys	yrityksiltä
yritys	yrityksissä
yritys	yrityksistä
yritys	yrityksiä
yritys	yritys
yritys	yritysten
yritys	yritystä
yritysauto	yritysautoissa
yritysidea	yritysideat
yritysjohtaja	yritysjohtaja
yritysjohtaja	yritysjohtajille
yrityskohtainen	yrityskohtaisiakin
yrityskulttuuri	yrityskulttuuri
yritysmaailma	yritysmaailmassa
yritysmaailma	yritysmaailmassakin
yritystodistus	yritystodistukset
yrjö	yrjö
yrjölä	yrjölä
yrtti	yrttejä
ysikuutonen	ysikuutoset
ysitie	ysitien
yskiä	yski
yskä	yskää
yskäistä	yskäissyt
yskänlääke	yskänlääkkeiden
ystävykset	ystävykset
ystävyys	ystävyydelle
ystävyys	ystävyydessä
ystävyys	ystävyydestä
ystävyys	ystävyys
ystävyysryhmä	ystävyysryhmä
ystävä	ystävien
ystävä	ystäviensä
ystävä	ystäville
ystävä	ystävilleen
ystävä	ystävillenne
ystävä	ystävillä
ystävä	ystäviä
ystävä	ystävä
ystävä	ystäväkseni
ystävä	ystäväksi
ystävä	ystävälle
ystävä	ystävälleni
ystävä	ystävälläni
ystävä	ystävältäni
ystävä	ystävän
ystävä	ystäväni
ystävä	ystävänsä
ystävä	ystävänsäkin
ystävä	ystävänä
ystävä	ystävänään
ystävä	ystäväs
ystävä	ystäväsikin
ystävä	ystävästä
ystävä	ystävät
ystävä	ystäväänsä
ystäväinen	ystäväiseni
ystävällinen	ystävällinen
ystävällinen	ystävällisen
ystävällinen	ystävälliset
ystävällinen	ystävällisiksi
ystävällinen	ystävällisine
ystävällisesti	ystävällisesti
ystäväpiiri	ystäväpiirin
ystävätär	ystävättäreni
ystävätär	ystävätär
yuliang	yuliang
yö	yätä
yö	yö
yö	yöhön
yö	yöks
yö	yöksi
yö	yökskään
yö	yöllä
yö	yölläkin
yö	yön
yö	yönsä
yö	yönä
yö	yössä
yö	yössäkin
yö	yöt
yö	yötä
yö	öin
yöhyt	yöhyen
yöjuna	yöjuna
yökahvila	yökahvilalle
yökausi	yökaudet
yökunta	yökunnissa
yömaja	yömaja
yömyöhään	yömyöhään
yönseutu	yönseutu
yönsininen	yönsinisestä
yöpakkanen	yöpakkasesta
yöpymispaikka	yöpymispaikka
yöpyä	yöpyi
yöpyä	yöpyvänsä
yöpyä	yöpyy
yöpyä	yöpyä
yöpyä	yövyttiin
yöradio	yöradiossa
yösafka	yösafkat
yötunti	yötunneille
yötön	yöttömän
yötön	yötöntä
yöuni	yöuni
yövuoro	yövuoroa
yövuoro	yövuoron
yöäly	yöälylle
zagreb	zagrebin
zaire	zaire
zavidovo	zavidovo
zelezny	zelezny
zemin	zeminin
zhirinovski-ilmiö	zhirinovski-ilmiötä
zilliacus	zilliacus
zimbabwelainen	zimbabwelaiset
zola	zola
zosima	zosima
åfelt	åfelt
ähkäistä	ähkäisi
ähtäri	ähtärin
äidillinen	äidillinen
äidinkieli	äidinkieleni
äidinkieli	äidinkielensä
äidinkieli	äidinkielestä
äidinmaa	äidinmaansa
äidinmaito	äidinmaito
äiditellä	äidittele
äijä	äijien
äijä	äijiä
äijä	äijä
äijä	äijät
äijä	äijää
äijä	äijään
äimälä	äimälän
äiskä	äiskän
äiti	äideiltä
äiti	äideistä
äiti	äidille
äiti	äidilleen
äiti	äidillekin
äiti	äidilleni
äiti	äidillesi
äiti	äidillä
äiti	äidilläkään
äiti	äidillään
äiti	äidiltä
äiti	äidiltäni
äiti	äidiltään
äiti	äidin
äiti	äidistä
äiti	äidit
äiti	äiti
äiti	äitien
äiti	äitiin
äiti	äitiinsä
äiti	äitikin
äiti	äitin
äiti	äitini
äiti	äitinsä
äiti	äitinsäkin
äiti	äitinä
äiti	äitisi
äiti	äitiä
äiti	äitiänsä
äiti	äitiään
äiti-päivi	äiti-päivin
äitiys	äitiyttä
äitiysloma	äitiysloman
äitiysraha	äitiysrahaa
äkillinen	äkillinen
äkillinen	äkilliseen
äkisti	äkisti
äkkipysähdys	äkkipysähdyksiä
äkkipysähdys	äkkipysähdys
äkkipäätään	äkkipäätään
äkkiseltään	äkkiseltään
äkkiä	äkkiä
äkkiä	äkkiäkös
äkäinen	äkäinen
äkätä	äkkäsin
ällikällä	ällikällä
ällistyä	ällistyneenä
ällöttää	ällöttävän
ällöttää	ällöttää
äly	äly
äly	älyn
älykkyys	älykkyydestä
älykkyysosamäärä	älykkyysosamäärä
älykortti	älykortteja
älykortti	älykortti
älykäs	älykäs
älyllinen	älyllinen
älyllinen	älyllisempiäkin
älyllinen	älyllisen
älymystö	älymystön
älyttömästi	älyttömästi
älytä	älytty
älytön	älyttömältä
älytön	älyttömän
älytön	älytön
älähtää	älähtää
ämmä	ämmä
ämmä	ämmät
ämmänkoski	ämmänkoski
ängetä	änkeää
ännäs	ännänteen
ärhäkkä	ärhäkkä
ärhäkäs	ärhäkäs
ärjyä	ärjyivät
ärräpää	ärräpäitä
ärräpää	ärräpäät
ärsyttävämmin	ärsyttävämmin
ärsyttää	ärsytetään
ärsyttää	ärsytin
ärsyttää	ärsytti
ärsyttää	ärsyttäisi
ärsyttää	ärsyttää
ärsyttää	ärsytätte
ärsyyntyä	ärsyynnytään
ärtsy	ärtsyä
ärtymys	ärtymykset
ärtymys	ärtymystä
ärtyneesti	ärtyneesti
ärtyä	ärtyi
ärtyä	ärtynyt
ärähtää	ärähti
äskeinen	äskeisen
äsken	äsken
äskettäin	äskettäin
äskettäinen	äskettäiseen
ässä	ässät
ässäarpa	ässäarvan
äyrinhinta	äyrinhinta
äyräs	äyräiden
ääh	ääh
ääneen	ääneen
äänekoski	äänekoskella
äänekoski	äänekosken
äänekoski	äänekoski
äänenmuodostuksellinen	äänenmuodostuksellisella
äänenmuodostus	äänenmuodostus
äänensävy	äänensävynsä
äänentallennus-	äänentallennus-
äänentallennuslaite	äänentallennuslaitteet
äänentoistolaite	äänentoistolaitteet
äänentoistolaite	äänentoistolaitteita
äänentoistolaitteisto	äänentoistolaitteisto
äänestys	äänestykseen
äänestys	äänestyksen
äänestys	äänestyksessä
äänestys	äänestys
äänestysaktiivisuus	äänestysaktiivisuudesta
äänestysalue	äänestysalueen
äänestyslippu	äänestyslippuaan
äänestyslippu	äänestyslipussa
äänestyspaikka	äänestyspaikka
äänestysprosentti	äänestysprosentti
äänestyttää	äänestyttivät
äänestäjä	äänestäjien
äänestäjä	äänestäjiä
äänestää	äänestivät
äänestää	äänestä
äänestää	äänestämällä
äänestää	äänestämättä
äänestää	äänestämään
äänestää	äänestänyt
äänestää	äänestäviä
äänestää	äänestävänsä
äänestää	äänestää
äänettömästi	äänettömästi
äänetön	äänetöntä
ääni	äänellä
ääni	äänen
ääni	äänensä
ääni	äänenä
ääni	äänessä
ääni	äänestä
ääni	äänet
ääni	ääni
ääni	äänikin
ääni	äänin
ääni	äänistä
ääni	ääniä
ääni	äänten
ääni	ääntä
ääni	ääntäkään
äänilevy	äänilevy
äänilevy	äänilevyä
äänimäärä	äänimäärällä
äänioikeutettu	äänioikeutettuja
äänirasia	äänirasian
äänite	äänitteinä
äänittää	äänittää
äänivalta	äänivaltaa
ääntämys	ääntämystään
ääntää	äännetään
ääntää	ääntää
ääreen	ääreen
äärelle	äärelle
äärellä	äärellä
ääressä	ääressä
ääretön	äärettömän
ääri-islamilainen	ääri-islamilaisten
ääriin	ääriin
äärimmäinen	äärimmäisen
ääriraja	äärirajoille
ääritapaus	ääritapauksia
ääritapaus	ääritapauksina
äärivasemmisto	äärivasemmisto
ääriviiva	ääriviivoin
ö	ö
öhh	öhh
öhman	öhman
öinen	öinen
öisin	öisin
öljy	öljyllä
öljy	öljyn
öljy	öljynsä
öljy	öljystä
öljy	öljyä
öljy-	öljy-
öljyemiraatti	öljyemiraateista
öljyinen	öljyinen
öljyinen	öljyistä
öljykenttä	öljykentille
öljykenttä	öljykentiltä
öljykriisi	öljykriisi
öljymäinen	öljymäisen
öljymäinen	öljymäistä
öljyntuotanto	öljyntuotannon
öljypitoinen	öljypitoinen
öljyputki	öljyputkea
öljytankkeri	öljytankkeri
öljytuote	öljytuotteiden
öljyäjä	öljyäjäksi
öllölä	öllölään
örinämies	örinämiesten
örähdellä	örähteli
öö	öö
